ISO-10303-21;
HEADER;
FILE_DESCRIPTION(('Open CASCADE Model'),'2;1');
FILE_NAME('Open CASCADE Shape Model','2026-10-03T13:28:52',('Author'),(
    'Open CASCADE'),'Open CASCADE STEP processor 7.8','Open CASCADE 7.8'
  ,'Unknown');
FILE_SCHEMA(('AUTOMOTIVE_DESIGN { 1 0 10303 214 1 1 1 1 }'));
ENDSEC;
DATA;
#1 = APPLICATION_PROTOCOL_DEFINITION('international standard',
  'automotive_design',2000,#2);
#2 = APPLICATION_CONTEXT(
  'core data for automotive mechanical design processes');
#3 = SHAPE_DEFINITION_REPRESENTATION(#4,#10);
#4 = PRODUCT_DEFINITION_SHAPE('','',#5);
#5 = PRODUCT_DEFINITION('design','',#6,#9);
#6 = PRODUCT_DEFINITION_FORMATION('','',#7);
#7 = PRODUCT('Open CASCADE STEP translator 7.8 1',
  'Open CASCADE STEP translator 7.8 1','',(#8));
#8 = PRODUCT_CONTEXT('',#2,'mechanical');
#9 = PRODUCT_DEFINITION_CONTEXT('part definition',#2,'design');
#10 = ADVANCED_BREP_SHAPE_REPRESENTATION('',(#11,#15),#15731);
#11 = AXIS2_PLACEMENT_3D('',#12,#13,#14);
#12 = CARTESIAN_POINT('',(0.,0.,0.));
#13 = DIRECTION('',(0.,0.,1.));
#14 = DIRECTION('',(1.,0.,-0.));
#15 = MANIFOLD_SOLID_BREP('',#16);
#16 = CLOSED_SHELL('',(#17,#348,#422,#522,#569,#783,#830,#930,#979,#1108
    ,#1309,#1344,#1776,#1823,#5556,#5581,#8996,#9031,#9058,#9085,#9133,
    #9158,#9183,#9242,#9301,#9351,#9398,#9532,#9539,#9586,#9717,#9764,
    #9910,#9935,#10012,#10037,#10096,#10155,#10214,#10241,#10268,#10295,
    #10322,#10349,#10396,#10423,#10523,#10550,#10622,#10669,#10696,
    #10743,#10770,#10797,#10824,#10851,#10878,#10905,#10932,#10959,
    #10986,#11013,#11040,#11067,#11094,#11121,#11148,#11175,#11202,
    #11229,#11256,#11283,#11310,#11337,#11364,#11391,#11418,#11445,
    #11472,#11499,#11526,#11553,#11580,#11607,#11634,#11661,#11688,
    #11715,#11742,#11769,#11796,#11823,#11850,#11877,#11904,#11931,
    #11958,#11985,#12012,#12039,#12066,#12093,#12120,#12147,#12154,
    #12209,#12264,#12291,#12346,#12393,#12420,#12447,#12474,#12501,
    #12528,#12555,#12582,#12609,#12636,#12663,#12690,#12717,#12744,
    #12771,#12798,#12825,#12852,#12879,#12906,#12933,#12960,#12987,
    #13014,#13041,#13068,#13095,#13122,#13149,#13176,#13203,#13230,
    #13257,#13284,#13311,#13338,#13365,#13392,#13419,#13446,#13473,
    #13500,#13527,#13554,#13581,#13608,#13635,#13662,#13689,#13716,
    #13743,#13770,#13797,#13804,#13859,#13887,#13942,#13997,#14052,
    #14107,#14162,#14217,#14267,#14294,#14349,#14399,#14454,#14509,
    #14564,#14619,#14669,#14719,#14746,#14776,#14783,#14897,#15007,
    #15032,#15062,#15087,#15117,#15147,#15154,#15161,#15191,#15221,
    #15251,#15281,#15311,#15345,#15400,#15427,#15454,#15481,#15508,
    #15535,#15562,#15589,#15616,#15643,#15697,#15724));
#17 = ADVANCED_FACE('',(#18),#32,.F.);
#18 = FACE_BOUND('',#19,.F.);
#19 = EDGE_LOOP('',(#20,#55,#83,#111,#144,#172,#200,#233,#261,#289,#322)
  );
#20 = ORIENTED_EDGE('',*,*,#21,.F.);
#21 = EDGE_CURVE('',#22,#24,#26,.T.);
#22 = VERTEX_POINT('',#23);
#23 = CARTESIAN_POINT('',(167.4,-53.625,0.));
#24 = VERTEX_POINT('',#25);
#25 = CARTESIAN_POINT('',(163.87985272676,-53.625,0.));
#26 = SURFACE_CURVE('',#27,(#31,#43),.PCURVE_S1.);
#27 = LINE('',#28,#29);
#28 = CARTESIAN_POINT('',(167.4,-53.625,0.));
#29 = VECTOR('',#30,1.);
#30 = DIRECTION('',(-1.,0.,0.));
#31 = PCURVE('',#32,#37);
#32 = PLANE('',#33);
#33 = AXIS2_PLACEMENT_3D('',#34,#35,#36);
#34 = CARTESIAN_POINT('',(1.,0.,0.));
#35 = DIRECTION('',(0.,0.,1.));
#36 = DIRECTION('',(1.,0.,-0.));
#37 = DEFINITIONAL_REPRESENTATION('',(#38),#42);
#38 = LINE('',#39,#40);
#39 = CARTESIAN_POINT('',(166.4,-53.625));
#40 = VECTOR('',#41,1.);
#41 = DIRECTION('',(-1.,0.));
#42 = ( GEOMETRIC_REPRESENTATION_CONTEXT(2) 
PARAMETRIC_REPRESENTATION_CONTEXT() REPRESENTATION_CONTEXT('2D SPACE',''
  ) );
#43 = PCURVE('',#44,#49);
#44 = PLANE('',#45);
#45 = AXIS2_PLACEMENT_3D('',#46,#47,#48);
#46 = CARTESIAN_POINT('',(167.4,-53.625,-1.));
#47 = DIRECTION('',(0.,-1.,0.));
#48 = DIRECTION('',(-1.,0.,0.));
#49 = DEFINITIONAL_REPRESENTATION('',(#50),#54);
#50 = LINE('',#51,#52);
#51 = CARTESIAN_POINT('',(0.,-1.));
#52 = VECTOR('',#53,1.);
#53 = DIRECTION('',(1.,0.));
#54 = ( GEOMETRIC_REPRESENTATION_CONTEXT(2) 
PARAMETRIC_REPRESENTATION_CONTEXT() REPRESENTATION_CONTEXT('2D SPACE',''
  ) );
#55 = ORIENTED_EDGE('',*,*,#56,.T.);
#56 = EDGE_CURVE('',#22,#57,#59,.T.);
#57 = VERTEX_POINT('',#58);
#58 = CARTESIAN_POINT('',(167.4,53.625,0.));
#59 = SURFACE_CURVE('',#60,(#64,#71),.PCURVE_S1.);
#60 = LINE('',#61,#62);
#61 = CARTESIAN_POINT('',(167.4,-60.5,0.));
#62 = VECTOR('',#63,1.);
#63 = DIRECTION('',(0.,1.,0.));
#64 = PCURVE('',#32,#65);
#65 = DEFINITIONAL_REPRESENTATION('',(#66),#70);
#66 = LINE('',#67,#68);
#67 = CARTESIAN_POINT('',(166.4,-60.5));
#68 = VECTOR('',#69,1.);
#69 = DIRECTION('',(0.,1.));
#70 = ( GEOMETRIC_REPRESENTATION_CONTEXT(2) 
PARAMETRIC_REPRESENTATION_CONTEXT() REPRESENTATION_CONTEXT('2D SPACE',''
  ) );
#71 = PCURVE('',#72,#77);
#72 = PLANE('',#73);
#73 = AXIS2_PLACEMENT_3D('',#74,#75,#76);
#74 = CARTESIAN_POINT('',(167.4,-60.5,0.));
#75 = DIRECTION('',(-1.,0.,0.));
#76 = DIRECTION('',(0.,1.,0.));
#77 = DEFINITIONAL_REPRESENTATION('',(#78),#82);
#78 = LINE('',#79,#80);
#79 = CARTESIAN_POINT('',(0.,0.));
#80 = VECTOR('',#81,1.);
#81 = DIRECTION('',(1.,0.));
#82 = ( GEOMETRIC_REPRESENTATION_CONTEXT(2) 
PARAMETRIC_REPRESENTATION_CONTEXT() REPRESENTATION_CONTEXT('2D SPACE',''
  ) );
#83 = ORIENTED_EDGE('',*,*,#84,.F.);
#84 = EDGE_CURVE('',#85,#57,#87,.T.);
#85 = VERTEX_POINT('',#86);
#86 = CARTESIAN_POINT('',(163.35539760438,53.625,0.));
#87 = SURFACE_CURVE('',#88,(#92,#99),.PCURVE_S1.);
#88 = LINE('',#89,#90);
#89 = CARTESIAN_POINT('',(-165.4,53.625,0.));
#90 = VECTOR('',#91,1.);
#91 = DIRECTION('',(1.,0.,0.));
#92 = PCURVE('',#32,#93);
#93 = DEFINITIONAL_REPRESENTATION('',(#94),#98);
#94 = LINE('',#95,#96);
#95 = CARTESIAN_POINT('',(-166.4,53.625));
#96 = VECTOR('',#97,1.);
#97 = DIRECTION('',(1.,0.));
#98 = ( GEOMETRIC_REPRESENTATION_CONTEXT(2) 
PARAMETRIC_REPRESENTATION_CONTEXT() REPRESENTATION_CONTEXT('2D SPACE',''
  ) );
#99 = PCURVE('',#100,#105);
#100 = PLANE('',#101);
#101 = AXIS2_PLACEMENT_3D('',#102,#103,#104);
#102 = CARTESIAN_POINT('',(-165.4,53.625,-1.));
#103 = DIRECTION('',(0.,1.,0.));
#104 = DIRECTION('',(1.,0.,0.));
#105 = DEFINITIONAL_REPRESENTATION('',(#106),#110);
#106 = LINE('',#107,#108);
#107 = CARTESIAN_POINT('',(0.,-1.));
#108 = VECTOR('',#109,1.);
#109 = DIRECTION('',(1.,0.));
#110 = ( GEOMETRIC_REPRESENTATION_CONTEXT(2) 
PARAMETRIC_REPRESENTATION_CONTEXT() REPRESENTATION_CONTEXT('2D SPACE',''
  ) );
#111 = ORIENTED_EDGE('',*,*,#112,.T.);
#112 = EDGE_CURVE('',#85,#113,#115,.T.);
#113 = VERTEX_POINT('',#114);
#114 = CARTESIAN_POINT('',(163.9,51.75,0.));
#115 = SURFACE_CURVE('',#116,(#121,#132),.PCURVE_S1.);
#116 = CIRCLE('',#117,3.5);
#117 = AXIS2_PLACEMENT_3D('',#118,#119,#120);
#118 = CARTESIAN_POINT('',(160.4,51.75,0.));
#119 = DIRECTION('',(0.,0.,-1.));
#120 = DIRECTION('',(1.,0.,0.));
#121 = PCURVE('',#32,#122);
#122 = DEFINITIONAL_REPRESENTATION('',(#123),#131);
#123 = ( BOUNDED_CURVE() B_SPLINE_CURVE(2,(#124,#125,#126,#127,#128,#129
,#130),.UNSPECIFIED.,.T.,.F.) B_SPLINE_CURVE_WITH_KNOTS((1,2,2,2,2,1),(
    -2.094395102393,0.,2.094395102393,4.188790204786,6.28318530718,
8.377580409573),.UNSPECIFIED.) CURVE() GEOMETRIC_REPRESENTATION_ITEM() 
RATIONAL_B_SPLINE_CURVE((1.,0.5,1.,0.5,1.,0.5,1.)) REPRESENTATION_ITEM(
  '') );
#124 = CARTESIAN_POINT('',(162.9,51.75));
#125 = CARTESIAN_POINT('',(162.9,45.687822173509));
#126 = CARTESIAN_POINT('',(157.65,48.718911086754));
#127 = CARTESIAN_POINT('',(152.4,51.75));
#128 = CARTESIAN_POINT('',(157.65,54.781088913246));
#129 = CARTESIAN_POINT('',(162.9,57.812177826491));
#130 = CARTESIAN_POINT('',(162.9,51.75));
#131 = ( GEOMETRIC_REPRESENTATION_CONTEXT(2) 
PARAMETRIC_REPRESENTATION_CONTEXT() REPRESENTATION_CONTEXT('2D SPACE',''
  ) );
#132 = PCURVE('',#133,#138);
#133 = CYLINDRICAL_SURFACE('',#134,3.5);
#134 = AXIS2_PLACEMENT_3D('',#135,#136,#137);
#135 = CARTESIAN_POINT('',(160.4,51.75,-1.));
#136 = DIRECTION('',(-0.,-0.,-1.));
#137 = DIRECTION('',(1.,0.,0.));
#138 = DEFINITIONAL_REPRESENTATION('',(#139),#143);
#139 = LINE('',#140,#141);
#140 = CARTESIAN_POINT('',(-6.28318530718,-1.));
#141 = VECTOR('',#142,1.);
#142 = DIRECTION('',(1.,-0.));
#143 = ( GEOMETRIC_REPRESENTATION_CONTEXT(2) 
PARAMETRIC_REPRESENTATION_CONTEXT() REPRESENTATION_CONTEXT('2D SPACE',''
  ) );
#144 = ORIENTED_EDGE('',*,*,#145,.T.);
#145 = EDGE_CURVE('',#113,#146,#148,.T.);
#146 = VERTEX_POINT('',#147);
#147 = CARTESIAN_POINT('',(157.44460239561,53.625,0.));
#148 = SURFACE_CURVE('',#149,(#154,#165),.PCURVE_S1.);
#149 = CIRCLE('',#150,3.5);
#150 = AXIS2_PLACEMENT_3D('',#151,#152,#153);
#151 = CARTESIAN_POINT('',(160.4,51.75,0.));
#152 = DIRECTION('',(0.,0.,-1.));
#153 = DIRECTION('',(1.,0.,0.));
#154 = PCURVE('',#32,#155);
#155 = DEFINITIONAL_REPRESENTATION('',(#156),#164);
#156 = ( BOUNDED_CURVE() B_SPLINE_CURVE(2,(#157,#158,#159,#160,#161,#162
,#163),.UNSPECIFIED.,.T.,.F.) B_SPLINE_CURVE_WITH_KNOTS((1,2,2,2,2,1),(
    -2.094395102393,0.,2.094395102393,4.188790204786,6.28318530718,
8.377580409573),.UNSPECIFIED.) CURVE() GEOMETRIC_REPRESENTATION_ITEM() 
RATIONAL_B_SPLINE_CURVE((1.,0.5,1.,0.5,1.,0.5,1.)) REPRESENTATION_ITEM(
  '') );
#157 = CARTESIAN_POINT('',(162.9,51.75));
#158 = CARTESIAN_POINT('',(162.9,45.687822173509));
#159 = CARTESIAN_POINT('',(157.65,48.718911086754));
#160 = CARTESIAN_POINT('',(152.4,51.75));
#161 = CARTESIAN_POINT('',(157.65,54.781088913246));
#162 = CARTESIAN_POINT('',(162.9,57.812177826491));
#163 = CARTESIAN_POINT('',(162.9,51.75));
#164 = ( GEOMETRIC_REPRESENTATION_CONTEXT(2) 
PARAMETRIC_REPRESENTATION_CONTEXT() REPRESENTATION_CONTEXT('2D SPACE',''
  ) );
#165 = PCURVE('',#133,#166);
#166 = DEFINITIONAL_REPRESENTATION('',(#167),#171);
#167 = LINE('',#168,#169);
#168 = CARTESIAN_POINT('',(-6.28318530718,-1.));
#169 = VECTOR('',#170,1.);
#170 = DIRECTION('',(1.,-0.));
#171 = ( GEOMETRIC_REPRESENTATION_CONTEXT(2) 
PARAMETRIC_REPRESENTATION_CONTEXT() REPRESENTATION_CONTEXT('2D SPACE',''
  ) );
#172 = ORIENTED_EDGE('',*,*,#173,.F.);
#173 = EDGE_CURVE('',#174,#146,#176,.T.);
#174 = VERTEX_POINT('',#175);
#175 = CARTESIAN_POINT('',(128.08314581525,53.625,0.));
#176 = SURFACE_CURVE('',#177,(#181,#188),.PCURVE_S1.);
#177 = LINE('',#178,#179);
#178 = CARTESIAN_POINT('',(-165.4,53.625,0.));
#179 = VECTOR('',#180,1.);
#180 = DIRECTION('',(1.,0.,0.));
#181 = PCURVE('',#32,#182);
#182 = DEFINITIONAL_REPRESENTATION('',(#183),#187);
#183 = LINE('',#184,#185);
#184 = CARTESIAN_POINT('',(-166.4,53.625));
#185 = VECTOR('',#186,1.);
#186 = DIRECTION('',(1.,0.));
#187 = ( GEOMETRIC_REPRESENTATION_CONTEXT(2) 
PARAMETRIC_REPRESENTATION_CONTEXT() REPRESENTATION_CONTEXT('2D SPACE',''
  ) );
#188 = PCURVE('',#189,#194);
#189 = PLANE('',#190);
#190 = AXIS2_PLACEMENT_3D('',#191,#192,#193);
#191 = CARTESIAN_POINT('',(-165.4,53.625,-1.));
#192 = DIRECTION('',(0.,1.,0.));
#193 = DIRECTION('',(1.,0.,0.));
#194 = DEFINITIONAL_REPRESENTATION('',(#195),#199);
#195 = LINE('',#196,#197);
#196 = CARTESIAN_POINT('',(0.,-1.));
#197 = VECTOR('',#198,1.);
#198 = DIRECTION('',(1.,0.));
#199 = ( GEOMETRIC_REPRESENTATION_CONTEXT(2) 
PARAMETRIC_REPRESENTATION_CONTEXT() REPRESENTATION_CONTEXT('2D SPACE',''
  ) );
#200 = ORIENTED_EDGE('',*,*,#201,.T.);
#201 = EDGE_CURVE('',#174,#202,#204,.T.);
#202 = VERTEX_POINT('',#203);
#203 = CARTESIAN_POINT('',(165.9,-0.75,0.));
#204 = SURFACE_CURVE('',#205,(#210,#221),.PCURVE_S1.);
#205 = CIRCLE('',#206,58.);
#206 = AXIS2_PLACEMENT_3D('',#207,#208,#209);
#207 = CARTESIAN_POINT('',(107.9,-0.75,0.));
#208 = DIRECTION('',(0.,0.,-1.));
#209 = DIRECTION('',(1.,0.,0.));
#210 = PCURVE('',#32,#211);
#211 = DEFINITIONAL_REPRESENTATION('',(#212),#220);
#212 = ( BOUNDED_CURVE() B_SPLINE_CURVE(2,(#213,#214,#215,#216,#217,#218
,#219),.UNSPECIFIED.,.T.,.F.) B_SPLINE_CURVE_WITH_KNOTS((1,2,2,2,2,1),(
    -2.094395102393,0.,2.094395102393,4.188790204786,6.28318530718,
8.377580409573),.UNSPECIFIED.) CURVE() GEOMETRIC_REPRESENTATION_ITEM() 
RATIONAL_B_SPLINE_CURVE((1.,0.5,1.,0.5,1.,0.5,1.)) REPRESENTATION_ITEM(
  '') );
#213 = CARTESIAN_POINT('',(164.9,-0.75));
#214 = CARTESIAN_POINT('',(164.9,-101.2089468389));
#215 = CARTESIAN_POINT('',(77.9,-50.97947341949));
#216 = CARTESIAN_POINT('',(-9.1,-0.75));
#217 = CARTESIAN_POINT('',(77.9,49.479473419497));
#218 = CARTESIAN_POINT('',(164.9,99.708946838995));
#219 = CARTESIAN_POINT('',(164.9,-0.75));
#220 = ( GEOMETRIC_REPRESENTATION_CONTEXT(2) 
PARAMETRIC_REPRESENTATION_CONTEXT() REPRESENTATION_CONTEXT('2D SPACE',''
  ) );
#221 = PCURVE('',#222,#227);
#222 = CYLINDRICAL_SURFACE('',#223,58.);
#223 = AXIS2_PLACEMENT_3D('',#224,#225,#226);
#224 = CARTESIAN_POINT('',(107.9,-0.75,-1.));
#225 = DIRECTION('',(-0.,-0.,-1.));
#226 = DIRECTION('',(1.,0.,0.));
#227 = DEFINITIONAL_REPRESENTATION('',(#228),#232);
#228 = LINE('',#229,#230);
#229 = CARTESIAN_POINT('',(-6.28318530718,-1.));
#230 = VECTOR('',#231,1.);
#231 = DIRECTION('',(1.,-0.));
#232 = ( GEOMETRIC_REPRESENTATION_CONTEXT(2) 
PARAMETRIC_REPRESENTATION_CONTEXT() REPRESENTATION_CONTEXT('2D SPACE',''
  ) );
#233 = ORIENTED_EDGE('',*,*,#234,.T.);
#234 = EDGE_CURVE('',#202,#235,#237,.T.);
#235 = VERTEX_POINT('',#236);
#236 = CARTESIAN_POINT('',(131.73766714676,-53.625,0.));
#237 = SURFACE_CURVE('',#238,(#243,#254),.PCURVE_S1.);
#238 = CIRCLE('',#239,58.);
#239 = AXIS2_PLACEMENT_3D('',#240,#241,#242);
#240 = CARTESIAN_POINT('',(107.9,-0.75,0.));
#241 = DIRECTION('',(0.,0.,-1.));
#242 = DIRECTION('',(1.,0.,0.));
#243 = PCURVE('',#32,#244);
#244 = DEFINITIONAL_REPRESENTATION('',(#245),#253);
#245 = ( BOUNDED_CURVE() B_SPLINE_CURVE(2,(#246,#247,#248,#249,#250,#251
,#252),.UNSPECIFIED.,.T.,.F.) B_SPLINE_CURVE_WITH_KNOTS((1,2,2,2,2,1),(
    -2.094395102393,0.,2.094395102393,4.188790204786,6.28318530718,
8.377580409573),.UNSPECIFIED.) CURVE() GEOMETRIC_REPRESENTATION_ITEM() 
RATIONAL_B_SPLINE_CURVE((1.,0.5,1.,0.5,1.,0.5,1.)) REPRESENTATION_ITEM(
  '') );
#246 = CARTESIAN_POINT('',(164.9,-0.75));
#247 = CARTESIAN_POINT('',(164.9,-101.2089468389));
#248 = CARTESIAN_POINT('',(77.9,-50.97947341949));
#249 = CARTESIAN_POINT('',(-9.1,-0.75));
#250 = CARTESIAN_POINT('',(77.9,49.479473419497));
#251 = CARTESIAN_POINT('',(164.9,99.708946838995));
#252 = CARTESIAN_POINT('',(164.9,-0.75));
#253 = ( GEOMETRIC_REPRESENTATION_CONTEXT(2) 
PARAMETRIC_REPRESENTATION_CONTEXT() REPRESENTATION_CONTEXT('2D SPACE',''
  ) );
#254 = PCURVE('',#222,#255);
#255 = DEFINITIONAL_REPRESENTATION('',(#256),#260);
#256 = LINE('',#257,#258);
#257 = CARTESIAN_POINT('',(-6.28318530718,-1.));
#258 = VECTOR('',#259,1.);
#259 = DIRECTION('',(1.,-0.));
#260 = ( GEOMETRIC_REPRESENTATION_CONTEXT(2) 
PARAMETRIC_REPRESENTATION_CONTEXT() REPRESENTATION_CONTEXT('2D SPACE',''
  ) );
#261 = ORIENTED_EDGE('',*,*,#262,.F.);
#262 = EDGE_CURVE('',#263,#235,#265,.T.);
#263 = VERTEX_POINT('',#264);
#264 = CARTESIAN_POINT('',(156.92014727323,-53.625,0.));
#265 = SURFACE_CURVE('',#266,(#270,#277),.PCURVE_S1.);
#266 = LINE('',#267,#268);
#267 = CARTESIAN_POINT('',(167.4,-53.625,0.));
#268 = VECTOR('',#269,1.);
#269 = DIRECTION('',(-1.,0.,0.));
#270 = PCURVE('',#32,#271);
#271 = DEFINITIONAL_REPRESENTATION('',(#272),#276);
#272 = LINE('',#273,#274);
#273 = CARTESIAN_POINT('',(166.4,-53.625));
#274 = VECTOR('',#275,1.);
#275 = DIRECTION('',(-1.,0.));
#276 = ( GEOMETRIC_REPRESENTATION_CONTEXT(2) 
PARAMETRIC_REPRESENTATION_CONTEXT() REPRESENTATION_CONTEXT('2D SPACE',''
  ) );
#277 = PCURVE('',#278,#283);
#278 = PLANE('',#279);
#279 = AXIS2_PLACEMENT_3D('',#280,#281,#282);
#280 = CARTESIAN_POINT('',(167.4,-53.625,-1.));
#281 = DIRECTION('',(0.,-1.,0.));
#282 = DIRECTION('',(-1.,0.,0.));
#283 = DEFINITIONAL_REPRESENTATION('',(#284),#288);
#284 = LINE('',#285,#286);
#285 = CARTESIAN_POINT('',(0.,-1.));
#286 = VECTOR('',#287,1.);
#287 = DIRECTION('',(1.,0.));
#288 = ( GEOMETRIC_REPRESENTATION_CONTEXT(2) 
PARAMETRIC_REPRESENTATION_CONTEXT() REPRESENTATION_CONTEXT('2D SPACE',''
  ) );
#289 = ORIENTED_EDGE('',*,*,#290,.T.);
#290 = EDGE_CURVE('',#263,#291,#293,.T.);
#291 = VERTEX_POINT('',#292);
#292 = CARTESIAN_POINT('',(163.9,-53.25,0.));
#293 = SURFACE_CURVE('',#294,(#299,#310),.PCURVE_S1.);
#294 = CIRCLE('',#295,3.5);
#295 = AXIS2_PLACEMENT_3D('',#296,#297,#298);
#296 = CARTESIAN_POINT('',(160.4,-53.25,0.));
#297 = DIRECTION('',(0.,0.,-1.));
#298 = DIRECTION('',(1.,0.,0.));
#299 = PCURVE('',#32,#300);
#300 = DEFINITIONAL_REPRESENTATION('',(#301),#309);
#301 = ( BOUNDED_CURVE() B_SPLINE_CURVE(2,(#302,#303,#304,#305,#306,#307
,#308),.UNSPECIFIED.,.T.,.F.) B_SPLINE_CURVE_WITH_KNOTS((1,2,2,2,2,1),(
    -2.094395102393,0.,2.094395102393,4.188790204786,6.28318530718,
8.377580409573),.UNSPECIFIED.) CURVE() GEOMETRIC_REPRESENTATION_ITEM() 
RATIONAL_B_SPLINE_CURVE((1.,0.5,1.,0.5,1.,0.5,1.)) REPRESENTATION_ITEM(
  '') );
#302 = CARTESIAN_POINT('',(162.9,-53.25));
#303 = CARTESIAN_POINT('',(162.9,-59.31217782649));
#304 = CARTESIAN_POINT('',(157.65,-56.28108891324));
#305 = CARTESIAN_POINT('',(152.4,-53.25));
#306 = CARTESIAN_POINT('',(157.65,-50.21891108675));
#307 = CARTESIAN_POINT('',(162.9,-47.1878221735));
#308 = CARTESIAN_POINT('',(162.9,-53.25));
#309 = ( GEOMETRIC_REPRESENTATION_CONTEXT(2) 
PARAMETRIC_REPRESENTATION_CONTEXT() REPRESENTATION_CONTEXT('2D SPACE',''
  ) );
#310 = PCURVE('',#311,#316);
#311 = CYLINDRICAL_SURFACE('',#312,3.5);
#312 = AXIS2_PLACEMENT_3D('',#313,#314,#315);
#313 = CARTESIAN_POINT('',(160.4,-53.25,-1.));
#314 = DIRECTION('',(-0.,-0.,-1.));
#315 = DIRECTION('',(1.,0.,0.));
#316 = DEFINITIONAL_REPRESENTATION('',(#317),#321);
#317 = LINE('',#318,#319);
#318 = CARTESIAN_POINT('',(-6.28318530718,-1.));
#319 = VECTOR('',#320,1.);
#320 = DIRECTION('',(1.,-0.));
#321 = ( GEOMETRIC_REPRESENTATION_CONTEXT(2) 
PARAMETRIC_REPRESENTATION_CONTEXT() REPRESENTATION_CONTEXT('2D SPACE',''
  ) );
#322 = ORIENTED_EDGE('',*,*,#323,.T.);
#323 = EDGE_CURVE('',#291,#24,#324,.T.);
#324 = SURFACE_CURVE('',#325,(#330,#341),.PCURVE_S1.);
#325 = CIRCLE('',#326,3.5);
#326 = AXIS2_PLACEMENT_3D('',#327,#328,#329);
#327 = CARTESIAN_POINT('',(160.4,-53.25,0.));
#328 = DIRECTION('',(0.,0.,-1.));
#329 = DIRECTION('',(1.,0.,0.));
#330 = PCURVE('',#32,#331);
#331 = DEFINITIONAL_REPRESENTATION('',(#332),#340);
#332 = ( BOUNDED_CURVE() B_SPLINE_CURVE(2,(#333,#334,#335,#336,#337,#338
,#339),.UNSPECIFIED.,.T.,.F.) B_SPLINE_CURVE_WITH_KNOTS((1,2,2,2,2,1),(
    -2.094395102393,0.,2.094395102393,4.188790204786,6.28318530718,
8.377580409573),.UNSPECIFIED.) CURVE() GEOMETRIC_REPRESENTATION_ITEM() 
RATIONAL_B_SPLINE_CURVE((1.,0.5,1.,0.5,1.,0.5,1.)) REPRESENTATION_ITEM(
  '') );
#333 = CARTESIAN_POINT('',(162.9,-53.25));
#334 = CARTESIAN_POINT('',(162.9,-59.31217782649));
#335 = CARTESIAN_POINT('',(157.65,-56.28108891324));
#336 = CARTESIAN_POINT('',(152.4,-53.25));
#337 = CARTESIAN_POINT('',(157.65,-50.21891108675));
#338 = CARTESIAN_POINT('',(162.9,-47.1878221735));
#339 = CARTESIAN_POINT('',(162.9,-53.25));
#340 = ( GEOMETRIC_REPRESENTATION_CONTEXT(2) 
PARAMETRIC_REPRESENTATION_CONTEXT() REPRESENTATION_CONTEXT('2D SPACE',''
  ) );
#341 = PCURVE('',#311,#342);
#342 = DEFINITIONAL_REPRESENTATION('',(#343),#347);
#343 = LINE('',#344,#345);
#344 = CARTESIAN_POINT('',(-6.28318530718,-1.));
#345 = VECTOR('',#346,1.);
#346 = DIRECTION('',(1.,-0.));
#347 = ( GEOMETRIC_REPRESENTATION_CONTEXT(2) 
PARAMETRIC_REPRESENTATION_CONTEXT() REPRESENTATION_CONTEXT('2D SPACE',''
  ) );
#348 = ADVANCED_FACE('',(#349),#44,.F.);
#349 = FACE_BOUND('',#350,.F.);
#350 = EDGE_LOOP('',(#351,#381,#402,#403));
#351 = ORIENTED_EDGE('',*,*,#352,.F.);
#352 = EDGE_CURVE('',#353,#355,#357,.T.);
#353 = VERTEX_POINT('',#354);
#354 = CARTESIAN_POINT('',(167.4,-53.625,-1.));
#355 = VERTEX_POINT('',#356);
#356 = CARTESIAN_POINT('',(163.87985272676,-53.625,-1.));
#357 = SURFACE_CURVE('',#358,(#362,#369),.PCURVE_S1.);
#358 = LINE('',#359,#360);
#359 = CARTESIAN_POINT('',(167.4,-53.625,-1.));
#360 = VECTOR('',#361,1.);
#361 = DIRECTION('',(-1.,0.,0.));
#362 = PCURVE('',#44,#363);
#363 = DEFINITIONAL_REPRESENTATION('',(#364),#368);
#364 = LINE('',#365,#366);
#365 = CARTESIAN_POINT('',(0.,-0.));
#366 = VECTOR('',#367,1.);
#367 = DIRECTION('',(1.,0.));
#368 = ( GEOMETRIC_REPRESENTATION_CONTEXT(2) 
PARAMETRIC_REPRESENTATION_CONTEXT() REPRESENTATION_CONTEXT('2D SPACE',''
  ) );
#369 = PCURVE('',#370,#375);
#370 = PLANE('',#371);
#371 = AXIS2_PLACEMENT_3D('',#372,#373,#374);
#372 = CARTESIAN_POINT('',(1.,-57.0625,-1.));
#373 = DIRECTION('',(0.,0.,1.));
#374 = DIRECTION('',(1.,0.,-0.));
#375 = DEFINITIONAL_REPRESENTATION('',(#376),#380);
#376 = LINE('',#377,#378);
#377 = CARTESIAN_POINT('',(166.4,3.4375));
#378 = VECTOR('',#379,1.);
#379 = DIRECTION('',(-1.,0.));
#380 = ( GEOMETRIC_REPRESENTATION_CONTEXT(2) 
PARAMETRIC_REPRESENTATION_CONTEXT() REPRESENTATION_CONTEXT('2D SPACE',''
  ) );
#381 = ORIENTED_EDGE('',*,*,#382,.T.);
#382 = EDGE_CURVE('',#353,#22,#383,.T.);
#383 = SURFACE_CURVE('',#384,(#388,#395),.PCURVE_S1.);
#384 = LINE('',#385,#386);
#385 = CARTESIAN_POINT('',(167.4,-53.625,-1.));
#386 = VECTOR('',#387,1.);
#387 = DIRECTION('',(0.,0.,1.));
#388 = PCURVE('',#44,#389);
#389 = DEFINITIONAL_REPRESENTATION('',(#390),#394);
#390 = LINE('',#391,#392);
#391 = CARTESIAN_POINT('',(0.,-0.));
#392 = VECTOR('',#393,1.);
#393 = DIRECTION('',(0.,-1.));
#394 = ( GEOMETRIC_REPRESENTATION_CONTEXT(2) 
PARAMETRIC_REPRESENTATION_CONTEXT() REPRESENTATION_CONTEXT('2D SPACE',''
  ) );
#395 = PCURVE('',#72,#396);
#396 = DEFINITIONAL_REPRESENTATION('',(#397),#401);
#397 = LINE('',#398,#399);
#398 = CARTESIAN_POINT('',(6.875,1.));
#399 = VECTOR('',#400,1.);
#400 = DIRECTION('',(0.,-1.));
#401 = ( GEOMETRIC_REPRESENTATION_CONTEXT(2) 
PARAMETRIC_REPRESENTATION_CONTEXT() REPRESENTATION_CONTEXT('2D SPACE',''
  ) );
#402 = ORIENTED_EDGE('',*,*,#21,.T.);
#403 = ORIENTED_EDGE('',*,*,#404,.T.);
#404 = EDGE_CURVE('',#24,#355,#405,.T.);
#405 = SURFACE_CURVE('',#406,(#410,#416),.PCURVE_S1.);
#406 = LINE('',#407,#408);
#407 = CARTESIAN_POINT('',(163.87985272676,-53.625,-1.));
#408 = VECTOR('',#409,1.);
#409 = DIRECTION('',(-0.,-0.,-1.));
#410 = PCURVE('',#44,#411);
#411 = DEFINITIONAL_REPRESENTATION('',(#412),#415);
#412 = B_SPLINE_CURVE_WITH_KNOTS('',1,(#413,#414),.UNSPECIFIED.,.F.,.F.,
  (2,2),(-1.1,5.999999999062E-07),.PIECEWISE_BEZIER_KNOTS.);
#413 = CARTESIAN_POINT('',(3.520147273231,-1.1));
#414 = CARTESIAN_POINT('',(3.520147273231,5.999999999062E-07));
#415 = ( GEOMETRIC_REPRESENTATION_CONTEXT(2) 
PARAMETRIC_REPRESENTATION_CONTEXT() REPRESENTATION_CONTEXT('2D SPACE',''
  ) );
#416 = PCURVE('',#311,#417);
#417 = DEFINITIONAL_REPRESENTATION('',(#418),#421);
#418 = B_SPLINE_CURVE_WITH_KNOTS('',1,(#419,#420),.UNSPECIFIED.,.F.,.F.,
  (2,2),(-1.1,5.999999999062E-07),.PIECEWISE_BEZIER_KNOTS.);
#419 = CARTESIAN_POINT('',(-6.175836391078,-1.1));
#420 = CARTESIAN_POINT('',(-6.175836391078,5.999999999062E-07));
#421 = ( GEOMETRIC_REPRESENTATION_CONTEXT(2) 
PARAMETRIC_REPRESENTATION_CONTEXT() REPRESENTATION_CONTEXT('2D SPACE',''
  ) );
#422 = ADVANCED_FACE('',(#423),#311,.F.);
#423 = FACE_BOUND('',#424,.T.);
#424 = EDGE_LOOP('',(#425,#426,#449,#476,#477,#478,#479,#503));
#425 = ORIENTED_EDGE('',*,*,#290,.T.);
#426 = ORIENTED_EDGE('',*,*,#427,.T.);
#427 = EDGE_CURVE('',#291,#428,#430,.T.);
#428 = VERTEX_POINT('',#429);
#429 = CARTESIAN_POINT('',(163.9,-53.25,1.));
#430 = SEAM_CURVE('',#431,(#435,#442),.PCURVE_S1.);
#431 = LINE('',#432,#433);
#432 = CARTESIAN_POINT('',(163.9,-53.25,-1.));
#433 = VECTOR('',#434,1.);
#434 = DIRECTION('',(0.,0.,1.));
#435 = PCURVE('',#311,#436);
#436 = DEFINITIONAL_REPRESENTATION('',(#437),#441);
#437 = LINE('',#438,#439);
#438 = CARTESIAN_POINT('',(-6.28318530718,0.));
#439 = VECTOR('',#440,1.);
#440 = DIRECTION('',(-0.,-1.));
#441 = ( GEOMETRIC_REPRESENTATION_CONTEXT(2) 
PARAMETRIC_REPRESENTATION_CONTEXT() REPRESENTATION_CONTEXT('2D SPACE',''
  ) );
#442 = PCURVE('',#311,#443);
#443 = DEFINITIONAL_REPRESENTATION('',(#444),#448);
#444 = LINE('',#445,#446);
#445 = CARTESIAN_POINT('',(-0.,0.));
#446 = VECTOR('',#447,1.);
#447 = DIRECTION('',(-0.,-1.));
#448 = ( GEOMETRIC_REPRESENTATION_CONTEXT(2) 
PARAMETRIC_REPRESENTATION_CONTEXT() REPRESENTATION_CONTEXT('2D SPACE',''
  ) );
#449 = ORIENTED_EDGE('',*,*,#450,.T.);
#450 = EDGE_CURVE('',#428,#428,#451,.T.);
#451 = SURFACE_CURVE('',#452,(#457,#464),.PCURVE_S1.);
#452 = CIRCLE('',#453,3.5);
#453 = AXIS2_PLACEMENT_3D('',#454,#455,#456);
#454 = CARTESIAN_POINT('',(160.4,-53.25,1.));
#455 = DIRECTION('',(0.,0.,1.));
#456 = DIRECTION('',(1.,0.,0.));
#457 = PCURVE('',#311,#458);
#458 = DEFINITIONAL_REPRESENTATION('',(#459),#463);
#459 = LINE('',#460,#461);
#460 = CARTESIAN_POINT('',(-0.,-2.));
#461 = VECTOR('',#462,1.);
#462 = DIRECTION('',(-1.,0.));
#463 = ( GEOMETRIC_REPRESENTATION_CONTEXT(2) 
PARAMETRIC_REPRESENTATION_CONTEXT() REPRESENTATION_CONTEXT('2D SPACE',''
  ) );
#464 = PCURVE('',#465,#470);
#465 = PLANE('',#466);
#466 = AXIS2_PLACEMENT_3D('',#467,#468,#469);
#467 = CARTESIAN_POINT('',(160.4,-53.25,1.));
#468 = DIRECTION('',(0.,0.,1.));
#469 = DIRECTION('',(1.,0.,-0.));
#470 = DEFINITIONAL_REPRESENTATION('',(#471),#475);
#471 = CIRCLE('',#472,3.5);
#472 = AXIS2_PLACEMENT_2D('',#473,#474);
#473 = CARTESIAN_POINT('',(0.,0.));
#474 = DIRECTION('',(1.,0.));
#475 = ( GEOMETRIC_REPRESENTATION_CONTEXT(2) 
PARAMETRIC_REPRESENTATION_CONTEXT() REPRESENTATION_CONTEXT('2D SPACE',''
  ) );
#476 = ORIENTED_EDGE('',*,*,#427,.F.);
#477 = ORIENTED_EDGE('',*,*,#323,.T.);
#478 = ORIENTED_EDGE('',*,*,#404,.T.);
#479 = ORIENTED_EDGE('',*,*,#480,.F.);
#480 = EDGE_CURVE('',#481,#355,#483,.T.);
#481 = VERTEX_POINT('',#482);
#482 = CARTESIAN_POINT('',(156.92014727323,-53.625,-1.));
#483 = SURFACE_CURVE('',#484,(#489,#496),.PCURVE_S1.);
#484 = CIRCLE('',#485,3.5);
#485 = AXIS2_PLACEMENT_3D('',#486,#487,#488);
#486 = CARTESIAN_POINT('',(160.4,-53.25,-1.));
#487 = DIRECTION('',(0.,0.,1.));
#488 = DIRECTION('',(1.,0.,0.));
#489 = PCURVE('',#311,#490);
#490 = DEFINITIONAL_REPRESENTATION('',(#491),#495);
#491 = LINE('',#492,#493);
#492 = CARTESIAN_POINT('',(-0.,0.));
#493 = VECTOR('',#494,1.);
#494 = DIRECTION('',(-1.,0.));
#495 = ( GEOMETRIC_REPRESENTATION_CONTEXT(2) 
PARAMETRIC_REPRESENTATION_CONTEXT() REPRESENTATION_CONTEXT('2D SPACE',''
  ) );
#496 = PCURVE('',#370,#497);
#497 = DEFINITIONAL_REPRESENTATION('',(#498),#502);
#498 = CIRCLE('',#499,3.5);
#499 = AXIS2_PLACEMENT_2D('',#500,#501);
#500 = CARTESIAN_POINT('',(159.4,3.8125));
#501 = DIRECTION('',(1.,0.));
#502 = ( GEOMETRIC_REPRESENTATION_CONTEXT(2) 
PARAMETRIC_REPRESENTATION_CONTEXT() REPRESENTATION_CONTEXT('2D SPACE',''
  ) );
#503 = ORIENTED_EDGE('',*,*,#504,.F.);
#504 = EDGE_CURVE('',#263,#481,#505,.T.);
#505 = SURFACE_CURVE('',#506,(#510,#516),.PCURVE_S1.);
#506 = LINE('',#507,#508);
#507 = CARTESIAN_POINT('',(156.92014727323,-53.625,-1.));
#508 = VECTOR('',#509,1.);
#509 = DIRECTION('',(-0.,-0.,-1.));
#510 = PCURVE('',#311,#511);
#511 = DEFINITIONAL_REPRESENTATION('',(#512),#515);
#512 = B_SPLINE_CURVE_WITH_KNOTS('',1,(#513,#514),.UNSPECIFIED.,.F.,.F.,
  (2,2),(-1.1,5.999999999062E-07),.PIECEWISE_BEZIER_KNOTS.);
#513 = CARTESIAN_POINT('',(-3.248941569692,-1.1));
#514 = CARTESIAN_POINT('',(-3.248941569692,5.999999999062E-07));
#515 = ( GEOMETRIC_REPRESENTATION_CONTEXT(2) 
PARAMETRIC_REPRESENTATION_CONTEXT() REPRESENTATION_CONTEXT('2D SPACE',''
  ) );
#516 = PCURVE('',#278,#517);
#517 = DEFINITIONAL_REPRESENTATION('',(#518),#521);
#518 = B_SPLINE_CURVE_WITH_KNOTS('',1,(#519,#520),.UNSPECIFIED.,.F.,.F.,
  (2,2),(-1.1,5.999999999062E-07),.PIECEWISE_BEZIER_KNOTS.);
#519 = CARTESIAN_POINT('',(10.479852726769,-1.1));
#520 = CARTESIAN_POINT('',(10.479852726769,5.999999999062E-07));
#521 = ( GEOMETRIC_REPRESENTATION_CONTEXT(2) 
PARAMETRIC_REPRESENTATION_CONTEXT() REPRESENTATION_CONTEXT('2D SPACE',''
  ) );
#522 = ADVANCED_FACE('',(#523),#278,.F.);
#523 = FACE_BOUND('',#524,.F.);
#524 = EDGE_LOOP('',(#525,#548,#549,#550));
#525 = ORIENTED_EDGE('',*,*,#526,.F.);
#526 = EDGE_CURVE('',#481,#527,#529,.T.);
#527 = VERTEX_POINT('',#528);
#528 = CARTESIAN_POINT('',(131.73766714676,-53.625,-1.));
#529 = SURFACE_CURVE('',#530,(#534,#541),.PCURVE_S1.);
#530 = LINE('',#531,#532);
#531 = CARTESIAN_POINT('',(167.4,-53.625,-1.));
#532 = VECTOR('',#533,1.);
#533 = DIRECTION('',(-1.,0.,0.));
#534 = PCURVE('',#278,#535);
#535 = DEFINITIONAL_REPRESENTATION('',(#536),#540);
#536 = LINE('',#537,#538);
#537 = CARTESIAN_POINT('',(0.,-0.));
#538 = VECTOR('',#539,1.);
#539 = DIRECTION('',(1.,0.));
#540 = ( GEOMETRIC_REPRESENTATION_CONTEXT(2) 
PARAMETRIC_REPRESENTATION_CONTEXT() REPRESENTATION_CONTEXT('2D SPACE',''
  ) );
#541 = PCURVE('',#370,#542);
#542 = DEFINITIONAL_REPRESENTATION('',(#543),#547);
#543 = LINE('',#544,#545);
#544 = CARTESIAN_POINT('',(166.4,3.4375));
#545 = VECTOR('',#546,1.);
#546 = DIRECTION('',(-1.,0.));
#547 = ( GEOMETRIC_REPRESENTATION_CONTEXT(2) 
PARAMETRIC_REPRESENTATION_CONTEXT() REPRESENTATION_CONTEXT('2D SPACE',''
  ) );
#548 = ORIENTED_EDGE('',*,*,#504,.F.);
#549 = ORIENTED_EDGE('',*,*,#262,.T.);
#550 = ORIENTED_EDGE('',*,*,#551,.T.);
#551 = EDGE_CURVE('',#235,#527,#552,.T.);
#552 = SURFACE_CURVE('',#553,(#557,#563),.PCURVE_S1.);
#553 = LINE('',#554,#555);
#554 = CARTESIAN_POINT('',(131.73766714676,-53.625,-1.));
#555 = VECTOR('',#556,1.);
#556 = DIRECTION('',(-0.,-0.,-1.));
#557 = PCURVE('',#278,#558);
#558 = DEFINITIONAL_REPRESENTATION('',(#559),#562);
#559 = B_SPLINE_CURVE_WITH_KNOTS('',1,(#560,#561),.UNSPECIFIED.,.F.,.F.,
  (2,2),(-1.1,5.999999999062E-07),.PIECEWISE_BEZIER_KNOTS.);
#560 = CARTESIAN_POINT('',(35.662332853234,-1.1));
#561 = CARTESIAN_POINT('',(35.662332853234,5.999999999062E-07));
#562 = ( GEOMETRIC_REPRESENTATION_CONTEXT(2) 
PARAMETRIC_REPRESENTATION_CONTEXT() REPRESENTATION_CONTEXT('2D SPACE',''
  ) );
#563 = PCURVE('',#222,#564);
#564 = DEFINITIONAL_REPRESENTATION('',(#565),#568);
#565 = B_SPLINE_CURVE_WITH_KNOTS('',1,(#566,#567),.UNSPECIFIED.,.F.,.F.,
  (2,2),(-1.1,5.999999999062E-07),.PIECEWISE_BEZIER_KNOTS.);
#566 = CARTESIAN_POINT('',(-5.13593340641,-1.1));
#567 = CARTESIAN_POINT('',(-5.13593340641,5.999999999062E-07));
#568 = ( GEOMETRIC_REPRESENTATION_CONTEXT(2) 
PARAMETRIC_REPRESENTATION_CONTEXT() REPRESENTATION_CONTEXT('2D SPACE',''
  ) );
#569 = ADVANCED_FACE('',(#570),#222,.F.);
#570 = FACE_BOUND('',#571,.T.);
#571 = EDGE_LOOP('',(#572,#573,#596,#623,#624,#625,#626,#650,#676,#709,
    #735,#764));
#572 = ORIENTED_EDGE('',*,*,#201,.T.);
#573 = ORIENTED_EDGE('',*,*,#574,.T.);
#574 = EDGE_CURVE('',#202,#575,#577,.T.);
#575 = VERTEX_POINT('',#576);
#576 = CARTESIAN_POINT('',(165.9,-0.75,3.));
#577 = SEAM_CURVE('',#578,(#582,#589),.PCURVE_S1.);
#578 = LINE('',#579,#580);
#579 = CARTESIAN_POINT('',(165.9,-0.75,-1.));
#580 = VECTOR('',#581,1.);
#581 = DIRECTION('',(0.,0.,1.));
#582 = PCURVE('',#222,#583);
#583 = DEFINITIONAL_REPRESENTATION('',(#584),#588);
#584 = LINE('',#585,#586);
#585 = CARTESIAN_POINT('',(-6.28318530718,0.));
#586 = VECTOR('',#587,1.);
#587 = DIRECTION('',(-0.,-1.));
#588 = ( GEOMETRIC_REPRESENTATION_CONTEXT(2) 
PARAMETRIC_REPRESENTATION_CONTEXT() REPRESENTATION_CONTEXT('2D SPACE',''
  ) );
#589 = PCURVE('',#222,#590);
#590 = DEFINITIONAL_REPRESENTATION('',(#591),#595);
#591 = LINE('',#592,#593);
#592 = CARTESIAN_POINT('',(-0.,0.));
#593 = VECTOR('',#594,1.);
#594 = DIRECTION('',(-0.,-1.));
#595 = ( GEOMETRIC_REPRESENTATION_CONTEXT(2) 
PARAMETRIC_REPRESENTATION_CONTEXT() REPRESENTATION_CONTEXT('2D SPACE',''
  ) );
#596 = ORIENTED_EDGE('',*,*,#597,.T.);
#597 = EDGE_CURVE('',#575,#575,#598,.T.);
#598 = SURFACE_CURVE('',#599,(#604,#611),.PCURVE_S1.);
#599 = CIRCLE('',#600,58.);
#600 = AXIS2_PLACEMENT_3D('',#601,#602,#603);
#601 = CARTESIAN_POINT('',(107.9,-0.75,3.));
#602 = DIRECTION('',(0.,0.,1.));
#603 = DIRECTION('',(1.,0.,0.));
#604 = PCURVE('',#222,#605);
#605 = DEFINITIONAL_REPRESENTATION('',(#606),#610);
#606 = LINE('',#607,#608);
#607 = CARTESIAN_POINT('',(-0.,-4.));
#608 = VECTOR('',#609,1.);
#609 = DIRECTION('',(-1.,0.));
#610 = ( GEOMETRIC_REPRESENTATION_CONTEXT(2) 
PARAMETRIC_REPRESENTATION_CONTEXT() REPRESENTATION_CONTEXT('2D SPACE',''
  ) );
#611 = PCURVE('',#612,#617);
#612 = PLANE('',#613);
#613 = AXIS2_PLACEMENT_3D('',#614,#615,#616);
#614 = CARTESIAN_POINT('',(1.,0.,3.));
#615 = DIRECTION('',(0.,0.,1.));
#616 = DIRECTION('',(1.,0.,-0.));
#617 = DEFINITIONAL_REPRESENTATION('',(#618),#622);
#618 = CIRCLE('',#619,58.);
#619 = AXIS2_PLACEMENT_2D('',#620,#621);
#620 = CARTESIAN_POINT('',(106.9,-0.75));
#621 = DIRECTION('',(1.,0.));
#622 = ( GEOMETRIC_REPRESENTATION_CONTEXT(2) 
PARAMETRIC_REPRESENTATION_CONTEXT() REPRESENTATION_CONTEXT('2D SPACE',''
  ) );
#623 = ORIENTED_EDGE('',*,*,#574,.F.);
#624 = ORIENTED_EDGE('',*,*,#234,.T.);
#625 = ORIENTED_EDGE('',*,*,#551,.T.);
#626 = ORIENTED_EDGE('',*,*,#627,.F.);
#627 = EDGE_CURVE('',#628,#527,#630,.T.);
#628 = VERTEX_POINT('',#629);
#629 = CARTESIAN_POINT('',(84.062332853234,-53.625,-1.));
#630 = SURFACE_CURVE('',#631,(#636,#643),.PCURVE_S1.);
#631 = CIRCLE('',#632,58.);
#632 = AXIS2_PLACEMENT_3D('',#633,#634,#635);
#633 = CARTESIAN_POINT('',(107.9,-0.75,-1.));
#634 = DIRECTION('',(0.,0.,1.));
#635 = DIRECTION('',(1.,0.,0.));
#636 = PCURVE('',#222,#637);
#637 = DEFINITIONAL_REPRESENTATION('',(#638),#642);
#638 = LINE('',#639,#640);
#639 = CARTESIAN_POINT('',(-0.,0.));
#640 = VECTOR('',#641,1.);
#641 = DIRECTION('',(-1.,0.));
#642 = ( GEOMETRIC_REPRESENTATION_CONTEXT(2) 
PARAMETRIC_REPRESENTATION_CONTEXT() REPRESENTATION_CONTEXT('2D SPACE',''
  ) );
#643 = PCURVE('',#370,#644);
#644 = DEFINITIONAL_REPRESENTATION('',(#645),#649);
#645 = CIRCLE('',#646,58.);
#646 = AXIS2_PLACEMENT_2D('',#647,#648);
#647 = CARTESIAN_POINT('',(106.9,56.3125));
#648 = DIRECTION('',(1.,0.));
#649 = ( GEOMETRIC_REPRESENTATION_CONTEXT(2) 
PARAMETRIC_REPRESENTATION_CONTEXT() REPRESENTATION_CONTEXT('2D SPACE',''
  ) );
#650 = ORIENTED_EDGE('',*,*,#651,.F.);
#651 = EDGE_CURVE('',#652,#628,#654,.T.);
#652 = VERTEX_POINT('',#653);
#653 = CARTESIAN_POINT('',(84.062332853234,-53.625,0.));
#654 = SURFACE_CURVE('',#655,(#659,#665),.PCURVE_S1.);
#655 = LINE('',#656,#657);
#656 = CARTESIAN_POINT('',(84.062332853234,-53.625,-1.));
#657 = VECTOR('',#658,1.);
#658 = DIRECTION('',(-0.,-0.,-1.));
#659 = PCURVE('',#222,#660);
#660 = DEFINITIONAL_REPRESENTATION('',(#661),#664);
#661 = B_SPLINE_CURVE_WITH_KNOTS('',1,(#662,#663),.UNSPECIFIED.,.F.,.F.,
  (2,2),(-1.1,5.999999999062E-07),.PIECEWISE_BEZIER_KNOTS.);
#662 = CARTESIAN_POINT('',(-4.288844554359,-1.1));
#663 = CARTESIAN_POINT('',(-4.288844554359,5.999999999062E-07));
#664 = ( GEOMETRIC_REPRESENTATION_CONTEXT(2) 
PARAMETRIC_REPRESENTATION_CONTEXT() REPRESENTATION_CONTEXT('2D SPACE',''
  ) );
#665 = PCURVE('',#666,#671);
#666 = PLANE('',#667);
#667 = AXIS2_PLACEMENT_3D('',#668,#669,#670);
#668 = CARTESIAN_POINT('',(167.4,-53.625,-1.));
#669 = DIRECTION('',(0.,-1.,0.));
#670 = DIRECTION('',(-1.,0.,0.));
#671 = DEFINITIONAL_REPRESENTATION('',(#672),#675);
#672 = B_SPLINE_CURVE_WITH_KNOTS('',1,(#673,#674),.UNSPECIFIED.,.F.,.F.,
  (2,2),(-1.1,5.999999999062E-07),.PIECEWISE_BEZIER_KNOTS.);
#673 = CARTESIAN_POINT('',(83.337667146766,-1.1));
#674 = CARTESIAN_POINT('',(83.337667146766,5.999999999062E-07));
#675 = ( GEOMETRIC_REPRESENTATION_CONTEXT(2) 
PARAMETRIC_REPRESENTATION_CONTEXT() REPRESENTATION_CONTEXT('2D SPACE',''
  ) );
#676 = ORIENTED_EDGE('',*,*,#677,.T.);
#677 = EDGE_CURVE('',#652,#678,#680,.T.);
#678 = VERTEX_POINT('',#679);
#679 = CARTESIAN_POINT('',(87.716854184741,53.625,0.));
#680 = SURFACE_CURVE('',#681,(#686,#693),.PCURVE_S1.);
#681 = CIRCLE('',#682,58.);
#682 = AXIS2_PLACEMENT_3D('',#683,#684,#685);
#683 = CARTESIAN_POINT('',(107.9,-0.75,0.));
#684 = DIRECTION('',(0.,0.,-1.));
#685 = DIRECTION('',(1.,0.,0.));
#686 = PCURVE('',#222,#687);
#687 = DEFINITIONAL_REPRESENTATION('',(#688),#692);
#688 = LINE('',#689,#690);
#689 = CARTESIAN_POINT('',(-6.28318530718,-1.));
#690 = VECTOR('',#691,1.);
#691 = DIRECTION('',(1.,-0.));
#692 = ( GEOMETRIC_REPRESENTATION_CONTEXT(2) 
PARAMETRIC_REPRESENTATION_CONTEXT() REPRESENTATION_CONTEXT('2D SPACE',''
  ) );
#693 = PCURVE('',#694,#699);
#694 = PLANE('',#695);
#695 = AXIS2_PLACEMENT_3D('',#696,#697,#698);
#696 = CARTESIAN_POINT('',(1.,0.,0.));
#697 = DIRECTION('',(0.,0.,1.));
#698 = DIRECTION('',(1.,0.,-0.));
#699 = DEFINITIONAL_REPRESENTATION('',(#700),#708);
#700 = ( BOUNDED_CURVE() B_SPLINE_CURVE(2,(#701,#702,#703,#704,#705,#706
,#707),.UNSPECIFIED.,.T.,.F.) B_SPLINE_CURVE_WITH_KNOTS((1,2,2,2,2,1),(
    -2.094395102393,0.,2.094395102393,4.188790204786,6.28318530718,
8.377580409573),.UNSPECIFIED.) CURVE() GEOMETRIC_REPRESENTATION_ITEM() 
RATIONAL_B_SPLINE_CURVE((1.,0.5,1.,0.5,1.,0.5,1.)) REPRESENTATION_ITEM(
  '') );
#701 = CARTESIAN_POINT('',(164.9,-0.75));
#702 = CARTESIAN_POINT('',(164.9,-101.2089468389));
#703 = CARTESIAN_POINT('',(77.9,-50.97947341949));
#704 = CARTESIAN_POINT('',(-9.1,-0.75));
#705 = CARTESIAN_POINT('',(77.9,49.479473419497));
#706 = CARTESIAN_POINT('',(164.9,99.708946838995));
#707 = CARTESIAN_POINT('',(164.9,-0.75));
#708 = ( GEOMETRIC_REPRESENTATION_CONTEXT(2) 
PARAMETRIC_REPRESENTATION_CONTEXT() REPRESENTATION_CONTEXT('2D SPACE',''
  ) );
#709 = ORIENTED_EDGE('',*,*,#710,.T.);
#710 = EDGE_CURVE('',#678,#711,#713,.T.);
#711 = VERTEX_POINT('',#712);
#712 = CARTESIAN_POINT('',(87.71685418474,53.625,-1.));
#713 = SURFACE_CURVE('',#714,(#718,#724),.PCURVE_S1.);
#714 = LINE('',#715,#716);
#715 = CARTESIAN_POINT('',(87.716854184741,53.625,-1.));
#716 = VECTOR('',#717,1.);
#717 = DIRECTION('',(-0.,-0.,-1.));
#718 = PCURVE('',#222,#719);
#719 = DEFINITIONAL_REPRESENTATION('',(#720),#723);
#720 = B_SPLINE_CURVE_WITH_KNOTS('',1,(#721,#722),.UNSPECIFIED.,.F.,.F.,
  (2,2),(-1.1,5.999999999062E-07),.PIECEWISE_BEZIER_KNOTS.);
#721 = CARTESIAN_POINT('',(-1.926217528485,-1.1));
#722 = CARTESIAN_POINT('',(-1.926217528485,5.999999999062E-07));
#723 = ( GEOMETRIC_REPRESENTATION_CONTEXT(2) 
PARAMETRIC_REPRESENTATION_CONTEXT() REPRESENTATION_CONTEXT('2D SPACE',''
  ) );
#724 = PCURVE('',#725,#730);
#725 = PLANE('',#726);
#726 = AXIS2_PLACEMENT_3D('',#727,#728,#729);
#727 = CARTESIAN_POINT('',(-165.4,53.625,-1.));
#728 = DIRECTION('',(0.,1.,0.));
#729 = DIRECTION('',(1.,0.,0.));
#730 = DEFINITIONAL_REPRESENTATION('',(#731),#734);
#731 = B_SPLINE_CURVE_WITH_KNOTS('',1,(#732,#733),.UNSPECIFIED.,.F.,.F.,
  (2,2),(-1.1,5.999999999062E-07),.PIECEWISE_BEZIER_KNOTS.);
#732 = CARTESIAN_POINT('',(253.11685418474,-1.1));
#733 = CARTESIAN_POINT('',(253.11685418474,5.999999999062E-07));
#734 = ( GEOMETRIC_REPRESENTATION_CONTEXT(2) 
PARAMETRIC_REPRESENTATION_CONTEXT() REPRESENTATION_CONTEXT('2D SPACE',''
  ) );
#735 = ORIENTED_EDGE('',*,*,#736,.F.);
#736 = EDGE_CURVE('',#737,#711,#739,.T.);
#737 = VERTEX_POINT('',#738);
#738 = CARTESIAN_POINT('',(128.08314581525,53.625,-1.));
#739 = SURFACE_CURVE('',#740,(#745,#752),.PCURVE_S1.);
#740 = CIRCLE('',#741,58.);
#741 = AXIS2_PLACEMENT_3D('',#742,#743,#744);
#742 = CARTESIAN_POINT('',(107.9,-0.75,-1.));
#743 = DIRECTION('',(0.,0.,1.));
#744 = DIRECTION('',(1.,0.,0.));
#745 = PCURVE('',#222,#746);
#746 = DEFINITIONAL_REPRESENTATION('',(#747),#751);
#747 = LINE('',#748,#749);
#748 = CARTESIAN_POINT('',(-0.,0.));
#749 = VECTOR('',#750,1.);
#750 = DIRECTION('',(-1.,0.));
#751 = ( GEOMETRIC_REPRESENTATION_CONTEXT(2) 
PARAMETRIC_REPRESENTATION_CONTEXT() REPRESENTATION_CONTEXT('2D SPACE',''
  ) );
#752 = PCURVE('',#753,#758);
#753 = PLANE('',#754);
#754 = AXIS2_PLACEMENT_3D('',#755,#756,#757);
#755 = CARTESIAN_POINT('',(1.,57.0625,-1.));
#756 = DIRECTION('',(0.,0.,1.));
#757 = DIRECTION('',(1.,0.,-0.));
#758 = DEFINITIONAL_REPRESENTATION('',(#759),#763);
#759 = CIRCLE('',#760,58.);
#760 = AXIS2_PLACEMENT_2D('',#761,#762);
#761 = CARTESIAN_POINT('',(106.9,-57.8125));
#762 = DIRECTION('',(1.,0.));
#763 = ( GEOMETRIC_REPRESENTATION_CONTEXT(2) 
PARAMETRIC_REPRESENTATION_CONTEXT() REPRESENTATION_CONTEXT('2D SPACE',''
  ) );
#764 = ORIENTED_EDGE('',*,*,#765,.F.);
#765 = EDGE_CURVE('',#174,#737,#766,.T.);
#766 = SURFACE_CURVE('',#767,(#771,#777),.PCURVE_S1.);
#767 = LINE('',#768,#769);
#768 = CARTESIAN_POINT('',(128.08314581525,53.625,-1.));
#769 = VECTOR('',#770,1.);
#770 = DIRECTION('',(-0.,-0.,-1.));
#771 = PCURVE('',#222,#772);
#772 = DEFINITIONAL_REPRESENTATION('',(#773),#776);
#773 = B_SPLINE_CURVE_WITH_KNOTS('',1,(#774,#775),.UNSPECIFIED.,.F.,.F.,
  (2,2),(-1.1,5.999999999062E-07),.PIECEWISE_BEZIER_KNOTS.);
#774 = CARTESIAN_POINT('',(-1.215375125105,-1.1));
#775 = CARTESIAN_POINT('',(-1.215375125105,5.999999999062E-07));
#776 = ( GEOMETRIC_REPRESENTATION_CONTEXT(2) 
PARAMETRIC_REPRESENTATION_CONTEXT() REPRESENTATION_CONTEXT('2D SPACE',''
  ) );
#777 = PCURVE('',#189,#778);
#778 = DEFINITIONAL_REPRESENTATION('',(#779),#782);
#779 = B_SPLINE_CURVE_WITH_KNOTS('',1,(#780,#781),.UNSPECIFIED.,.F.,.F.,
  (2,2),(-1.1,5.999999999062E-07),.PIECEWISE_BEZIER_KNOTS.);
#780 = CARTESIAN_POINT('',(293.48314581525,-1.1));
#781 = CARTESIAN_POINT('',(293.48314581525,5.999999999062E-07));
#782 = ( GEOMETRIC_REPRESENTATION_CONTEXT(2) 
PARAMETRIC_REPRESENTATION_CONTEXT() REPRESENTATION_CONTEXT('2D SPACE',''
  ) );
#783 = ADVANCED_FACE('',(#784),#189,.F.);
#784 = FACE_BOUND('',#785,.F.);
#785 = EDGE_LOOP('',(#786,#809,#810,#811));
#786 = ORIENTED_EDGE('',*,*,#787,.F.);
#787 = EDGE_CURVE('',#737,#788,#790,.T.);
#788 = VERTEX_POINT('',#789);
#789 = CARTESIAN_POINT('',(157.44460239561,53.625,-1.));
#790 = SURFACE_CURVE('',#791,(#795,#802),.PCURVE_S1.);
#791 = LINE('',#792,#793);
#792 = CARTESIAN_POINT('',(-165.4,53.625,-1.));
#793 = VECTOR('',#794,1.);
#794 = DIRECTION('',(1.,0.,0.));
#795 = PCURVE('',#189,#796);
#796 = DEFINITIONAL_REPRESENTATION('',(#797),#801);
#797 = LINE('',#798,#799);
#798 = CARTESIAN_POINT('',(0.,0.));
#799 = VECTOR('',#800,1.);
#800 = DIRECTION('',(1.,0.));
#801 = ( GEOMETRIC_REPRESENTATION_CONTEXT(2) 
PARAMETRIC_REPRESENTATION_CONTEXT() REPRESENTATION_CONTEXT('2D SPACE',''
  ) );
#802 = PCURVE('',#753,#803);
#803 = DEFINITIONAL_REPRESENTATION('',(#804),#808);
#804 = LINE('',#805,#806);
#805 = CARTESIAN_POINT('',(-166.4,-3.4375));
#806 = VECTOR('',#807,1.);
#807 = DIRECTION('',(1.,0.));
#808 = ( GEOMETRIC_REPRESENTATION_CONTEXT(2) 
PARAMETRIC_REPRESENTATION_CONTEXT() REPRESENTATION_CONTEXT('2D SPACE',''
  ) );
#809 = ORIENTED_EDGE('',*,*,#765,.F.);
#810 = ORIENTED_EDGE('',*,*,#173,.T.);
#811 = ORIENTED_EDGE('',*,*,#812,.T.);
#812 = EDGE_CURVE('',#146,#788,#813,.T.);
#813 = SURFACE_CURVE('',#814,(#818,#824),.PCURVE_S1.);
#814 = LINE('',#815,#816);
#815 = CARTESIAN_POINT('',(157.44460239561,53.625,-1.));
#816 = VECTOR('',#817,1.);
#817 = DIRECTION('',(-0.,-0.,-1.));
#818 = PCURVE('',#189,#819);
#819 = DEFINITIONAL_REPRESENTATION('',(#820),#823);
#820 = B_SPLINE_CURVE_WITH_KNOTS('',1,(#821,#822),.UNSPECIFIED.,.F.,.F.,
  (2,2),(-1.1,5.999999999062E-07),.PIECEWISE_BEZIER_KNOTS.);
#821 = CARTESIAN_POINT('',(322.84460239561,-1.1));
#822 = CARTESIAN_POINT('',(322.84460239561,5.999999999062E-07));
#823 = ( GEOMETRIC_REPRESENTATION_CONTEXT(2) 
PARAMETRIC_REPRESENTATION_CONTEXT() REPRESENTATION_CONTEXT('2D SPACE',''
  ) );
#824 = PCURVE('',#133,#825);
#825 = DEFINITIONAL_REPRESENTATION('',(#826),#829);
#826 = B_SPLINE_CURVE_WITH_KNOTS('',1,(#827,#828),.UNSPECIFIED.,.F.,.F.,
  (2,2),(-1.1,5.999999999062E-07),.PIECEWISE_BEZIER_KNOTS.);
#827 = CARTESIAN_POINT('',(-2.576239223352,-1.1));
#828 = CARTESIAN_POINT('',(-2.576239223352,5.999999999062E-07));
#829 = ( GEOMETRIC_REPRESENTATION_CONTEXT(2) 
PARAMETRIC_REPRESENTATION_CONTEXT() REPRESENTATION_CONTEXT('2D SPACE',''
  ) );
#830 = ADVANCED_FACE('',(#831),#133,.F.);
#831 = FACE_BOUND('',#832,.T.);
#832 = EDGE_LOOP('',(#833,#834,#857,#884,#885,#886,#887,#911));
#833 = ORIENTED_EDGE('',*,*,#112,.T.);
#834 = ORIENTED_EDGE('',*,*,#835,.T.);
#835 = EDGE_CURVE('',#113,#836,#838,.T.);
#836 = VERTEX_POINT('',#837);
#837 = CARTESIAN_POINT('',(163.9,51.75,1.));
#838 = SEAM_CURVE('',#839,(#843,#850),.PCURVE_S1.);
#839 = LINE('',#840,#841);
#840 = CARTESIAN_POINT('',(163.9,51.75,-1.));
#841 = VECTOR('',#842,1.);
#842 = DIRECTION('',(0.,0.,1.));
#843 = PCURVE('',#133,#844);
#844 = DEFINITIONAL_REPRESENTATION('',(#845),#849);
#845 = LINE('',#846,#847);
#846 = CARTESIAN_POINT('',(-6.28318530718,0.));
#847 = VECTOR('',#848,1.);
#848 = DIRECTION('',(-0.,-1.));
#849 = ( GEOMETRIC_REPRESENTATION_CONTEXT(2) 
PARAMETRIC_REPRESENTATION_CONTEXT() REPRESENTATION_CONTEXT('2D SPACE',''
  ) );
#850 = PCURVE('',#133,#851);
#851 = DEFINITIONAL_REPRESENTATION('',(#852),#856);
#852 = LINE('',#853,#854);
#853 = CARTESIAN_POINT('',(-0.,0.));
#854 = VECTOR('',#855,1.);
#855 = DIRECTION('',(-0.,-1.));
#856 = ( GEOMETRIC_REPRESENTATION_CONTEXT(2) 
PARAMETRIC_REPRESENTATION_CONTEXT() REPRESENTATION_CONTEXT('2D SPACE',''
  ) );
#857 = ORIENTED_EDGE('',*,*,#858,.T.);
#858 = EDGE_CURVE('',#836,#836,#859,.T.);
#859 = SURFACE_CURVE('',#860,(#865,#872),.PCURVE_S1.);
#860 = CIRCLE('',#861,3.5);
#861 = AXIS2_PLACEMENT_3D('',#862,#863,#864);
#862 = CARTESIAN_POINT('',(160.4,51.75,1.));
#863 = DIRECTION('',(0.,0.,1.));
#864 = DIRECTION('',(1.,0.,0.));
#865 = PCURVE('',#133,#866);
#866 = DEFINITIONAL_REPRESENTATION('',(#867),#871);
#867 = LINE('',#868,#869);
#868 = CARTESIAN_POINT('',(-0.,-2.));
#869 = VECTOR('',#870,1.);
#870 = DIRECTION('',(-1.,0.));
#871 = ( GEOMETRIC_REPRESENTATION_CONTEXT(2) 
PARAMETRIC_REPRESENTATION_CONTEXT() REPRESENTATION_CONTEXT('2D SPACE',''
  ) );
#872 = PCURVE('',#873,#878);
#873 = PLANE('',#874);
#874 = AXIS2_PLACEMENT_3D('',#875,#876,#877);
#875 = CARTESIAN_POINT('',(160.4,51.75,1.));
#876 = DIRECTION('',(0.,0.,1.));
#877 = DIRECTION('',(1.,0.,-0.));
#878 = DEFINITIONAL_REPRESENTATION('',(#879),#883);
#879 = CIRCLE('',#880,3.5);
#880 = AXIS2_PLACEMENT_2D('',#881,#882);
#881 = CARTESIAN_POINT('',(0.,0.));
#882 = DIRECTION('',(1.,0.));
#883 = ( GEOMETRIC_REPRESENTATION_CONTEXT(2) 
PARAMETRIC_REPRESENTATION_CONTEXT() REPRESENTATION_CONTEXT('2D SPACE',''
  ) );
#884 = ORIENTED_EDGE('',*,*,#835,.F.);
#885 = ORIENTED_EDGE('',*,*,#145,.T.);
#886 = ORIENTED_EDGE('',*,*,#812,.T.);
#887 = ORIENTED_EDGE('',*,*,#888,.F.);
#888 = EDGE_CURVE('',#889,#788,#891,.T.);
#889 = VERTEX_POINT('',#890);
#890 = CARTESIAN_POINT('',(163.35539760438,53.625,-1.));
#891 = SURFACE_CURVE('',#892,(#897,#904),.PCURVE_S1.);
#892 = CIRCLE('',#893,3.5);
#893 = AXIS2_PLACEMENT_3D('',#894,#895,#896);
#894 = CARTESIAN_POINT('',(160.4,51.75,-1.));
#895 = DIRECTION('',(0.,0.,1.));
#896 = DIRECTION('',(1.,0.,0.));
#897 = PCURVE('',#133,#898);
#898 = DEFINITIONAL_REPRESENTATION('',(#899),#903);
#899 = LINE('',#900,#901);
#900 = CARTESIAN_POINT('',(-0.,0.));
#901 = VECTOR('',#902,1.);
#902 = DIRECTION('',(-1.,0.));
#903 = ( GEOMETRIC_REPRESENTATION_CONTEXT(2) 
PARAMETRIC_REPRESENTATION_CONTEXT() REPRESENTATION_CONTEXT('2D SPACE',''
  ) );
#904 = PCURVE('',#753,#905);
#905 = DEFINITIONAL_REPRESENTATION('',(#906),#910);
#906 = CIRCLE('',#907,3.5);
#907 = AXIS2_PLACEMENT_2D('',#908,#909);
#908 = CARTESIAN_POINT('',(159.4,-5.3125));
#909 = DIRECTION('',(1.,0.));
#910 = ( GEOMETRIC_REPRESENTATION_CONTEXT(2) 
PARAMETRIC_REPRESENTATION_CONTEXT() REPRESENTATION_CONTEXT('2D SPACE',''
  ) );
#911 = ORIENTED_EDGE('',*,*,#912,.F.);
#912 = EDGE_CURVE('',#85,#889,#913,.T.);
#913 = SURFACE_CURVE('',#914,(#918,#924),.PCURVE_S1.);
#914 = LINE('',#915,#916);
#915 = CARTESIAN_POINT('',(163.35539760438,53.625,-1.));
#916 = VECTOR('',#917,1.);
#917 = DIRECTION('',(-0.,-0.,-1.));
#918 = PCURVE('',#133,#919);
#919 = DEFINITIONAL_REPRESENTATION('',(#920),#923);
#920 = B_SPLINE_CURVE_WITH_KNOTS('',1,(#921,#922),.UNSPECIFIED.,.F.,.F.,
  (2,2),(-1.1,5.999999999062E-07),.PIECEWISE_BEZIER_KNOTS.);
#921 = CARTESIAN_POINT('',(-0.565353430237,-1.1));
#922 = CARTESIAN_POINT('',(-0.565353430237,5.999999999062E-07));
#923 = ( GEOMETRIC_REPRESENTATION_CONTEXT(2) 
PARAMETRIC_REPRESENTATION_CONTEXT() REPRESENTATION_CONTEXT('2D SPACE',''
  ) );
#924 = PCURVE('',#100,#925);
#925 = DEFINITIONAL_REPRESENTATION('',(#926),#929);
#926 = B_SPLINE_CURVE_WITH_KNOTS('',1,(#927,#928),.UNSPECIFIED.,.F.,.F.,
  (2,2),(-1.1,5.999999999062E-07),.PIECEWISE_BEZIER_KNOTS.);
#927 = CARTESIAN_POINT('',(328.75539760438,-1.1));
#928 = CARTESIAN_POINT('',(328.75539760438,5.999999999062E-07));
#929 = ( GEOMETRIC_REPRESENTATION_CONTEXT(2) 
PARAMETRIC_REPRESENTATION_CONTEXT() REPRESENTATION_CONTEXT('2D SPACE',''
  ) );
#930 = ADVANCED_FACE('',(#931),#100,.F.);
#931 = FACE_BOUND('',#932,.F.);
#932 = EDGE_LOOP('',(#933,#956,#957,#958));
#933 = ORIENTED_EDGE('',*,*,#934,.F.);
#934 = EDGE_CURVE('',#889,#935,#937,.T.);
#935 = VERTEX_POINT('',#936);
#936 = CARTESIAN_POINT('',(167.4,53.625,-1.));
#937 = SURFACE_CURVE('',#938,(#942,#949),.PCURVE_S1.);
#938 = LINE('',#939,#940);
#939 = CARTESIAN_POINT('',(-165.4,53.625,-1.));
#940 = VECTOR('',#941,1.);
#941 = DIRECTION('',(1.,0.,0.));
#942 = PCURVE('',#100,#943);
#943 = DEFINITIONAL_REPRESENTATION('',(#944),#948);
#944 = LINE('',#945,#946);
#945 = CARTESIAN_POINT('',(0.,0.));
#946 = VECTOR('',#947,1.);
#947 = DIRECTION('',(1.,0.));
#948 = ( GEOMETRIC_REPRESENTATION_CONTEXT(2) 
PARAMETRIC_REPRESENTATION_CONTEXT() REPRESENTATION_CONTEXT('2D SPACE',''
  ) );
#949 = PCURVE('',#753,#950);
#950 = DEFINITIONAL_REPRESENTATION('',(#951),#955);
#951 = LINE('',#952,#953);
#952 = CARTESIAN_POINT('',(-166.4,-3.4375));
#953 = VECTOR('',#954,1.);
#954 = DIRECTION('',(1.,0.));
#955 = ( GEOMETRIC_REPRESENTATION_CONTEXT(2) 
PARAMETRIC_REPRESENTATION_CONTEXT() REPRESENTATION_CONTEXT('2D SPACE',''
  ) );
#956 = ORIENTED_EDGE('',*,*,#912,.F.);
#957 = ORIENTED_EDGE('',*,*,#84,.T.);
#958 = ORIENTED_EDGE('',*,*,#959,.F.);
#959 = EDGE_CURVE('',#935,#57,#960,.T.);
#960 = SURFACE_CURVE('',#961,(#965,#972),.PCURVE_S1.);
#961 = LINE('',#962,#963);
#962 = CARTESIAN_POINT('',(167.4,53.625,-1.));
#963 = VECTOR('',#964,1.);
#964 = DIRECTION('',(0.,0.,1.));
#965 = PCURVE('',#100,#966);
#966 = DEFINITIONAL_REPRESENTATION('',(#967),#971);
#967 = LINE('',#968,#969);
#968 = CARTESIAN_POINT('',(332.8,0.));
#969 = VECTOR('',#970,1.);
#970 = DIRECTION('',(0.,-1.));
#971 = ( GEOMETRIC_REPRESENTATION_CONTEXT(2) 
PARAMETRIC_REPRESENTATION_CONTEXT() REPRESENTATION_CONTEXT('2D SPACE',''
  ) );
#972 = PCURVE('',#72,#973);
#973 = DEFINITIONAL_REPRESENTATION('',(#974),#978);
#974 = LINE('',#975,#976);
#975 = CARTESIAN_POINT('',(114.125,1.));
#976 = VECTOR('',#977,1.);
#977 = DIRECTION('',(0.,-1.));
#978 = ( GEOMETRIC_REPRESENTATION_CONTEXT(2) 
PARAMETRIC_REPRESENTATION_CONTEXT() REPRESENTATION_CONTEXT('2D SPACE',''
  ) );
#979 = ADVANCED_FACE('',(#980),#72,.F.);
#980 = FACE_BOUND('',#981,.F.);
#981 = EDGE_LOOP('',(#982,#983,#984,#1007,#1035,#1058,#1086,#1107));
#982 = ORIENTED_EDGE('',*,*,#56,.F.);
#983 = ORIENTED_EDGE('',*,*,#382,.F.);
#984 = ORIENTED_EDGE('',*,*,#985,.F.);
#985 = EDGE_CURVE('',#986,#353,#988,.T.);
#986 = VERTEX_POINT('',#987);
#987 = CARTESIAN_POINT('',(167.4,-57.5,-1.));
#988 = SURFACE_CURVE('',#989,(#993,#1000),.PCURVE_S1.);
#989 = LINE('',#990,#991);
#990 = CARTESIAN_POINT('',(167.4,-60.5,-1.));
#991 = VECTOR('',#992,1.);
#992 = DIRECTION('',(0.,1.,0.));
#993 = PCURVE('',#72,#994);
#994 = DEFINITIONAL_REPRESENTATION('',(#995),#999);
#995 = LINE('',#996,#997);
#996 = CARTESIAN_POINT('',(0.,1.));
#997 = VECTOR('',#998,1.);
#998 = DIRECTION('',(1.,0.));
#999 = ( GEOMETRIC_REPRESENTATION_CONTEXT(2) 
PARAMETRIC_REPRESENTATION_CONTEXT() REPRESENTATION_CONTEXT('2D SPACE',''
  ) );
#1000 = PCURVE('',#370,#1001);
#1001 = DEFINITIONAL_REPRESENTATION('',(#1002),#1006);
#1002 = LINE('',#1003,#1004);
#1003 = CARTESIAN_POINT('',(166.4,-3.4375));
#1004 = VECTOR('',#1005,1.);
#1005 = DIRECTION('',(0.,1.));
#1006 = ( GEOMETRIC_REPRESENTATION_CONTEXT(2) 
PARAMETRIC_REPRESENTATION_CONTEXT() REPRESENTATION_CONTEXT('2D SPACE',''
  ) );
#1007 = ORIENTED_EDGE('',*,*,#1008,.F.);
#1008 = EDGE_CURVE('',#1009,#986,#1011,.T.);
#1009 = VERTEX_POINT('',#1010);
#1010 = CARTESIAN_POINT('',(167.4,-57.5,3.));
#1011 = SURFACE_CURVE('',#1012,(#1016,#1023),.PCURVE_S1.);
#1012 = LINE('',#1013,#1014);
#1013 = CARTESIAN_POINT('',(167.4,-57.5,3.));
#1014 = VECTOR('',#1015,1.);
#1015 = DIRECTION('',(0.,0.,-1.));
#1016 = PCURVE('',#72,#1017);
#1017 = DEFINITIONAL_REPRESENTATION('',(#1018),#1022);
#1018 = LINE('',#1019,#1020);
#1019 = CARTESIAN_POINT('',(3.,-3.));
#1020 = VECTOR('',#1021,1.);
#1021 = DIRECTION('',(0.,1.));
#1022 = ( GEOMETRIC_REPRESENTATION_CONTEXT(2) 
PARAMETRIC_REPRESENTATION_CONTEXT() REPRESENTATION_CONTEXT('2D SPACE',''
  ) );
#1023 = PCURVE('',#1024,#1029);
#1024 = CYLINDRICAL_SURFACE('',#1025,3.);
#1025 = AXIS2_PLACEMENT_3D('',#1026,#1027,#1028);
#1026 = CARTESIAN_POINT('',(164.4,-57.5,0.));
#1027 = DIRECTION('',(0.,0.,1.));
#1028 = DIRECTION('',(1.,0.,-0.));
#1029 = DEFINITIONAL_REPRESENTATION('',(#1030),#1034);
#1030 = LINE('',#1031,#1032);
#1031 = CARTESIAN_POINT('',(-0.,3.));
#1032 = VECTOR('',#1033,1.);
#1033 = DIRECTION('',(-0.,-1.));
#1034 = ( GEOMETRIC_REPRESENTATION_CONTEXT(2) 
PARAMETRIC_REPRESENTATION_CONTEXT() REPRESENTATION_CONTEXT('2D SPACE',''
  ) );
#1035 = ORIENTED_EDGE('',*,*,#1036,.T.);
#1036 = EDGE_CURVE('',#1009,#1037,#1039,.T.);
#1037 = VERTEX_POINT('',#1038);
#1038 = CARTESIAN_POINT('',(167.4,57.5,3.));
#1039 = SURFACE_CURVE('',#1040,(#1044,#1051),.PCURVE_S1.);
#1040 = LINE('',#1041,#1042);
#1041 = CARTESIAN_POINT('',(167.4,-60.5,3.));
#1042 = VECTOR('',#1043,1.);
#1043 = DIRECTION('',(0.,1.,0.));
#1044 = PCURVE('',#72,#1045);
#1045 = DEFINITIONAL_REPRESENTATION('',(#1046),#1050);
#1046 = LINE('',#1047,#1048);
#1047 = CARTESIAN_POINT('',(0.,-3.));
#1048 = VECTOR('',#1049,1.);
#1049 = DIRECTION('',(1.,0.));
#1050 = ( GEOMETRIC_REPRESENTATION_CONTEXT(2) 
PARAMETRIC_REPRESENTATION_CONTEXT() REPRESENTATION_CONTEXT('2D SPACE',''
  ) );
#1051 = PCURVE('',#612,#1052);
#1052 = DEFINITIONAL_REPRESENTATION('',(#1053),#1057);
#1053 = LINE('',#1054,#1055);
#1054 = CARTESIAN_POINT('',(166.4,-60.5));
#1055 = VECTOR('',#1056,1.);
#1056 = DIRECTION('',(0.,1.));
#1057 = ( GEOMETRIC_REPRESENTATION_CONTEXT(2) 
PARAMETRIC_REPRESENTATION_CONTEXT() REPRESENTATION_CONTEXT('2D SPACE',''
  ) );
#1058 = ORIENTED_EDGE('',*,*,#1059,.F.);
#1059 = EDGE_CURVE('',#1060,#1037,#1062,.T.);
#1060 = VERTEX_POINT('',#1061);
#1061 = CARTESIAN_POINT('',(167.4,57.5,-1.));
#1062 = SURFACE_CURVE('',#1063,(#1067,#1074),.PCURVE_S1.);
#1063 = LINE('',#1064,#1065);
#1064 = CARTESIAN_POINT('',(167.4,57.5,-1.));
#1065 = VECTOR('',#1066,1.);
#1066 = DIRECTION('',(0.,0.,1.));
#1067 = PCURVE('',#72,#1068);
#1068 = DEFINITIONAL_REPRESENTATION('',(#1069),#1073);
#1069 = LINE('',#1070,#1071);
#1070 = CARTESIAN_POINT('',(118.,1.));
#1071 = VECTOR('',#1072,1.);
#1072 = DIRECTION('',(0.,-1.));
#1073 = ( GEOMETRIC_REPRESENTATION_CONTEXT(2) 
PARAMETRIC_REPRESENTATION_CONTEXT() REPRESENTATION_CONTEXT('2D SPACE',''
  ) );
#1074 = PCURVE('',#1075,#1080);
#1075 = CYLINDRICAL_SURFACE('',#1076,3.);
#1076 = AXIS2_PLACEMENT_3D('',#1077,#1078,#1079);
#1077 = CARTESIAN_POINT('',(164.4,57.5,0.));
#1078 = DIRECTION('',(0.,0.,1.));
#1079 = DIRECTION('',(1.,0.,-0.));
#1080 = DEFINITIONAL_REPRESENTATION('',(#1081),#1085);
#1081 = LINE('',#1082,#1083);
#1082 = CARTESIAN_POINT('',(0.,-1.));
#1083 = VECTOR('',#1084,1.);
#1084 = DIRECTION('',(0.,1.));
#1085 = ( GEOMETRIC_REPRESENTATION_CONTEXT(2) 
PARAMETRIC_REPRESENTATION_CONTEXT() REPRESENTATION_CONTEXT('2D SPACE',''
  ) );
#1086 = ORIENTED_EDGE('',*,*,#1087,.F.);
#1087 = EDGE_CURVE('',#935,#1060,#1088,.T.);
#1088 = SURFACE_CURVE('',#1089,(#1093,#1100),.PCURVE_S1.);
#1089 = LINE('',#1090,#1091);
#1090 = CARTESIAN_POINT('',(167.4,53.625,-1.));
#1091 = VECTOR('',#1092,1.);
#1092 = DIRECTION('',(0.,1.,0.));
#1093 = PCURVE('',#72,#1094);
#1094 = DEFINITIONAL_REPRESENTATION('',(#1095),#1099);
#1095 = LINE('',#1096,#1097);
#1096 = CARTESIAN_POINT('',(114.125,1.));
#1097 = VECTOR('',#1098,1.);
#1098 = DIRECTION('',(1.,0.));
#1099 = ( GEOMETRIC_REPRESENTATION_CONTEXT(2) 
PARAMETRIC_REPRESENTATION_CONTEXT() REPRESENTATION_CONTEXT('2D SPACE',''
  ) );
#1100 = PCURVE('',#753,#1101);
#1101 = DEFINITIONAL_REPRESENTATION('',(#1102),#1106);
#1102 = LINE('',#1103,#1104);
#1103 = CARTESIAN_POINT('',(166.4,-3.4375));
#1104 = VECTOR('',#1105,1.);
#1105 = DIRECTION('',(0.,1.));
#1106 = ( GEOMETRIC_REPRESENTATION_CONTEXT(2) 
PARAMETRIC_REPRESENTATION_CONTEXT() REPRESENTATION_CONTEXT('2D SPACE',''
  ) );
#1107 = ORIENTED_EDGE('',*,*,#959,.T.);
#1108 = ADVANCED_FACE('',(#1109,#1278),#370,.F.);
#1109 = FACE_BOUND('',#1110,.F.);
#1110 = EDGE_LOOP('',(#1111,#1139,#1140,#1141,#1142,#1143,#1144,#1167,
    #1196,#1224,#1252));
#1111 = ORIENTED_EDGE('',*,*,#1112,.F.);
#1112 = EDGE_CURVE('',#986,#1113,#1115,.T.);
#1113 = VERTEX_POINT('',#1114);
#1114 = CARTESIAN_POINT('',(164.4,-60.5,-1.));
#1115 = SURFACE_CURVE('',#1116,(#1121,#1132),.PCURVE_S1.);
#1116 = CIRCLE('',#1117,3.);
#1117 = AXIS2_PLACEMENT_3D('',#1118,#1119,#1120);
#1118 = CARTESIAN_POINT('',(164.4,-57.5,-1.));
#1119 = DIRECTION('',(-0.,-0.,-1.));
#1120 = DIRECTION('',(0.,-1.,0.));
#1121 = PCURVE('',#370,#1122);
#1122 = DEFINITIONAL_REPRESENTATION('',(#1123),#1131);
#1123 = ( BOUNDED_CURVE() B_SPLINE_CURVE(2,(#1124,#1125,#1126,#1127,
#1128,#1129,#1130),.UNSPECIFIED.,.T.,.F.) B_SPLINE_CURVE_WITH_KNOTS((1,2
    ,2,2,2,1),(-2.094395102393,0.,2.094395102393,4.188790204786,
6.28318530718,8.377580409573),.UNSPECIFIED.) CURVE() 
GEOMETRIC_REPRESENTATION_ITEM() RATIONAL_B_SPLINE_CURVE((1.,0.5,1.,0.5,
1.,0.5,1.)) REPRESENTATION_ITEM('') );
#1124 = CARTESIAN_POINT('',(163.4,-3.4375));
#1125 = CARTESIAN_POINT('',(158.20384757729,-3.4375));
#1126 = CARTESIAN_POINT('',(160.80192378864,1.0625));
#1127 = CARTESIAN_POINT('',(163.4,5.5625));
#1128 = CARTESIAN_POINT('',(165.99807621135,1.0625));
#1129 = CARTESIAN_POINT('',(168.5961524227,-3.4375));
#1130 = CARTESIAN_POINT('',(163.4,-3.4375));
#1131 = ( GEOMETRIC_REPRESENTATION_CONTEXT(2) 
PARAMETRIC_REPRESENTATION_CONTEXT() REPRESENTATION_CONTEXT('2D SPACE',''
  ) );
#1132 = PCURVE('',#1024,#1133);
#1133 = DEFINITIONAL_REPRESENTATION('',(#1134),#1138);
#1134 = LINE('',#1135,#1136);
#1135 = CARTESIAN_POINT('',(4.712388980385,-1.));
#1136 = VECTOR('',#1137,1.);
#1137 = DIRECTION('',(-1.,0.));
#1138 = ( GEOMETRIC_REPRESENTATION_CONTEXT(2) 
PARAMETRIC_REPRESENTATION_CONTEXT() REPRESENTATION_CONTEXT('2D SPACE',''
  ) );
#1139 = ORIENTED_EDGE('',*,*,#985,.T.);
#1140 = ORIENTED_EDGE('',*,*,#352,.T.);
#1141 = ORIENTED_EDGE('',*,*,#480,.F.);
#1142 = ORIENTED_EDGE('',*,*,#526,.T.);
#1143 = ORIENTED_EDGE('',*,*,#627,.F.);
#1144 = ORIENTED_EDGE('',*,*,#1145,.T.);
#1145 = EDGE_CURVE('',#628,#1146,#1148,.T.);
#1146 = VERTEX_POINT('',#1147);
#1147 = CARTESIAN_POINT('',(58.879852726769,-53.625,-1.));
#1148 = SURFACE_CURVE('',#1149,(#1153,#1160),.PCURVE_S1.);
#1149 = LINE('',#1150,#1151);
#1150 = CARTESIAN_POINT('',(167.4,-53.625,-1.));
#1151 = VECTOR('',#1152,1.);
#1152 = DIRECTION('',(-1.,0.,0.));
#1153 = PCURVE('',#370,#1154);
#1154 = DEFINITIONAL_REPRESENTATION('',(#1155),#1159);
#1155 = LINE('',#1156,#1157);
#1156 = CARTESIAN_POINT('',(166.4,3.4375));
#1157 = VECTOR('',#1158,1.);
#1158 = DIRECTION('',(-1.,0.));
#1159 = ( GEOMETRIC_REPRESENTATION_CONTEXT(2) 
PARAMETRIC_REPRESENTATION_CONTEXT() REPRESENTATION_CONTEXT('2D SPACE',''
  ) );
#1160 = PCURVE('',#666,#1161);
#1161 = DEFINITIONAL_REPRESENTATION('',(#1162),#1166);
#1162 = LINE('',#1163,#1164);
#1163 = CARTESIAN_POINT('',(0.,-0.));
#1164 = VECTOR('',#1165,1.);
#1165 = DIRECTION('',(1.,0.));
#1166 = ( GEOMETRIC_REPRESENTATION_CONTEXT(2) 
PARAMETRIC_REPRESENTATION_CONTEXT() REPRESENTATION_CONTEXT('2D SPACE',''
  ) );
#1167 = ORIENTED_EDGE('',*,*,#1168,.F.);
#1168 = EDGE_CURVE('',#1169,#1146,#1171,.T.);
#1169 = VERTEX_POINT('',#1170);
#1170 = CARTESIAN_POINT('',(51.920147273231,-53.625,-1.));
#1171 = SURFACE_CURVE('',#1172,(#1177,#1184),.PCURVE_S1.);
#1172 = CIRCLE('',#1173,3.5);
#1173 = AXIS2_PLACEMENT_3D('',#1174,#1175,#1176);
#1174 = CARTESIAN_POINT('',(55.4,-53.25,-1.));
#1175 = DIRECTION('',(0.,0.,1.));
#1176 = DIRECTION('',(1.,0.,0.));
#1177 = PCURVE('',#370,#1178);
#1178 = DEFINITIONAL_REPRESENTATION('',(#1179),#1183);
#1179 = CIRCLE('',#1180,3.5);
#1180 = AXIS2_PLACEMENT_2D('',#1181,#1182);
#1181 = CARTESIAN_POINT('',(54.4,3.8125));
#1182 = DIRECTION('',(1.,0.));
#1183 = ( GEOMETRIC_REPRESENTATION_CONTEXT(2) 
PARAMETRIC_REPRESENTATION_CONTEXT() REPRESENTATION_CONTEXT('2D SPACE',''
  ) );
#1184 = PCURVE('',#1185,#1190);
#1185 = CYLINDRICAL_SURFACE('',#1186,3.5);
#1186 = AXIS2_PLACEMENT_3D('',#1187,#1188,#1189);
#1187 = CARTESIAN_POINT('',(55.4,-53.25,-1.));
#1188 = DIRECTION('',(-0.,-0.,-1.));
#1189 = DIRECTION('',(1.,0.,0.));
#1190 = DEFINITIONAL_REPRESENTATION('',(#1191),#1195);
#1191 = LINE('',#1192,#1193);
#1192 = CARTESIAN_POINT('',(-0.,0.));
#1193 = VECTOR('',#1194,1.);
#1194 = DIRECTION('',(-1.,0.));
#1195 = ( GEOMETRIC_REPRESENTATION_CONTEXT(2) 
PARAMETRIC_REPRESENTATION_CONTEXT() REPRESENTATION_CONTEXT('2D SPACE',''
  ) );
#1196 = ORIENTED_EDGE('',*,*,#1197,.T.);
#1197 = EDGE_CURVE('',#1169,#1198,#1200,.T.);
#1198 = VERTEX_POINT('',#1199);
#1199 = CARTESIAN_POINT('',(33.625,-53.625,-1.));
#1200 = SURFACE_CURVE('',#1201,(#1205,#1212),.PCURVE_S1.);
#1201 = LINE('',#1202,#1203);
#1202 = CARTESIAN_POINT('',(167.4,-53.625,-1.));
#1203 = VECTOR('',#1204,1.);
#1204 = DIRECTION('',(-1.,0.,0.));
#1205 = PCURVE('',#370,#1206);
#1206 = DEFINITIONAL_REPRESENTATION('',(#1207),#1211);
#1207 = LINE('',#1208,#1209);
#1208 = CARTESIAN_POINT('',(166.4,3.4375));
#1209 = VECTOR('',#1210,1.);
#1210 = DIRECTION('',(-1.,0.));
#1211 = ( GEOMETRIC_REPRESENTATION_CONTEXT(2) 
PARAMETRIC_REPRESENTATION_CONTEXT() REPRESENTATION_CONTEXT('2D SPACE',''
  ) );
#1212 = PCURVE('',#1213,#1218);
#1213 = PLANE('',#1214);
#1214 = AXIS2_PLACEMENT_3D('',#1215,#1216,#1217);
#1215 = CARTESIAN_POINT('',(167.4,-53.625,-1.));
#1216 = DIRECTION('',(0.,-1.,0.));
#1217 = DIRECTION('',(-1.,0.,0.));
#1218 = DEFINITIONAL_REPRESENTATION('',(#1219),#1223);
#1219 = LINE('',#1220,#1221);
#1220 = CARTESIAN_POINT('',(0.,-0.));
#1221 = VECTOR('',#1222,1.);
#1222 = DIRECTION('',(1.,0.));
#1223 = ( GEOMETRIC_REPRESENTATION_CONTEXT(2) 
PARAMETRIC_REPRESENTATION_CONTEXT() REPRESENTATION_CONTEXT('2D SPACE',''
  ) );
#1224 = ORIENTED_EDGE('',*,*,#1225,.F.);
#1225 = EDGE_CURVE('',#1226,#1198,#1228,.T.);
#1226 = VERTEX_POINT('',#1227);
#1227 = CARTESIAN_POINT('',(33.625,-60.5,-1.));
#1228 = SURFACE_CURVE('',#1229,(#1233,#1240),.PCURVE_S1.);
#1229 = LINE('',#1230,#1231);
#1230 = CARTESIAN_POINT('',(33.625,-61.,-1.));
#1231 = VECTOR('',#1232,1.);
#1232 = DIRECTION('',(0.,1.,0.));
#1233 = PCURVE('',#370,#1234);
#1234 = DEFINITIONAL_REPRESENTATION('',(#1235),#1239);
#1235 = LINE('',#1236,#1237);
#1236 = CARTESIAN_POINT('',(32.625,-3.9375));
#1237 = VECTOR('',#1238,1.);
#1238 = DIRECTION('',(0.,1.));
#1239 = ( GEOMETRIC_REPRESENTATION_CONTEXT(2) 
PARAMETRIC_REPRESENTATION_CONTEXT() REPRESENTATION_CONTEXT('2D SPACE',''
  ) );
#1240 = PCURVE('',#1241,#1246);
#1241 = PLANE('',#1242);
#1242 = AXIS2_PLACEMENT_3D('',#1243,#1244,#1245);
#1243 = CARTESIAN_POINT('',(33.625,-61.,-1.));
#1244 = DIRECTION('',(-1.,0.,0.));
#1245 = DIRECTION('',(0.,1.,0.));
#1246 = DEFINITIONAL_REPRESENTATION('',(#1247),#1251);
#1247 = LINE('',#1248,#1249);
#1248 = CARTESIAN_POINT('',(0.,0.));
#1249 = VECTOR('',#1250,1.);
#1250 = DIRECTION('',(1.,0.));
#1251 = ( GEOMETRIC_REPRESENTATION_CONTEXT(2) 
PARAMETRIC_REPRESENTATION_CONTEXT() REPRESENTATION_CONTEXT('2D SPACE',''
  ) );
#1252 = ORIENTED_EDGE('',*,*,#1253,.T.);
#1253 = EDGE_CURVE('',#1226,#1113,#1254,.T.);
#1254 = SURFACE_CURVE('',#1255,(#1259,#1266),.PCURVE_S1.);
#1255 = LINE('',#1256,#1257);
#1256 = CARTESIAN_POINT('',(-165.4,-60.5,-1.));
#1257 = VECTOR('',#1258,1.);
#1258 = DIRECTION('',(1.,0.,0.));
#1259 = PCURVE('',#370,#1260);
#1260 = DEFINITIONAL_REPRESENTATION('',(#1261),#1265);
#1261 = LINE('',#1262,#1263);
#1262 = CARTESIAN_POINT('',(-166.4,-3.4375));
#1263 = VECTOR('',#1264,1.);
#1264 = DIRECTION('',(1.,0.));
#1265 = ( GEOMETRIC_REPRESENTATION_CONTEXT(2) 
PARAMETRIC_REPRESENTATION_CONTEXT() REPRESENTATION_CONTEXT('2D SPACE',''
  ) );
#1266 = PCURVE('',#1267,#1272);
#1267 = PLANE('',#1268);
#1268 = AXIS2_PLACEMENT_3D('',#1269,#1270,#1271);
#1269 = CARTESIAN_POINT('',(-165.4,-60.5,0.));
#1270 = DIRECTION('',(0.,1.,0.));
#1271 = DIRECTION('',(1.,0.,0.));
#1272 = DEFINITIONAL_REPRESENTATION('',(#1273),#1277);
#1273 = LINE('',#1274,#1275);
#1274 = CARTESIAN_POINT('',(0.,1.));
#1275 = VECTOR('',#1276,1.);
#1276 = DIRECTION('',(1.,0.));
#1277 = ( GEOMETRIC_REPRESENTATION_CONTEXT(2) 
PARAMETRIC_REPRESENTATION_CONTEXT() REPRESENTATION_CONTEXT('2D SPACE',''
  ) );
#1278 = FACE_BOUND('',#1279,.F.);
#1279 = EDGE_LOOP('',(#1280));
#1280 = ORIENTED_EDGE('',*,*,#1281,.F.);
#1281 = EDGE_CURVE('',#1282,#1282,#1284,.T.);
#1282 = VERTEX_POINT('',#1283);
#1283 = CARTESIAN_POINT('',(156.825,-56.125,-1.));
#1284 = SURFACE_CURVE('',#1285,(#1290,#1297),.PCURVE_S1.);
#1285 = CIRCLE('',#1286,1.2);
#1286 = AXIS2_PLACEMENT_3D('',#1287,#1288,#1289);
#1287 = CARTESIAN_POINT('',(155.625,-56.125,-1.));
#1288 = DIRECTION('',(0.,0.,1.));
#1289 = DIRECTION('',(1.,0.,0.));
#1290 = PCURVE('',#370,#1291);
#1291 = DEFINITIONAL_REPRESENTATION('',(#1292),#1296);
#1292 = CIRCLE('',#1293,1.2);
#1293 = AXIS2_PLACEMENT_2D('',#1294,#1295);
#1294 = CARTESIAN_POINT('',(154.625,0.9375));
#1295 = DIRECTION('',(1.,0.));
#1296 = ( GEOMETRIC_REPRESENTATION_CONTEXT(2) 
PARAMETRIC_REPRESENTATION_CONTEXT() REPRESENTATION_CONTEXT('2D SPACE',''
  ) );
#1297 = PCURVE('',#1298,#1303);
#1298 = CYLINDRICAL_SURFACE('',#1299,1.2);
#1299 = AXIS2_PLACEMENT_3D('',#1300,#1301,#1302);
#1300 = CARTESIAN_POINT('',(155.625,-56.125,-1.));
#1301 = DIRECTION('',(-0.,-0.,-1.));
#1302 = DIRECTION('',(1.,0.,0.));
#1303 = DEFINITIONAL_REPRESENTATION('',(#1304),#1308);
#1304 = LINE('',#1305,#1306);
#1305 = CARTESIAN_POINT('',(-0.,0.));
#1306 = VECTOR('',#1307,1.);
#1307 = DIRECTION('',(-1.,0.));
#1308 = ( GEOMETRIC_REPRESENTATION_CONTEXT(2) 
PARAMETRIC_REPRESENTATION_CONTEXT() REPRESENTATION_CONTEXT('2D SPACE',''
  ) );
#1309 = ADVANCED_FACE('',(#1310,#1313),#465,.F.);
#1310 = FACE_BOUND('',#1311,.F.);
#1311 = EDGE_LOOP('',(#1312));
#1312 = ORIENTED_EDGE('',*,*,#450,.T.);
#1313 = FACE_BOUND('',#1314,.F.);
#1314 = EDGE_LOOP('',(#1315));
#1315 = ORIENTED_EDGE('',*,*,#1316,.F.);
#1316 = EDGE_CURVE('',#1317,#1317,#1319,.T.);
#1317 = VERTEX_POINT('',#1318);
#1318 = CARTESIAN_POINT('',(163.75,-53.25,1.));
#1319 = SURFACE_CURVE('',#1320,(#1325,#1332),.PCURVE_S1.);
#1320 = CIRCLE('',#1321,3.35);
#1321 = AXIS2_PLACEMENT_3D('',#1322,#1323,#1324);
#1322 = CARTESIAN_POINT('',(160.4,-53.25,1.));
#1323 = DIRECTION('',(0.,0.,1.));
#1324 = DIRECTION('',(1.,0.,-0.));
#1325 = PCURVE('',#465,#1326);
#1326 = DEFINITIONAL_REPRESENTATION('',(#1327),#1331);
#1327 = CIRCLE('',#1328,3.35);
#1328 = AXIS2_PLACEMENT_2D('',#1329,#1330);
#1329 = CARTESIAN_POINT('',(0.,0.));
#1330 = DIRECTION('',(1.,0.));
#1331 = ( GEOMETRIC_REPRESENTATION_CONTEXT(2) 
PARAMETRIC_REPRESENTATION_CONTEXT() REPRESENTATION_CONTEXT('2D SPACE',''
  ) );
#1332 = PCURVE('',#1333,#1338);
#1333 = CONICAL_SURFACE('',#1334,3.35,0.489957326254);
#1334 = AXIS2_PLACEMENT_3D('',#1335,#1336,#1337);
#1335 = CARTESIAN_POINT('',(160.4,-53.25,1.));
#1336 = DIRECTION('',(-0.,-0.,-1.));
#1337 = DIRECTION('',(1.,0.,-0.));
#1338 = DEFINITIONAL_REPRESENTATION('',(#1339),#1343);
#1339 = LINE('',#1340,#1341);
#1340 = CARTESIAN_POINT('',(-0.,-0.));
#1341 = VECTOR('',#1342,1.);
#1342 = DIRECTION('',(-1.,-0.));
#1343 = ( GEOMETRIC_REPRESENTATION_CONTEXT(2) 
PARAMETRIC_REPRESENTATION_CONTEXT() REPRESENTATION_CONTEXT('2D SPACE',''
  ) );
#1344 = ADVANCED_FACE('',(#1345,#1714,#1745),#753,.F.);
#1345 = FACE_BOUND('',#1346,.F.);
#1346 = EDGE_LOOP('',(#1347,#1382,#1410,#1438,#1467,#1495,#1524,#1552,
    #1581,#1609,#1638,#1659,#1660,#1661,#1662,#1663,#1664,#1688));
#1347 = ORIENTED_EDGE('',*,*,#1348,.F.);
#1348 = EDGE_CURVE('',#1349,#1351,#1353,.T.);
#1349 = VERTEX_POINT('',#1350);
#1350 = CARTESIAN_POINT('',(-165.4,57.5,-1.));
#1351 = VERTEX_POINT('',#1352);
#1352 = CARTESIAN_POINT('',(-162.4,60.5,-1.));
#1353 = SURFACE_CURVE('',#1354,(#1359,#1370),.PCURVE_S1.);
#1354 = CIRCLE('',#1355,3.);
#1355 = AXIS2_PLACEMENT_3D('',#1356,#1357,#1358);
#1356 = CARTESIAN_POINT('',(-162.4,57.5,-1.));
#1357 = DIRECTION('',(-0.,-0.,-1.));
#1358 = DIRECTION('',(0.,-1.,0.));
#1359 = PCURVE('',#753,#1360);
#1360 = DEFINITIONAL_REPRESENTATION('',(#1361),#1369);
#1361 = ( BOUNDED_CURVE() B_SPLINE_CURVE(2,(#1362,#1363,#1364,#1365,
#1366,#1367,#1368),.UNSPECIFIED.,.T.,.F.) B_SPLINE_CURVE_WITH_KNOTS((1,2
    ,2,2,2,1),(-2.094395102393,0.,2.094395102393,4.188790204786,
6.28318530718,8.377580409573),.UNSPECIFIED.) CURVE() 
GEOMETRIC_REPRESENTATION_ITEM() RATIONAL_B_SPLINE_CURVE((1.,0.5,1.,0.5,
1.,0.5,1.)) REPRESENTATION_ITEM('') );
#1362 = CARTESIAN_POINT('',(-163.4,-2.5625));
#1363 = CARTESIAN_POINT('',(-168.5961524227,-2.5625));
#1364 = CARTESIAN_POINT('',(-165.9980762113,1.9375));
#1365 = CARTESIAN_POINT('',(-163.4,6.4375));
#1366 = CARTESIAN_POINT('',(-160.8019237886,1.9375));
#1367 = CARTESIAN_POINT('',(-158.2038475772,-2.5625));
#1368 = CARTESIAN_POINT('',(-163.4,-2.5625));
#1369 = ( GEOMETRIC_REPRESENTATION_CONTEXT(2) 
PARAMETRIC_REPRESENTATION_CONTEXT() REPRESENTATION_CONTEXT('2D SPACE',''
  ) );
#1370 = PCURVE('',#1371,#1376);
#1371 = CYLINDRICAL_SURFACE('',#1372,3.);
#1372 = AXIS2_PLACEMENT_3D('',#1373,#1374,#1375);
#1373 = CARTESIAN_POINT('',(-162.4,57.5,0.));
#1374 = DIRECTION('',(0.,0.,1.));
#1375 = DIRECTION('',(-1.,0.,0.));
#1376 = DEFINITIONAL_REPRESENTATION('',(#1377),#1381);
#1377 = LINE('',#1378,#1379);
#1378 = CARTESIAN_POINT('',(1.570796326795,-1.));
#1379 = VECTOR('',#1380,1.);
#1380 = DIRECTION('',(-1.,0.));
#1381 = ( GEOMETRIC_REPRESENTATION_CONTEXT(2) 
PARAMETRIC_REPRESENTATION_CONTEXT() REPRESENTATION_CONTEXT('2D SPACE',''
  ) );
#1382 = ORIENTED_EDGE('',*,*,#1383,.T.);
#1383 = EDGE_CURVE('',#1349,#1384,#1386,.T.);
#1384 = VERTEX_POINT('',#1385);
#1385 = CARTESIAN_POINT('',(-165.4,53.625,-1.));
#1386 = SURFACE_CURVE('',#1387,(#1391,#1398),.PCURVE_S1.);
#1387 = LINE('',#1388,#1389);
#1388 = CARTESIAN_POINT('',(-165.4,60.5,-1.));
#1389 = VECTOR('',#1390,1.);
#1390 = DIRECTION('',(0.,-1.,0.));
#1391 = PCURVE('',#753,#1392);
#1392 = DEFINITIONAL_REPRESENTATION('',(#1393),#1397);
#1393 = LINE('',#1394,#1395);
#1394 = CARTESIAN_POINT('',(-166.4,3.4375));
#1395 = VECTOR('',#1396,1.);
#1396 = DIRECTION('',(0.,-1.));
#1397 = ( GEOMETRIC_REPRESENTATION_CONTEXT(2) 
PARAMETRIC_REPRESENTATION_CONTEXT() REPRESENTATION_CONTEXT('2D SPACE',''
  ) );
#1398 = PCURVE('',#1399,#1404);
#1399 = PLANE('',#1400);
#1400 = AXIS2_PLACEMENT_3D('',#1401,#1402,#1403);
#1401 = CARTESIAN_POINT('',(-165.4,60.5,0.));
#1402 = DIRECTION('',(1.,0.,-0.));
#1403 = DIRECTION('',(0.,-1.,0.));
#1404 = DEFINITIONAL_REPRESENTATION('',(#1405),#1409);
#1405 = LINE('',#1406,#1407);
#1406 = CARTESIAN_POINT('',(0.,1.));
#1407 = VECTOR('',#1408,1.);
#1408 = DIRECTION('',(1.,0.));
#1409 = ( GEOMETRIC_REPRESENTATION_CONTEXT(2) 
PARAMETRIC_REPRESENTATION_CONTEXT() REPRESENTATION_CONTEXT('2D SPACE',''
  ) );
#1410 = ORIENTED_EDGE('',*,*,#1411,.T.);
#1411 = EDGE_CURVE('',#1384,#1412,#1414,.T.);
#1412 = VERTEX_POINT('',#1413);
#1413 = CARTESIAN_POINT('',(-161.3553976043,53.625,-1.));
#1414 = SURFACE_CURVE('',#1415,(#1419,#1426),.PCURVE_S1.);
#1415 = LINE('',#1416,#1417);
#1416 = CARTESIAN_POINT('',(-165.4,53.625,-1.));
#1417 = VECTOR('',#1418,1.);
#1418 = DIRECTION('',(1.,0.,0.));
#1419 = PCURVE('',#753,#1420);
#1420 = DEFINITIONAL_REPRESENTATION('',(#1421),#1425);
#1421 = LINE('',#1422,#1423);
#1422 = CARTESIAN_POINT('',(-166.4,-3.4375));
#1423 = VECTOR('',#1424,1.);
#1424 = DIRECTION('',(1.,0.));
#1425 = ( GEOMETRIC_REPRESENTATION_CONTEXT(2) 
PARAMETRIC_REPRESENTATION_CONTEXT() REPRESENTATION_CONTEXT('2D SPACE',''
  ) );
#1426 = PCURVE('',#1427,#1432);
#1427 = PLANE('',#1428);
#1428 = AXIS2_PLACEMENT_3D('',#1429,#1430,#1431);
#1429 = CARTESIAN_POINT('',(-165.4,53.625,-1.));
#1430 = DIRECTION('',(0.,1.,0.));
#1431 = DIRECTION('',(1.,0.,0.));
#1432 = DEFINITIONAL_REPRESENTATION('',(#1433),#1437);
#1433 = LINE('',#1434,#1435);
#1434 = CARTESIAN_POINT('',(0.,0.));
#1435 = VECTOR('',#1436,1.);
#1436 = DIRECTION('',(1.,0.));
#1437 = ( GEOMETRIC_REPRESENTATION_CONTEXT(2) 
PARAMETRIC_REPRESENTATION_CONTEXT() REPRESENTATION_CONTEXT('2D SPACE',''
  ) );
#1438 = ORIENTED_EDGE('',*,*,#1439,.F.);
#1439 = EDGE_CURVE('',#1440,#1412,#1442,.T.);
#1440 = VERTEX_POINT('',#1441);
#1441 = CARTESIAN_POINT('',(-155.4446023956,53.625,-1.));
#1442 = SURFACE_CURVE('',#1443,(#1448,#1455),.PCURVE_S1.);
#1443 = CIRCLE('',#1444,3.5);
#1444 = AXIS2_PLACEMENT_3D('',#1445,#1446,#1447);
#1445 = CARTESIAN_POINT('',(-158.4,51.75,-1.));
#1446 = DIRECTION('',(0.,0.,1.));
#1447 = DIRECTION('',(1.,0.,0.));
#1448 = PCURVE('',#753,#1449);
#1449 = DEFINITIONAL_REPRESENTATION('',(#1450),#1454);
#1450 = CIRCLE('',#1451,3.5);
#1451 = AXIS2_PLACEMENT_2D('',#1452,#1453);
#1452 = CARTESIAN_POINT('',(-159.4,-5.3125));
#1453 = DIRECTION('',(1.,0.));
#1454 = ( GEOMETRIC_REPRESENTATION_CONTEXT(2) 
PARAMETRIC_REPRESENTATION_CONTEXT() REPRESENTATION_CONTEXT('2D SPACE',''
  ) );
#1455 = PCURVE('',#1456,#1461);
#1456 = CYLINDRICAL_SURFACE('',#1457,3.5);
#1457 = AXIS2_PLACEMENT_3D('',#1458,#1459,#1460);
#1458 = CARTESIAN_POINT('',(-158.4,51.75,-1.));
#1459 = DIRECTION('',(-0.,-0.,-1.));
#1460 = DIRECTION('',(1.,0.,0.));
#1461 = DEFINITIONAL_REPRESENTATION('',(#1462),#1466);
#1462 = LINE('',#1463,#1464);
#1463 = CARTESIAN_POINT('',(-0.,0.));
#1464 = VECTOR('',#1465,1.);
#1465 = DIRECTION('',(-1.,0.));
#1466 = ( GEOMETRIC_REPRESENTATION_CONTEXT(2) 
PARAMETRIC_REPRESENTATION_CONTEXT() REPRESENTATION_CONTEXT('2D SPACE',''
  ) );
#1467 = ORIENTED_EDGE('',*,*,#1468,.T.);
#1468 = EDGE_CURVE('',#1440,#1469,#1471,.T.);
#1469 = VERTEX_POINT('',#1470);
#1470 = CARTESIAN_POINT('',(-126.0831458152,53.625,-1.));
#1471 = SURFACE_CURVE('',#1472,(#1476,#1483),.PCURVE_S1.);
#1472 = LINE('',#1473,#1474);
#1473 = CARTESIAN_POINT('',(-165.4,53.625,-1.));
#1474 = VECTOR('',#1475,1.);
#1475 = DIRECTION('',(1.,0.,0.));
#1476 = PCURVE('',#753,#1477);
#1477 = DEFINITIONAL_REPRESENTATION('',(#1478),#1482);
#1478 = LINE('',#1479,#1480);
#1479 = CARTESIAN_POINT('',(-166.4,-3.4375));
#1480 = VECTOR('',#1481,1.);
#1481 = DIRECTION('',(1.,0.));
#1482 = ( GEOMETRIC_REPRESENTATION_CONTEXT(2) 
PARAMETRIC_REPRESENTATION_CONTEXT() REPRESENTATION_CONTEXT('2D SPACE',''
  ) );
#1483 = PCURVE('',#1484,#1489);
#1484 = PLANE('',#1485);
#1485 = AXIS2_PLACEMENT_3D('',#1486,#1487,#1488);
#1486 = CARTESIAN_POINT('',(-165.4,53.625,-1.));
#1487 = DIRECTION('',(0.,1.,0.));
#1488 = DIRECTION('',(1.,0.,0.));
#1489 = DEFINITIONAL_REPRESENTATION('',(#1490),#1494);
#1490 = LINE('',#1491,#1492);
#1491 = CARTESIAN_POINT('',(0.,0.));
#1492 = VECTOR('',#1493,1.);
#1493 = DIRECTION('',(1.,0.));
#1494 = ( GEOMETRIC_REPRESENTATION_CONTEXT(2) 
PARAMETRIC_REPRESENTATION_CONTEXT() REPRESENTATION_CONTEXT('2D SPACE',''
  ) );
#1495 = ORIENTED_EDGE('',*,*,#1496,.F.);
#1496 = EDGE_CURVE('',#1497,#1469,#1499,.T.);
#1497 = VERTEX_POINT('',#1498);
#1498 = CARTESIAN_POINT('',(-85.71685418474,53.625,-1.));
#1499 = SURFACE_CURVE('',#1500,(#1505,#1512),.PCURVE_S1.);
#1500 = CIRCLE('',#1501,58.);
#1501 = AXIS2_PLACEMENT_3D('',#1502,#1503,#1504);
#1502 = CARTESIAN_POINT('',(-105.9,-0.75,-1.));
#1503 = DIRECTION('',(0.,0.,1.));
#1504 = DIRECTION('',(1.,0.,0.));
#1505 = PCURVE('',#753,#1506);
#1506 = DEFINITIONAL_REPRESENTATION('',(#1507),#1511);
#1507 = CIRCLE('',#1508,58.);
#1508 = AXIS2_PLACEMENT_2D('',#1509,#1510);
#1509 = CARTESIAN_POINT('',(-106.9,-57.8125));
#1510 = DIRECTION('',(1.,0.));
#1511 = ( GEOMETRIC_REPRESENTATION_CONTEXT(2) 
PARAMETRIC_REPRESENTATION_CONTEXT() REPRESENTATION_CONTEXT('2D SPACE',''
  ) );
#1512 = PCURVE('',#1513,#1518);
#1513 = CYLINDRICAL_SURFACE('',#1514,58.);
#1514 = AXIS2_PLACEMENT_3D('',#1515,#1516,#1517);
#1515 = CARTESIAN_POINT('',(-105.9,-0.75,-1.));
#1516 = DIRECTION('',(-0.,-0.,-1.));
#1517 = DIRECTION('',(1.,0.,0.));
#1518 = DEFINITIONAL_REPRESENTATION('',(#1519),#1523);
#1519 = LINE('',#1520,#1521);
#1520 = CARTESIAN_POINT('',(-0.,0.));
#1521 = VECTOR('',#1522,1.);
#1522 = DIRECTION('',(-1.,0.));
#1523 = ( GEOMETRIC_REPRESENTATION_CONTEXT(2) 
PARAMETRIC_REPRESENTATION_CONTEXT() REPRESENTATION_CONTEXT('2D SPACE',''
  ) );
#1524 = ORIENTED_EDGE('',*,*,#1525,.T.);
#1525 = EDGE_CURVE('',#1497,#1526,#1528,.T.);
#1526 = VERTEX_POINT('',#1527);
#1527 = CARTESIAN_POINT('',(-56.35539760438,53.625,-1.));
#1528 = SURFACE_CURVE('',#1529,(#1533,#1540),.PCURVE_S1.);
#1529 = LINE('',#1530,#1531);
#1530 = CARTESIAN_POINT('',(-165.4,53.625,-1.));
#1531 = VECTOR('',#1532,1.);
#1532 = DIRECTION('',(1.,0.,0.));
#1533 = PCURVE('',#753,#1534);
#1534 = DEFINITIONAL_REPRESENTATION('',(#1535),#1539);
#1535 = LINE('',#1536,#1537);
#1536 = CARTESIAN_POINT('',(-166.4,-3.4375));
#1537 = VECTOR('',#1538,1.);
#1538 = DIRECTION('',(1.,0.));
#1539 = ( GEOMETRIC_REPRESENTATION_CONTEXT(2) 
PARAMETRIC_REPRESENTATION_CONTEXT() REPRESENTATION_CONTEXT('2D SPACE',''
  ) );
#1540 = PCURVE('',#1541,#1546);
#1541 = PLANE('',#1542);
#1542 = AXIS2_PLACEMENT_3D('',#1543,#1544,#1545);
#1543 = CARTESIAN_POINT('',(-165.4,53.625,-1.));
#1544 = DIRECTION('',(0.,1.,0.));
#1545 = DIRECTION('',(1.,0.,0.));
#1546 = DEFINITIONAL_REPRESENTATION('',(#1547),#1551);
#1547 = LINE('',#1548,#1549);
#1548 = CARTESIAN_POINT('',(0.,0.));
#1549 = VECTOR('',#1550,1.);
#1550 = DIRECTION('',(1.,0.));
#1551 = ( GEOMETRIC_REPRESENTATION_CONTEXT(2) 
PARAMETRIC_REPRESENTATION_CONTEXT() REPRESENTATION_CONTEXT('2D SPACE',''
  ) );
#1552 = ORIENTED_EDGE('',*,*,#1553,.F.);
#1553 = EDGE_CURVE('',#1554,#1526,#1556,.T.);
#1554 = VERTEX_POINT('',#1555);
#1555 = CARTESIAN_POINT('',(-50.44460239561,53.625,-1.));
#1556 = SURFACE_CURVE('',#1557,(#1562,#1569),.PCURVE_S1.);
#1557 = CIRCLE('',#1558,3.5);
#1558 = AXIS2_PLACEMENT_3D('',#1559,#1560,#1561);
#1559 = CARTESIAN_POINT('',(-53.4,51.75,-1.));
#1560 = DIRECTION('',(0.,0.,1.));
#1561 = DIRECTION('',(1.,0.,0.));
#1562 = PCURVE('',#753,#1563);
#1563 = DEFINITIONAL_REPRESENTATION('',(#1564),#1568);
#1564 = CIRCLE('',#1565,3.5);
#1565 = AXIS2_PLACEMENT_2D('',#1566,#1567);
#1566 = CARTESIAN_POINT('',(-54.4,-5.3125));
#1567 = DIRECTION('',(1.,0.));
#1568 = ( GEOMETRIC_REPRESENTATION_CONTEXT(2) 
PARAMETRIC_REPRESENTATION_CONTEXT() REPRESENTATION_CONTEXT('2D SPACE',''
  ) );
#1569 = PCURVE('',#1570,#1575);
#1570 = CYLINDRICAL_SURFACE('',#1571,3.5);
#1571 = AXIS2_PLACEMENT_3D('',#1572,#1573,#1574);
#1572 = CARTESIAN_POINT('',(-53.4,51.75,-1.));
#1573 = DIRECTION('',(-0.,-0.,-1.));
#1574 = DIRECTION('',(1.,0.,0.));
#1575 = DEFINITIONAL_REPRESENTATION('',(#1576),#1580);
#1576 = LINE('',#1577,#1578);
#1577 = CARTESIAN_POINT('',(-0.,0.));
#1578 = VECTOR('',#1579,1.);
#1579 = DIRECTION('',(-1.,0.));
#1580 = ( GEOMETRIC_REPRESENTATION_CONTEXT(2) 
PARAMETRIC_REPRESENTATION_CONTEXT() REPRESENTATION_CONTEXT('2D SPACE',''
  ) );
#1581 = ORIENTED_EDGE('',*,*,#1582,.T.);
#1582 = EDGE_CURVE('',#1554,#1583,#1585,.T.);
#1583 = VERTEX_POINT('',#1584);
#1584 = CARTESIAN_POINT('',(52.444602395616,53.625,-1.));
#1585 = SURFACE_CURVE('',#1586,(#1590,#1597),.PCURVE_S1.);
#1586 = LINE('',#1587,#1588);
#1587 = CARTESIAN_POINT('',(-165.4,53.625,-1.));
#1588 = VECTOR('',#1589,1.);
#1589 = DIRECTION('',(1.,0.,0.));
#1590 = PCURVE('',#753,#1591);
#1591 = DEFINITIONAL_REPRESENTATION('',(#1592),#1596);
#1592 = LINE('',#1593,#1594);
#1593 = CARTESIAN_POINT('',(-166.4,-3.4375));
#1594 = VECTOR('',#1595,1.);
#1595 = DIRECTION('',(1.,0.));
#1596 = ( GEOMETRIC_REPRESENTATION_CONTEXT(2) 
PARAMETRIC_REPRESENTATION_CONTEXT() REPRESENTATION_CONTEXT('2D SPACE',''
  ) );
#1597 = PCURVE('',#1598,#1603);
#1598 = PLANE('',#1599);
#1599 = AXIS2_PLACEMENT_3D('',#1600,#1601,#1602);
#1600 = CARTESIAN_POINT('',(-165.4,53.625,-1.));
#1601 = DIRECTION('',(0.,1.,0.));
#1602 = DIRECTION('',(1.,0.,0.));
#1603 = DEFINITIONAL_REPRESENTATION('',(#1604),#1608);
#1604 = LINE('',#1605,#1606);
#1605 = CARTESIAN_POINT('',(0.,0.));
#1606 = VECTOR('',#1607,1.);
#1607 = DIRECTION('',(1.,0.));
#1608 = ( GEOMETRIC_REPRESENTATION_CONTEXT(2) 
PARAMETRIC_REPRESENTATION_CONTEXT() REPRESENTATION_CONTEXT('2D SPACE',''
  ) );
#1609 = ORIENTED_EDGE('',*,*,#1610,.F.);
#1610 = EDGE_CURVE('',#1611,#1583,#1613,.T.);
#1611 = VERTEX_POINT('',#1612);
#1612 = CARTESIAN_POINT('',(58.355397604384,53.625,-1.));
#1613 = SURFACE_CURVE('',#1614,(#1619,#1626),.PCURVE_S1.);
#1614 = CIRCLE('',#1615,3.5);
#1615 = AXIS2_PLACEMENT_3D('',#1616,#1617,#1618);
#1616 = CARTESIAN_POINT('',(55.4,51.75,-1.));
#1617 = DIRECTION('',(0.,0.,1.));
#1618 = DIRECTION('',(1.,0.,0.));
#1619 = PCURVE('',#753,#1620);
#1620 = DEFINITIONAL_REPRESENTATION('',(#1621),#1625);
#1621 = CIRCLE('',#1622,3.5);
#1622 = AXIS2_PLACEMENT_2D('',#1623,#1624);
#1623 = CARTESIAN_POINT('',(54.4,-5.3125));
#1624 = DIRECTION('',(1.,0.));
#1625 = ( GEOMETRIC_REPRESENTATION_CONTEXT(2) 
PARAMETRIC_REPRESENTATION_CONTEXT() REPRESENTATION_CONTEXT('2D SPACE',''
  ) );
#1626 = PCURVE('',#1627,#1632);
#1627 = CYLINDRICAL_SURFACE('',#1628,3.5);
#1628 = AXIS2_PLACEMENT_3D('',#1629,#1630,#1631);
#1629 = CARTESIAN_POINT('',(55.4,51.75,-1.));
#1630 = DIRECTION('',(-0.,-0.,-1.));
#1631 = DIRECTION('',(1.,0.,0.));
#1632 = DEFINITIONAL_REPRESENTATION('',(#1633),#1637);
#1633 = LINE('',#1634,#1635);
#1634 = CARTESIAN_POINT('',(-0.,0.));
#1635 = VECTOR('',#1636,1.);
#1636 = DIRECTION('',(-1.,0.));
#1637 = ( GEOMETRIC_REPRESENTATION_CONTEXT(2) 
PARAMETRIC_REPRESENTATION_CONTEXT() REPRESENTATION_CONTEXT('2D SPACE',''
  ) );
#1638 = ORIENTED_EDGE('',*,*,#1639,.T.);
#1639 = EDGE_CURVE('',#1611,#711,#1640,.T.);
#1640 = SURFACE_CURVE('',#1641,(#1645,#1652),.PCURVE_S1.);
#1641 = LINE('',#1642,#1643);
#1642 = CARTESIAN_POINT('',(-165.4,53.625,-1.));
#1643 = VECTOR('',#1644,1.);
#1644 = DIRECTION('',(1.,0.,0.));
#1645 = PCURVE('',#753,#1646);
#1646 = DEFINITIONAL_REPRESENTATION('',(#1647),#1651);
#1647 = LINE('',#1648,#1649);
#1648 = CARTESIAN_POINT('',(-166.4,-3.4375));
#1649 = VECTOR('',#1650,1.);
#1650 = DIRECTION('',(1.,0.));
#1651 = ( GEOMETRIC_REPRESENTATION_CONTEXT(2) 
PARAMETRIC_REPRESENTATION_CONTEXT() REPRESENTATION_CONTEXT('2D SPACE',''
  ) );
#1652 = PCURVE('',#725,#1653);
#1653 = DEFINITIONAL_REPRESENTATION('',(#1654),#1658);
#1654 = LINE('',#1655,#1656);
#1655 = CARTESIAN_POINT('',(0.,0.));
#1656 = VECTOR('',#1657,1.);
#1657 = DIRECTION('',(1.,0.));
#1658 = ( GEOMETRIC_REPRESENTATION_CONTEXT(2) 
PARAMETRIC_REPRESENTATION_CONTEXT() REPRESENTATION_CONTEXT('2D SPACE',''
  ) );
#1659 = ORIENTED_EDGE('',*,*,#736,.F.);
#1660 = ORIENTED_EDGE('',*,*,#787,.T.);
#1661 = ORIENTED_EDGE('',*,*,#888,.F.);
#1662 = ORIENTED_EDGE('',*,*,#934,.T.);
#1663 = ORIENTED_EDGE('',*,*,#1087,.T.);
#1664 = ORIENTED_EDGE('',*,*,#1665,.T.);
#1665 = EDGE_CURVE('',#1060,#1666,#1668,.T.);
#1666 = VERTEX_POINT('',#1667);
#1667 = CARTESIAN_POINT('',(164.4,60.5,-1.));
#1668 = SURFACE_CURVE('',#1669,(#1674,#1681),.PCURVE_S1.);
#1669 = CIRCLE('',#1670,3.);
#1670 = AXIS2_PLACEMENT_3D('',#1671,#1672,#1673);
#1671 = CARTESIAN_POINT('',(164.4,57.5,-1.));
#1672 = DIRECTION('',(0.,0.,1.));
#1673 = DIRECTION('',(0.,-1.,0.));
#1674 = PCURVE('',#753,#1675);
#1675 = DEFINITIONAL_REPRESENTATION('',(#1676),#1680);
#1676 = CIRCLE('',#1677,3.);
#1677 = AXIS2_PLACEMENT_2D('',#1678,#1679);
#1678 = CARTESIAN_POINT('',(163.4,0.4375));
#1679 = DIRECTION('',(0.,-1.));
#1680 = ( GEOMETRIC_REPRESENTATION_CONTEXT(2) 
PARAMETRIC_REPRESENTATION_CONTEXT() REPRESENTATION_CONTEXT('2D SPACE',''
  ) );
#1681 = PCURVE('',#1075,#1682);
#1682 = DEFINITIONAL_REPRESENTATION('',(#1683),#1687);
#1683 = LINE('',#1684,#1685);
#1684 = CARTESIAN_POINT('',(-1.570796326795,-1.));
#1685 = VECTOR('',#1686,1.);
#1686 = DIRECTION('',(1.,0.));
#1687 = ( GEOMETRIC_REPRESENTATION_CONTEXT(2) 
PARAMETRIC_REPRESENTATION_CONTEXT() REPRESENTATION_CONTEXT('2D SPACE',''
  ) );
#1688 = ORIENTED_EDGE('',*,*,#1689,.T.);
#1689 = EDGE_CURVE('',#1666,#1351,#1690,.T.);
#1690 = SURFACE_CURVE('',#1691,(#1695,#1702),.PCURVE_S1.);
#1691 = LINE('',#1692,#1693);
#1692 = CARTESIAN_POINT('',(167.4,60.5,-1.));
#1693 = VECTOR('',#1694,1.);
#1694 = DIRECTION('',(-1.,0.,0.));
#1695 = PCURVE('',#753,#1696);
#1696 = DEFINITIONAL_REPRESENTATION('',(#1697),#1701);
#1697 = LINE('',#1698,#1699);
#1698 = CARTESIAN_POINT('',(166.4,3.4375));
#1699 = VECTOR('',#1700,1.);
#1700 = DIRECTION('',(-1.,0.));
#1701 = ( GEOMETRIC_REPRESENTATION_CONTEXT(2) 
PARAMETRIC_REPRESENTATION_CONTEXT() REPRESENTATION_CONTEXT('2D SPACE',''
  ) );
#1702 = PCURVE('',#1703,#1708);
#1703 = PLANE('',#1704);
#1704 = AXIS2_PLACEMENT_3D('',#1705,#1706,#1707);
#1705 = CARTESIAN_POINT('',(167.4,60.5,0.));
#1706 = DIRECTION('',(0.,-1.,0.));
#1707 = DIRECTION('',(-1.,0.,0.));
#1708 = DEFINITIONAL_REPRESENTATION('',(#1709),#1713);
#1709 = LINE('',#1710,#1711);
#1710 = CARTESIAN_POINT('',(0.,1.));
#1711 = VECTOR('',#1712,1.);
#1712 = DIRECTION('',(1.,0.));
#1713 = ( GEOMETRIC_REPRESENTATION_CONTEXT(2) 
PARAMETRIC_REPRESENTATION_CONTEXT() REPRESENTATION_CONTEXT('2D SPACE',''
  ) );
#1714 = FACE_BOUND('',#1715,.F.);
#1715 = EDGE_LOOP('',(#1716));
#1716 = ORIENTED_EDGE('',*,*,#1717,.F.);
#1717 = EDGE_CURVE('',#1718,#1718,#1720,.T.);
#1718 = VERTEX_POINT('',#1719);
#1719 = CARTESIAN_POINT('',(-153.675,56.125,-1.));
#1720 = SURFACE_CURVE('',#1721,(#1726,#1733),.PCURVE_S1.);
#1721 = CIRCLE('',#1722,1.2);
#1722 = AXIS2_PLACEMENT_3D('',#1723,#1724,#1725);
#1723 = CARTESIAN_POINT('',(-154.875,56.125,-1.));
#1724 = DIRECTION('',(0.,0.,1.));
#1725 = DIRECTION('',(1.,0.,0.));
#1726 = PCURVE('',#753,#1727);
#1727 = DEFINITIONAL_REPRESENTATION('',(#1728),#1732);
#1728 = CIRCLE('',#1729,1.2);
#1729 = AXIS2_PLACEMENT_2D('',#1730,#1731);
#1730 = CARTESIAN_POINT('',(-155.875,-0.9375));
#1731 = DIRECTION('',(1.,0.));
#1732 = ( GEOMETRIC_REPRESENTATION_CONTEXT(2) 
PARAMETRIC_REPRESENTATION_CONTEXT() REPRESENTATION_CONTEXT('2D SPACE',''
  ) );
#1733 = PCURVE('',#1734,#1739);
#1734 = CYLINDRICAL_SURFACE('',#1735,1.2);
#1735 = AXIS2_PLACEMENT_3D('',#1736,#1737,#1738);
#1736 = CARTESIAN_POINT('',(-154.875,56.125,-1.));
#1737 = DIRECTION('',(-0.,-0.,-1.));
#1738 = DIRECTION('',(1.,0.,0.));
#1739 = DEFINITIONAL_REPRESENTATION('',(#1740),#1744);
#1740 = LINE('',#1741,#1742);
#1741 = CARTESIAN_POINT('',(-0.,0.));
#1742 = VECTOR('',#1743,1.);
#1743 = DIRECTION('',(-1.,0.));
#1744 = ( GEOMETRIC_REPRESENTATION_CONTEXT(2) 
PARAMETRIC_REPRESENTATION_CONTEXT() REPRESENTATION_CONTEXT('2D SPACE',''
  ) );
#1745 = FACE_BOUND('',#1746,.F.);
#1746 = EDGE_LOOP('',(#1747));
#1747 = ORIENTED_EDGE('',*,*,#1748,.F.);
#1748 = EDGE_CURVE('',#1749,#1749,#1751,.T.);
#1749 = VERTEX_POINT('',#1750);
#1750 = CARTESIAN_POINT('',(157.075,56.125,-1.));
#1751 = SURFACE_CURVE('',#1752,(#1757,#1764),.PCURVE_S1.);
#1752 = CIRCLE('',#1753,1.2);
#1753 = AXIS2_PLACEMENT_3D('',#1754,#1755,#1756);
#1754 = CARTESIAN_POINT('',(155.875,56.125,-1.));
#1755 = DIRECTION('',(0.,0.,1.));
#1756 = DIRECTION('',(1.,0.,0.));
#1757 = PCURVE('',#753,#1758);
#1758 = DEFINITIONAL_REPRESENTATION('',(#1759),#1763);
#1759 = CIRCLE('',#1760,1.2);
#1760 = AXIS2_PLACEMENT_2D('',#1761,#1762);
#1761 = CARTESIAN_POINT('',(154.875,-0.9375));
#1762 = DIRECTION('',(1.,0.));
#1763 = ( GEOMETRIC_REPRESENTATION_CONTEXT(2) 
PARAMETRIC_REPRESENTATION_CONTEXT() REPRESENTATION_CONTEXT('2D SPACE',''
  ) );
#1764 = PCURVE('',#1765,#1770);
#1765 = CYLINDRICAL_SURFACE('',#1766,1.2);
#1766 = AXIS2_PLACEMENT_3D('',#1767,#1768,#1769);
#1767 = CARTESIAN_POINT('',(155.875,56.125,-1.));
#1768 = DIRECTION('',(-0.,-0.,-1.));
#1769 = DIRECTION('',(1.,0.,0.));
#1770 = DEFINITIONAL_REPRESENTATION('',(#1771),#1775);
#1771 = LINE('',#1772,#1773);
#1772 = CARTESIAN_POINT('',(-0.,0.));
#1773 = VECTOR('',#1774,1.);
#1774 = DIRECTION('',(-1.,0.));
#1775 = ( GEOMETRIC_REPRESENTATION_CONTEXT(2) 
PARAMETRIC_REPRESENTATION_CONTEXT() REPRESENTATION_CONTEXT('2D SPACE',''
  ) );
#1776 = ADVANCED_FACE('',(#1777),#725,.F.);
#1777 = FACE_BOUND('',#1778,.F.);
#1778 = EDGE_LOOP('',(#1779,#1780,#1801,#1822));
#1779 = ORIENTED_EDGE('',*,*,#1639,.F.);
#1780 = ORIENTED_EDGE('',*,*,#1781,.F.);
#1781 = EDGE_CURVE('',#1782,#1611,#1784,.T.);
#1782 = VERTEX_POINT('',#1783);
#1783 = CARTESIAN_POINT('',(58.355397604385,53.625,0.));
#1784 = SURFACE_CURVE('',#1785,(#1789,#1795),.PCURVE_S1.);
#1785 = LINE('',#1786,#1787);
#1786 = CARTESIAN_POINT('',(58.355397604384,53.625,-1.));
#1787 = VECTOR('',#1788,1.);
#1788 = DIRECTION('',(-0.,-0.,-1.));
#1789 = PCURVE('',#725,#1790);
#1790 = DEFINITIONAL_REPRESENTATION('',(#1791),#1794);
#1791 = B_SPLINE_CURVE_WITH_KNOTS('',1,(#1792,#1793),.UNSPECIFIED.,.F.,
  .F.,(2,2),(-1.1,5.999999999062E-07),.PIECEWISE_BEZIER_KNOTS.);
#1792 = CARTESIAN_POINT('',(223.75539760438,-1.1));
#1793 = CARTESIAN_POINT('',(223.75539760438,5.999999999062E-07));
#1794 = ( GEOMETRIC_REPRESENTATION_CONTEXT(2) 
PARAMETRIC_REPRESENTATION_CONTEXT() REPRESENTATION_CONTEXT('2D SPACE',''
  ) );
#1795 = PCURVE('',#1627,#1796);
#1796 = DEFINITIONAL_REPRESENTATION('',(#1797),#1800);
#1797 = B_SPLINE_CURVE_WITH_KNOTS('',1,(#1798,#1799),.UNSPECIFIED.,.F.,
  .F.,(2,2),(-1.1,5.999999999062E-07),.PIECEWISE_BEZIER_KNOTS.);
#1798 = CARTESIAN_POINT('',(-0.565353430237,-1.1));
#1799 = CARTESIAN_POINT('',(-0.565353430237,5.999999999062E-07));
#1800 = ( GEOMETRIC_REPRESENTATION_CONTEXT(2) 
PARAMETRIC_REPRESENTATION_CONTEXT() REPRESENTATION_CONTEXT('2D SPACE',''
  ) );
#1801 = ORIENTED_EDGE('',*,*,#1802,.T.);
#1802 = EDGE_CURVE('',#1782,#678,#1803,.T.);
#1803 = SURFACE_CURVE('',#1804,(#1808,#1815),.PCURVE_S1.);
#1804 = LINE('',#1805,#1806);
#1805 = CARTESIAN_POINT('',(-165.4,53.625,0.));
#1806 = VECTOR('',#1807,1.);
#1807 = DIRECTION('',(1.,0.,0.));
#1808 = PCURVE('',#725,#1809);
#1809 = DEFINITIONAL_REPRESENTATION('',(#1810),#1814);
#1810 = LINE('',#1811,#1812);
#1811 = CARTESIAN_POINT('',(0.,-1.));
#1812 = VECTOR('',#1813,1.);
#1813 = DIRECTION('',(1.,0.));
#1814 = ( GEOMETRIC_REPRESENTATION_CONTEXT(2) 
PARAMETRIC_REPRESENTATION_CONTEXT() REPRESENTATION_CONTEXT('2D SPACE',''
  ) );
#1815 = PCURVE('',#694,#1816);
#1816 = DEFINITIONAL_REPRESENTATION('',(#1817),#1821);
#1817 = LINE('',#1818,#1819);
#1818 = CARTESIAN_POINT('',(-166.4,53.625));
#1819 = VECTOR('',#1820,1.);
#1820 = DIRECTION('',(1.,0.));
#1821 = ( GEOMETRIC_REPRESENTATION_CONTEXT(2) 
PARAMETRIC_REPRESENTATION_CONTEXT() REPRESENTATION_CONTEXT('2D SPACE',''
  ) );
#1822 = ORIENTED_EDGE('',*,*,#710,.T.);
#1823 = ADVANCED_FACE('',(#1824,#2569,#3975,#4010,#4045,#4080,#4115,
    #5521),#694,.F.);
#1824 = FACE_BOUND('',#1825,.F.);
#1825 = EDGE_LOOP('',(#1826,#1849,#1850,#1851,#1879,#1907,#1930,#1958,
    #1986,#2009,#2037,#2065,#2093,#2126,#2154,#2182,#2210,#2238,#2271,
    #2299,#2332,#2360,#2389,#2417,#2446,#2469,#2492,#2515,#2543));
#1826 = ORIENTED_EDGE('',*,*,#1827,.F.);
#1827 = EDGE_CURVE('',#652,#1828,#1830,.T.);
#1828 = VERTEX_POINT('',#1829);
#1829 = CARTESIAN_POINT('',(58.879852726768,-53.625,0.));
#1830 = SURFACE_CURVE('',#1831,(#1835,#1842),.PCURVE_S1.);
#1831 = LINE('',#1832,#1833);
#1832 = CARTESIAN_POINT('',(167.4,-53.625,0.));
#1833 = VECTOR('',#1834,1.);
#1834 = DIRECTION('',(-1.,0.,0.));
#1835 = PCURVE('',#694,#1836);
#1836 = DEFINITIONAL_REPRESENTATION('',(#1837),#1841);
#1837 = LINE('',#1838,#1839);
#1838 = CARTESIAN_POINT('',(166.4,-53.625));
#1839 = VECTOR('',#1840,1.);
#1840 = DIRECTION('',(-1.,0.));
#1841 = ( GEOMETRIC_REPRESENTATION_CONTEXT(2) 
PARAMETRIC_REPRESENTATION_CONTEXT() REPRESENTATION_CONTEXT('2D SPACE',''
  ) );
#1842 = PCURVE('',#666,#1843);
#1843 = DEFINITIONAL_REPRESENTATION('',(#1844),#1848);
#1844 = LINE('',#1845,#1846);
#1845 = CARTESIAN_POINT('',(0.,-1.));
#1846 = VECTOR('',#1847,1.);
#1847 = DIRECTION('',(1.,0.));
#1848 = ( GEOMETRIC_REPRESENTATION_CONTEXT(2) 
PARAMETRIC_REPRESENTATION_CONTEXT() REPRESENTATION_CONTEXT('2D SPACE',''
  ) );
#1849 = ORIENTED_EDGE('',*,*,#677,.T.);
#1850 = ORIENTED_EDGE('',*,*,#1802,.F.);
#1851 = ORIENTED_EDGE('',*,*,#1852,.T.);
#1852 = EDGE_CURVE('',#1782,#1853,#1855,.T.);
#1853 = VERTEX_POINT('',#1854);
#1854 = CARTESIAN_POINT('',(58.9,51.75,0.));
#1855 = SURFACE_CURVE('',#1856,(#1861,#1872),.PCURVE_S1.);
#1856 = CIRCLE('',#1857,3.5);
#1857 = AXIS2_PLACEMENT_3D('',#1858,#1859,#1860);
#1858 = CARTESIAN_POINT('',(55.4,51.75,0.));
#1859 = DIRECTION('',(0.,0.,-1.));
#1860 = DIRECTION('',(1.,0.,0.));
#1861 = PCURVE('',#694,#1862);
#1862 = DEFINITIONAL_REPRESENTATION('',(#1863),#1871);
#1863 = ( BOUNDED_CURVE() B_SPLINE_CURVE(2,(#1864,#1865,#1866,#1867,
#1868,#1869,#1870),.UNSPECIFIED.,.T.,.F.) B_SPLINE_CURVE_WITH_KNOTS((1,2
    ,2,2,2,1),(-2.094395102393,0.,2.094395102393,4.188790204786,
6.28318530718,8.377580409573),.UNSPECIFIED.) CURVE() 
GEOMETRIC_REPRESENTATION_ITEM() RATIONAL_B_SPLINE_CURVE((1.,0.5,1.,0.5,
1.,0.5,1.)) REPRESENTATION_ITEM('') );
#1864 = CARTESIAN_POINT('',(57.9,51.75));
#1865 = CARTESIAN_POINT('',(57.9,45.687822173509));
#1866 = CARTESIAN_POINT('',(52.65,48.718911086754));
#1867 = CARTESIAN_POINT('',(47.4,51.75));
#1868 = CARTESIAN_POINT('',(52.65,54.781088913246));
#1869 = CARTESIAN_POINT('',(57.9,57.812177826491));
#1870 = CARTESIAN_POINT('',(57.9,51.75));
#1871 = ( GEOMETRIC_REPRESENTATION_CONTEXT(2) 
PARAMETRIC_REPRESENTATION_CONTEXT() REPRESENTATION_CONTEXT('2D SPACE',''
  ) );
#1872 = PCURVE('',#1627,#1873);
#1873 = DEFINITIONAL_REPRESENTATION('',(#1874),#1878);
#1874 = LINE('',#1875,#1876);
#1875 = CARTESIAN_POINT('',(-6.28318530718,-1.));
#1876 = VECTOR('',#1877,1.);
#1877 = DIRECTION('',(1.,-0.));
#1878 = ( GEOMETRIC_REPRESENTATION_CONTEXT(2) 
PARAMETRIC_REPRESENTATION_CONTEXT() REPRESENTATION_CONTEXT('2D SPACE',''
  ) );
#1879 = ORIENTED_EDGE('',*,*,#1880,.T.);
#1880 = EDGE_CURVE('',#1853,#1881,#1883,.T.);
#1881 = VERTEX_POINT('',#1882);
#1882 = CARTESIAN_POINT('',(52.444602395615,53.625,0.));
#1883 = SURFACE_CURVE('',#1884,(#1889,#1900),.PCURVE_S1.);
#1884 = CIRCLE('',#1885,3.5);
#1885 = AXIS2_PLACEMENT_3D('',#1886,#1887,#1888);
#1886 = CARTESIAN_POINT('',(55.4,51.75,0.));
#1887 = DIRECTION('',(0.,0.,-1.));
#1888 = DIRECTION('',(1.,0.,0.));
#1889 = PCURVE('',#694,#1890);
#1890 = DEFINITIONAL_REPRESENTATION('',(#1891),#1899);
#1891 = ( BOUNDED_CURVE() B_SPLINE_CURVE(2,(#1892,#1893,#1894,#1895,
#1896,#1897,#1898),.UNSPECIFIED.,.T.,.F.) B_SPLINE_CURVE_WITH_KNOTS((1,2
    ,2,2,2,1),(-2.094395102393,0.,2.094395102393,4.188790204786,
6.28318530718,8.377580409573),.UNSPECIFIED.) CURVE() 
GEOMETRIC_REPRESENTATION_ITEM() RATIONAL_B_SPLINE_CURVE((1.,0.5,1.,0.5,
1.,0.5,1.)) REPRESENTATION_ITEM('') );
#1892 = CARTESIAN_POINT('',(57.9,51.75));
#1893 = CARTESIAN_POINT('',(57.9,45.687822173509));
#1894 = CARTESIAN_POINT('',(52.65,48.718911086754));
#1895 = CARTESIAN_POINT('',(47.4,51.75));
#1896 = CARTESIAN_POINT('',(52.65,54.781088913246));
#1897 = CARTESIAN_POINT('',(57.9,57.812177826491));
#1898 = CARTESIAN_POINT('',(57.9,51.75));
#1899 = ( GEOMETRIC_REPRESENTATION_CONTEXT(2) 
PARAMETRIC_REPRESENTATION_CONTEXT() REPRESENTATION_CONTEXT('2D SPACE',''
  ) );
#1900 = PCURVE('',#1627,#1901);
#1901 = DEFINITIONAL_REPRESENTATION('',(#1902),#1906);
#1902 = LINE('',#1903,#1904);
#1903 = CARTESIAN_POINT('',(-6.28318530718,-1.));
#1904 = VECTOR('',#1905,1.);
#1905 = DIRECTION('',(1.,-0.));
#1906 = ( GEOMETRIC_REPRESENTATION_CONTEXT(2) 
PARAMETRIC_REPRESENTATION_CONTEXT() REPRESENTATION_CONTEXT('2D SPACE',''
  ) );
#1907 = ORIENTED_EDGE('',*,*,#1908,.F.);
#1908 = EDGE_CURVE('',#1909,#1881,#1911,.T.);
#1909 = VERTEX_POINT('',#1910);
#1910 = CARTESIAN_POINT('',(-50.44460239561,53.625,0.));
#1911 = SURFACE_CURVE('',#1912,(#1916,#1923),.PCURVE_S1.);
#1912 = LINE('',#1913,#1914);
#1913 = CARTESIAN_POINT('',(-165.4,53.625,0.));
#1914 = VECTOR('',#1915,1.);
#1915 = DIRECTION('',(1.,0.,0.));
#1916 = PCURVE('',#694,#1917);
#1917 = DEFINITIONAL_REPRESENTATION('',(#1918),#1922);
#1918 = LINE('',#1919,#1920);
#1919 = CARTESIAN_POINT('',(-166.4,53.625));
#1920 = VECTOR('',#1921,1.);
#1921 = DIRECTION('',(1.,0.));
#1922 = ( GEOMETRIC_REPRESENTATION_CONTEXT(2) 
PARAMETRIC_REPRESENTATION_CONTEXT() REPRESENTATION_CONTEXT('2D SPACE',''
  ) );
#1923 = PCURVE('',#1598,#1924);
#1924 = DEFINITIONAL_REPRESENTATION('',(#1925),#1929);
#1925 = LINE('',#1926,#1927);
#1926 = CARTESIAN_POINT('',(0.,-1.));
#1927 = VECTOR('',#1928,1.);
#1928 = DIRECTION('',(1.,0.));
#1929 = ( GEOMETRIC_REPRESENTATION_CONTEXT(2) 
PARAMETRIC_REPRESENTATION_CONTEXT() REPRESENTATION_CONTEXT('2D SPACE',''
  ) );
#1930 = ORIENTED_EDGE('',*,*,#1931,.T.);
#1931 = EDGE_CURVE('',#1909,#1932,#1934,.T.);
#1932 = VERTEX_POINT('',#1933);
#1933 = CARTESIAN_POINT('',(-49.9,51.75,0.));
#1934 = SURFACE_CURVE('',#1935,(#1940,#1951),.PCURVE_S1.);
#1935 = CIRCLE('',#1936,3.5);
#1936 = AXIS2_PLACEMENT_3D('',#1937,#1938,#1939);
#1937 = CARTESIAN_POINT('',(-53.4,51.75,0.));
#1938 = DIRECTION('',(0.,0.,-1.));
#1939 = DIRECTION('',(1.,0.,0.));
#1940 = PCURVE('',#694,#1941);
#1941 = DEFINITIONAL_REPRESENTATION('',(#1942),#1950);
#1942 = ( BOUNDED_CURVE() B_SPLINE_CURVE(2,(#1943,#1944,#1945,#1946,
#1947,#1948,#1949),.UNSPECIFIED.,.T.,.F.) B_SPLINE_CURVE_WITH_KNOTS((1,2
    ,2,2,2,1),(-2.094395102393,0.,2.094395102393,4.188790204786,
6.28318530718,8.377580409573),.UNSPECIFIED.) CURVE() 
GEOMETRIC_REPRESENTATION_ITEM() RATIONAL_B_SPLINE_CURVE((1.,0.5,1.,0.5,
1.,0.5,1.)) REPRESENTATION_ITEM('') );
#1943 = CARTESIAN_POINT('',(-50.9,51.75));
#1944 = CARTESIAN_POINT('',(-50.9,45.687822173509));
#1945 = CARTESIAN_POINT('',(-56.15,48.718911086754));
#1946 = CARTESIAN_POINT('',(-61.4,51.75));
#1947 = CARTESIAN_POINT('',(-56.15,54.781088913246));
#1948 = CARTESIAN_POINT('',(-50.9,57.812177826491));
#1949 = CARTESIAN_POINT('',(-50.9,51.75));
#1950 = ( GEOMETRIC_REPRESENTATION_CONTEXT(2) 
PARAMETRIC_REPRESENTATION_CONTEXT() REPRESENTATION_CONTEXT('2D SPACE',''
  ) );
#1951 = PCURVE('',#1570,#1952);
#1952 = DEFINITIONAL_REPRESENTATION('',(#1953),#1957);
#1953 = LINE('',#1954,#1955);
#1954 = CARTESIAN_POINT('',(-6.28318530718,-1.));
#1955 = VECTOR('',#1956,1.);
#1956 = DIRECTION('',(1.,-0.));
#1957 = ( GEOMETRIC_REPRESENTATION_CONTEXT(2) 
PARAMETRIC_REPRESENTATION_CONTEXT() REPRESENTATION_CONTEXT('2D SPACE',''
  ) );
#1958 = ORIENTED_EDGE('',*,*,#1959,.T.);
#1959 = EDGE_CURVE('',#1932,#1960,#1962,.T.);
#1960 = VERTEX_POINT('',#1961);
#1961 = CARTESIAN_POINT('',(-56.35539760438,53.625,0.));
#1962 = SURFACE_CURVE('',#1963,(#1968,#1979),.PCURVE_S1.);
#1963 = CIRCLE('',#1964,3.5);
#1964 = AXIS2_PLACEMENT_3D('',#1965,#1966,#1967);
#1965 = CARTESIAN_POINT('',(-53.4,51.75,0.));
#1966 = DIRECTION('',(0.,0.,-1.));
#1967 = DIRECTION('',(1.,0.,0.));
#1968 = PCURVE('',#694,#1969);
#1969 = DEFINITIONAL_REPRESENTATION('',(#1970),#1978);
#1970 = ( BOUNDED_CURVE() B_SPLINE_CURVE(2,(#1971,#1972,#1973,#1974,
#1975,#1976,#1977),.UNSPECIFIED.,.T.,.F.) B_SPLINE_CURVE_WITH_KNOTS((1,2
    ,2,2,2,1),(-2.094395102393,0.,2.094395102393,4.188790204786,
6.28318530718,8.377580409573),.UNSPECIFIED.) CURVE() 
GEOMETRIC_REPRESENTATION_ITEM() RATIONAL_B_SPLINE_CURVE((1.,0.5,1.,0.5,
1.,0.5,1.)) REPRESENTATION_ITEM('') );
#1971 = CARTESIAN_POINT('',(-50.9,51.75));
#1972 = CARTESIAN_POINT('',(-50.9,45.687822173509));
#1973 = CARTESIAN_POINT('',(-56.15,48.718911086754));
#1974 = CARTESIAN_POINT('',(-61.4,51.75));
#1975 = CARTESIAN_POINT('',(-56.15,54.781088913246));
#1976 = CARTESIAN_POINT('',(-50.9,57.812177826491));
#1977 = CARTESIAN_POINT('',(-50.9,51.75));
#1978 = ( GEOMETRIC_REPRESENTATION_CONTEXT(2) 
PARAMETRIC_REPRESENTATION_CONTEXT() REPRESENTATION_CONTEXT('2D SPACE',''
  ) );
#1979 = PCURVE('',#1570,#1980);
#1980 = DEFINITIONAL_REPRESENTATION('',(#1981),#1985);
#1981 = LINE('',#1982,#1983);
#1982 = CARTESIAN_POINT('',(-6.28318530718,-1.));
#1983 = VECTOR('',#1984,1.);
#1984 = DIRECTION('',(1.,-0.));
#1985 = ( GEOMETRIC_REPRESENTATION_CONTEXT(2) 
PARAMETRIC_REPRESENTATION_CONTEXT() REPRESENTATION_CONTEXT('2D SPACE',''
  ) );
#1986 = ORIENTED_EDGE('',*,*,#1987,.F.);
#1987 = EDGE_CURVE('',#1988,#1960,#1990,.T.);
#1988 = VERTEX_POINT('',#1989);
#1989 = CARTESIAN_POINT('',(-85.71685418474,53.625,0.));
#1990 = SURFACE_CURVE('',#1991,(#1995,#2002),.PCURVE_S1.);
#1991 = LINE('',#1992,#1993);
#1992 = CARTESIAN_POINT('',(-165.4,53.625,0.));
#1993 = VECTOR('',#1994,1.);
#1994 = DIRECTION('',(1.,0.,0.));
#1995 = PCURVE('',#694,#1996);
#1996 = DEFINITIONAL_REPRESENTATION('',(#1997),#2001);
#1997 = LINE('',#1998,#1999);
#1998 = CARTESIAN_POINT('',(-166.4,53.625));
#1999 = VECTOR('',#2000,1.);
#2000 = DIRECTION('',(1.,0.));
#2001 = ( GEOMETRIC_REPRESENTATION_CONTEXT(2) 
PARAMETRIC_REPRESENTATION_CONTEXT() REPRESENTATION_CONTEXT('2D SPACE',''
  ) );
#2002 = PCURVE('',#1541,#2003);
#2003 = DEFINITIONAL_REPRESENTATION('',(#2004),#2008);
#2004 = LINE('',#2005,#2006);
#2005 = CARTESIAN_POINT('',(0.,-1.));
#2006 = VECTOR('',#2007,1.);
#2007 = DIRECTION('',(1.,0.));
#2008 = ( GEOMETRIC_REPRESENTATION_CONTEXT(2) 
PARAMETRIC_REPRESENTATION_CONTEXT() REPRESENTATION_CONTEXT('2D SPACE',''
  ) );
#2009 = ORIENTED_EDGE('',*,*,#2010,.T.);
#2010 = EDGE_CURVE('',#1988,#2011,#2013,.T.);
#2011 = VERTEX_POINT('',#2012);
#2012 = CARTESIAN_POINT('',(-47.9,-0.75,0.));
#2013 = SURFACE_CURVE('',#2014,(#2019,#2030),.PCURVE_S1.);
#2014 = CIRCLE('',#2015,58.);
#2015 = AXIS2_PLACEMENT_3D('',#2016,#2017,#2018);
#2016 = CARTESIAN_POINT('',(-105.9,-0.75,0.));
#2017 = DIRECTION('',(0.,0.,-1.));
#2018 = DIRECTION('',(1.,0.,0.));
#2019 = PCURVE('',#694,#2020);
#2020 = DEFINITIONAL_REPRESENTATION('',(#2021),#2029);
#2021 = ( BOUNDED_CURVE() B_SPLINE_CURVE(2,(#2022,#2023,#2024,#2025,
#2026,#2027,#2028),.UNSPECIFIED.,.T.,.F.) B_SPLINE_CURVE_WITH_KNOTS((1,2
    ,2,2,2,1),(-2.094395102393,0.,2.094395102393,4.188790204786,
6.28318530718,8.377580409573),.UNSPECIFIED.) CURVE() 
GEOMETRIC_REPRESENTATION_ITEM() RATIONAL_B_SPLINE_CURVE((1.,0.5,1.,0.5,
1.,0.5,1.)) REPRESENTATION_ITEM('') );
#2022 = CARTESIAN_POINT('',(-48.9,-0.75));
#2023 = CARTESIAN_POINT('',(-48.9,-101.2089468389));
#2024 = CARTESIAN_POINT('',(-135.9,-50.97947341949));
#2025 = CARTESIAN_POINT('',(-222.9,-0.75));
#2026 = CARTESIAN_POINT('',(-135.9,49.479473419497));
#2027 = CARTESIAN_POINT('',(-48.9,99.708946838995));
#2028 = CARTESIAN_POINT('',(-48.9,-0.75));
#2029 = ( GEOMETRIC_REPRESENTATION_CONTEXT(2) 
PARAMETRIC_REPRESENTATION_CONTEXT() REPRESENTATION_CONTEXT('2D SPACE',''
  ) );
#2030 = PCURVE('',#1513,#2031);
#2031 = DEFINITIONAL_REPRESENTATION('',(#2032),#2036);
#2032 = LINE('',#2033,#2034);
#2033 = CARTESIAN_POINT('',(-6.28318530718,-1.));
#2034 = VECTOR('',#2035,1.);
#2035 = DIRECTION('',(1.,-0.));
#2036 = ( GEOMETRIC_REPRESENTATION_CONTEXT(2) 
PARAMETRIC_REPRESENTATION_CONTEXT() REPRESENTATION_CONTEXT('2D SPACE',''
  ) );
#2037 = ORIENTED_EDGE('',*,*,#2038,.T.);
#2038 = EDGE_CURVE('',#2011,#2039,#2041,.T.);
#2039 = VERTEX_POINT('',#2040);
#2040 = CARTESIAN_POINT('',(-82.06233285323,-53.625,0.));
#2041 = SURFACE_CURVE('',#2042,(#2047,#2058),.PCURVE_S1.);
#2042 = CIRCLE('',#2043,58.);
#2043 = AXIS2_PLACEMENT_3D('',#2044,#2045,#2046);
#2044 = CARTESIAN_POINT('',(-105.9,-0.75,0.));
#2045 = DIRECTION('',(0.,0.,-1.));
#2046 = DIRECTION('',(1.,0.,0.));
#2047 = PCURVE('',#694,#2048);
#2048 = DEFINITIONAL_REPRESENTATION('',(#2049),#2057);
#2049 = ( BOUNDED_CURVE() B_SPLINE_CURVE(2,(#2050,#2051,#2052,#2053,
#2054,#2055,#2056),.UNSPECIFIED.,.T.,.F.) B_SPLINE_CURVE_WITH_KNOTS((1,2
    ,2,2,2,1),(-2.094395102393,0.,2.094395102393,4.188790204786,
6.28318530718,8.377580409573),.UNSPECIFIED.) CURVE() 
GEOMETRIC_REPRESENTATION_ITEM() RATIONAL_B_SPLINE_CURVE((1.,0.5,1.,0.5,
1.,0.5,1.)) REPRESENTATION_ITEM('') );
#2050 = CARTESIAN_POINT('',(-48.9,-0.75));
#2051 = CARTESIAN_POINT('',(-48.9,-101.2089468389));
#2052 = CARTESIAN_POINT('',(-135.9,-50.97947341949));
#2053 = CARTESIAN_POINT('',(-222.9,-0.75));
#2054 = CARTESIAN_POINT('',(-135.9,49.479473419497));
#2055 = CARTESIAN_POINT('',(-48.9,99.708946838995));
#2056 = CARTESIAN_POINT('',(-48.9,-0.75));
#2057 = ( GEOMETRIC_REPRESENTATION_CONTEXT(2) 
PARAMETRIC_REPRESENTATION_CONTEXT() REPRESENTATION_CONTEXT('2D SPACE',''
  ) );
#2058 = PCURVE('',#1513,#2059);
#2059 = DEFINITIONAL_REPRESENTATION('',(#2060),#2064);
#2060 = LINE('',#2061,#2062);
#2061 = CARTESIAN_POINT('',(-6.28318530718,-1.));
#2062 = VECTOR('',#2063,1.);
#2063 = DIRECTION('',(1.,-0.));
#2064 = ( GEOMETRIC_REPRESENTATION_CONTEXT(2) 
PARAMETRIC_REPRESENTATION_CONTEXT() REPRESENTATION_CONTEXT('2D SPACE',''
  ) );
#2065 = ORIENTED_EDGE('',*,*,#2066,.F.);
#2066 = EDGE_CURVE('',#2067,#2039,#2069,.T.);
#2067 = VERTEX_POINT('',#2068);
#2068 = CARTESIAN_POINT('',(-56.87985272677,-53.625,0.));
#2069 = SURFACE_CURVE('',#2070,(#2074,#2081),.PCURVE_S1.);
#2070 = LINE('',#2071,#2072);
#2071 = CARTESIAN_POINT('',(167.4,-53.625,0.));
#2072 = VECTOR('',#2073,1.);
#2073 = DIRECTION('',(-1.,0.,0.));
#2074 = PCURVE('',#694,#2075);
#2075 = DEFINITIONAL_REPRESENTATION('',(#2076),#2080);
#2076 = LINE('',#2077,#2078);
#2077 = CARTESIAN_POINT('',(166.4,-53.625));
#2078 = VECTOR('',#2079,1.);
#2079 = DIRECTION('',(-1.,0.));
#2080 = ( GEOMETRIC_REPRESENTATION_CONTEXT(2) 
PARAMETRIC_REPRESENTATION_CONTEXT() REPRESENTATION_CONTEXT('2D SPACE',''
  ) );
#2081 = PCURVE('',#2082,#2087);
#2082 = PLANE('',#2083);
#2083 = AXIS2_PLACEMENT_3D('',#2084,#2085,#2086);
#2084 = CARTESIAN_POINT('',(167.4,-53.625,-1.));
#2085 = DIRECTION('',(0.,-1.,0.));
#2086 = DIRECTION('',(-1.,0.,0.));
#2087 = DEFINITIONAL_REPRESENTATION('',(#2088),#2092);
#2088 = LINE('',#2089,#2090);
#2089 = CARTESIAN_POINT('',(0.,-1.));
#2090 = VECTOR('',#2091,1.);
#2091 = DIRECTION('',(1.,0.));
#2092 = ( GEOMETRIC_REPRESENTATION_CONTEXT(2) 
PARAMETRIC_REPRESENTATION_CONTEXT() REPRESENTATION_CONTEXT('2D SPACE',''
  ) );
#2093 = ORIENTED_EDGE('',*,*,#2094,.T.);
#2094 = EDGE_CURVE('',#2067,#2095,#2097,.T.);
#2095 = VERTEX_POINT('',#2096);
#2096 = CARTESIAN_POINT('',(-49.9,-53.25,0.));
#2097 = SURFACE_CURVE('',#2098,(#2103,#2114),.PCURVE_S1.);
#2098 = CIRCLE('',#2099,3.5);
#2099 = AXIS2_PLACEMENT_3D('',#2100,#2101,#2102);
#2100 = CARTESIAN_POINT('',(-53.4,-53.25,0.));
#2101 = DIRECTION('',(0.,0.,-1.));
#2102 = DIRECTION('',(1.,0.,0.));
#2103 = PCURVE('',#694,#2104);
#2104 = DEFINITIONAL_REPRESENTATION('',(#2105),#2113);
#2105 = ( BOUNDED_CURVE() B_SPLINE_CURVE(2,(#2106,#2107,#2108,#2109,
#2110,#2111,#2112),.UNSPECIFIED.,.T.,.F.) B_SPLINE_CURVE_WITH_KNOTS((1,2
    ,2,2,2,1),(-2.094395102393,0.,2.094395102393,4.188790204786,
6.28318530718,8.377580409573),.UNSPECIFIED.) CURVE() 
GEOMETRIC_REPRESENTATION_ITEM() RATIONAL_B_SPLINE_CURVE((1.,0.5,1.,0.5,
1.,0.5,1.)) REPRESENTATION_ITEM('') );
#2106 = CARTESIAN_POINT('',(-50.9,-53.25));
#2107 = CARTESIAN_POINT('',(-50.9,-59.31217782649));
#2108 = CARTESIAN_POINT('',(-56.15,-56.28108891324));
#2109 = CARTESIAN_POINT('',(-61.4,-53.25));
#2110 = CARTESIAN_POINT('',(-56.15,-50.21891108675));
#2111 = CARTESIAN_POINT('',(-50.9,-47.1878221735));
#2112 = CARTESIAN_POINT('',(-50.9,-53.25));
#2113 = ( GEOMETRIC_REPRESENTATION_CONTEXT(2) 
PARAMETRIC_REPRESENTATION_CONTEXT() REPRESENTATION_CONTEXT('2D SPACE',''
  ) );
#2114 = PCURVE('',#2115,#2120);
#2115 = CYLINDRICAL_SURFACE('',#2116,3.5);
#2116 = AXIS2_PLACEMENT_3D('',#2117,#2118,#2119);
#2117 = CARTESIAN_POINT('',(-53.4,-53.25,-1.));
#2118 = DIRECTION('',(-0.,-0.,-1.));
#2119 = DIRECTION('',(1.,0.,0.));
#2120 = DEFINITIONAL_REPRESENTATION('',(#2121),#2125);
#2121 = LINE('',#2122,#2123);
#2122 = CARTESIAN_POINT('',(-6.28318530718,-1.));
#2123 = VECTOR('',#2124,1.);
#2124 = DIRECTION('',(1.,-0.));
#2125 = ( GEOMETRIC_REPRESENTATION_CONTEXT(2) 
PARAMETRIC_REPRESENTATION_CONTEXT() REPRESENTATION_CONTEXT('2D SPACE',''
  ) );
#2126 = ORIENTED_EDGE('',*,*,#2127,.T.);
#2127 = EDGE_CURVE('',#2095,#2128,#2130,.T.);
#2128 = VERTEX_POINT('',#2129);
#2129 = CARTESIAN_POINT('',(-49.92014727323,-53.625,0.));
#2130 = SURFACE_CURVE('',#2131,(#2136,#2147),.PCURVE_S1.);
#2131 = CIRCLE('',#2132,3.5);
#2132 = AXIS2_PLACEMENT_3D('',#2133,#2134,#2135);
#2133 = CARTESIAN_POINT('',(-53.4,-53.25,0.));
#2134 = DIRECTION('',(0.,0.,-1.));
#2135 = DIRECTION('',(1.,0.,0.));
#2136 = PCURVE('',#694,#2137);
#2137 = DEFINITIONAL_REPRESENTATION('',(#2138),#2146);
#2138 = ( BOUNDED_CURVE() B_SPLINE_CURVE(2,(#2139,#2140,#2141,#2142,
#2143,#2144,#2145),.UNSPECIFIED.,.T.,.F.) B_SPLINE_CURVE_WITH_KNOTS((1,2
    ,2,2,2,1),(-2.094395102393,0.,2.094395102393,4.188790204786,
6.28318530718,8.377580409573),.UNSPECIFIED.) CURVE() 
GEOMETRIC_REPRESENTATION_ITEM() RATIONAL_B_SPLINE_CURVE((1.,0.5,1.,0.5,
1.,0.5,1.)) REPRESENTATION_ITEM('') );
#2139 = CARTESIAN_POINT('',(-50.9,-53.25));
#2140 = CARTESIAN_POINT('',(-50.9,-59.31217782649));
#2141 = CARTESIAN_POINT('',(-56.15,-56.28108891324));
#2142 = CARTESIAN_POINT('',(-61.4,-53.25));
#2143 = CARTESIAN_POINT('',(-56.15,-50.21891108675));
#2144 = CARTESIAN_POINT('',(-50.9,-47.1878221735));
#2145 = CARTESIAN_POINT('',(-50.9,-53.25));
#2146 = ( GEOMETRIC_REPRESENTATION_CONTEXT(2) 
PARAMETRIC_REPRESENTATION_CONTEXT() REPRESENTATION_CONTEXT('2D SPACE',''
  ) );
#2147 = PCURVE('',#2115,#2148);
#2148 = DEFINITIONAL_REPRESENTATION('',(#2149),#2153);
#2149 = LINE('',#2150,#2151);
#2150 = CARTESIAN_POINT('',(-6.28318530718,-1.));
#2151 = VECTOR('',#2152,1.);
#2152 = DIRECTION('',(1.,-0.));
#2153 = ( GEOMETRIC_REPRESENTATION_CONTEXT(2) 
PARAMETRIC_REPRESENTATION_CONTEXT() REPRESENTATION_CONTEXT('2D SPACE',''
  ) );
#2154 = ORIENTED_EDGE('',*,*,#2155,.F.);
#2155 = EDGE_CURVE('',#2156,#2128,#2158,.T.);
#2156 = VERTEX_POINT('',#2157);
#2157 = CARTESIAN_POINT('',(6.375,-53.625,0.));
#2158 = SURFACE_CURVE('',#2159,(#2163,#2170),.PCURVE_S1.);
#2159 = LINE('',#2160,#2161);
#2160 = CARTESIAN_POINT('',(167.4,-53.625,0.));
#2161 = VECTOR('',#2162,1.);
#2162 = DIRECTION('',(-1.,0.,0.));
#2163 = PCURVE('',#694,#2164);
#2164 = DEFINITIONAL_REPRESENTATION('',(#2165),#2169);
#2165 = LINE('',#2166,#2167);
#2166 = CARTESIAN_POINT('',(166.4,-53.625));
#2167 = VECTOR('',#2168,1.);
#2168 = DIRECTION('',(-1.,0.));
#2169 = ( GEOMETRIC_REPRESENTATION_CONTEXT(2) 
PARAMETRIC_REPRESENTATION_CONTEXT() REPRESENTATION_CONTEXT('2D SPACE',''
  ) );
#2170 = PCURVE('',#2171,#2176);
#2171 = PLANE('',#2172);
#2172 = AXIS2_PLACEMENT_3D('',#2173,#2174,#2175);
#2173 = CARTESIAN_POINT('',(167.4,-53.625,-1.));
#2174 = DIRECTION('',(0.,-1.,0.));
#2175 = DIRECTION('',(-1.,0.,0.));
#2176 = DEFINITIONAL_REPRESENTATION('',(#2177),#2181);
#2177 = LINE('',#2178,#2179);
#2178 = CARTESIAN_POINT('',(0.,-1.));
#2179 = VECTOR('',#2180,1.);
#2180 = DIRECTION('',(1.,0.));
#2181 = ( GEOMETRIC_REPRESENTATION_CONTEXT(2) 
PARAMETRIC_REPRESENTATION_CONTEXT() REPRESENTATION_CONTEXT('2D SPACE',''
  ) );
#2182 = ORIENTED_EDGE('',*,*,#2183,.T.);
#2183 = EDGE_CURVE('',#2156,#2184,#2186,.T.);
#2184 = VERTEX_POINT('',#2185);
#2185 = CARTESIAN_POINT('',(6.375,-60.5,0.));
#2186 = SURFACE_CURVE('',#2187,(#2191,#2198),.PCURVE_S1.);
#2187 = LINE('',#2188,#2189);
#2188 = CARTESIAN_POINT('',(6.375,-53.125,0.));
#2189 = VECTOR('',#2190,1.);
#2190 = DIRECTION('',(0.,-1.,0.));
#2191 = PCURVE('',#694,#2192);
#2192 = DEFINITIONAL_REPRESENTATION('',(#2193),#2197);
#2193 = LINE('',#2194,#2195);
#2194 = CARTESIAN_POINT('',(5.375,-53.125));
#2195 = VECTOR('',#2196,1.);
#2196 = DIRECTION('',(0.,-1.));
#2197 = ( GEOMETRIC_REPRESENTATION_CONTEXT(2) 
PARAMETRIC_REPRESENTATION_CONTEXT() REPRESENTATION_CONTEXT('2D SPACE',''
  ) );
#2198 = PCURVE('',#2199,#2204);
#2199 = PLANE('',#2200);
#2200 = AXIS2_PLACEMENT_3D('',#2201,#2202,#2203);
#2201 = CARTESIAN_POINT('',(6.375,-53.125,-1.));
#2202 = DIRECTION('',(1.,0.,-0.));
#2203 = DIRECTION('',(0.,-1.,0.));
#2204 = DEFINITIONAL_REPRESENTATION('',(#2205),#2209);
#2205 = LINE('',#2206,#2207);
#2206 = CARTESIAN_POINT('',(0.,-1.));
#2207 = VECTOR('',#2208,1.);
#2208 = DIRECTION('',(1.,0.));
#2209 = ( GEOMETRIC_REPRESENTATION_CONTEXT(2) 
PARAMETRIC_REPRESENTATION_CONTEXT() REPRESENTATION_CONTEXT('2D SPACE',''
  ) );
#2210 = ORIENTED_EDGE('',*,*,#2211,.T.);
#2211 = EDGE_CURVE('',#2184,#2212,#2214,.T.);
#2212 = VERTEX_POINT('',#2213);
#2213 = CARTESIAN_POINT('',(6.875,-60.5,0.));
#2214 = SURFACE_CURVE('',#2215,(#2219,#2226),.PCURVE_S1.);
#2215 = LINE('',#2216,#2217);
#2216 = CARTESIAN_POINT('',(-165.4,-60.5,0.));
#2217 = VECTOR('',#2218,1.);
#2218 = DIRECTION('',(1.,0.,0.));
#2219 = PCURVE('',#694,#2220);
#2220 = DEFINITIONAL_REPRESENTATION('',(#2221),#2225);
#2221 = LINE('',#2222,#2223);
#2222 = CARTESIAN_POINT('',(-166.4,-60.5));
#2223 = VECTOR('',#2224,1.);
#2224 = DIRECTION('',(1.,0.));
#2225 = ( GEOMETRIC_REPRESENTATION_CONTEXT(2) 
PARAMETRIC_REPRESENTATION_CONTEXT() REPRESENTATION_CONTEXT('2D SPACE',''
  ) );
#2226 = PCURVE('',#2227,#2232);
#2227 = PLANE('',#2228);
#2228 = AXIS2_PLACEMENT_3D('',#2229,#2230,#2231);
#2229 = CARTESIAN_POINT('',(-165.4,-60.5,0.));
#2230 = DIRECTION('',(0.,1.,0.));
#2231 = DIRECTION('',(1.,0.,0.));
#2232 = DEFINITIONAL_REPRESENTATION('',(#2233),#2237);
#2233 = LINE('',#2234,#2235);
#2234 = CARTESIAN_POINT('',(0.,0.));
#2235 = VECTOR('',#2236,1.);
#2236 = DIRECTION('',(1.,0.));
#2237 = ( GEOMETRIC_REPRESENTATION_CONTEXT(2) 
PARAMETRIC_REPRESENTATION_CONTEXT() REPRESENTATION_CONTEXT('2D SPACE',''
  ) );
#2238 = ORIENTED_EDGE('',*,*,#2239,.F.);
#2239 = EDGE_CURVE('',#2240,#2212,#2242,.T.);
#2240 = VERTEX_POINT('',#2241);
#2241 = CARTESIAN_POINT('',(8.375,-59.,0.));
#2242 = SURFACE_CURVE('',#2243,(#2248,#2259),.PCURVE_S1.);
#2243 = CIRCLE('',#2244,1.5);
#2244 = AXIS2_PLACEMENT_3D('',#2245,#2246,#2247);
#2245 = CARTESIAN_POINT('',(6.875,-59.,0.));
#2246 = DIRECTION('',(-0.,0.,-1.));
#2247 = DIRECTION('',(0.,1.,0.));
#2248 = PCURVE('',#694,#2249);
#2249 = DEFINITIONAL_REPRESENTATION('',(#2250),#2258);
#2250 = ( BOUNDED_CURVE() B_SPLINE_CURVE(2,(#2251,#2252,#2253,#2254,
#2255,#2256,#2257),.UNSPECIFIED.,.T.,.F.) B_SPLINE_CURVE_WITH_KNOTS((1,2
    ,2,2,2,1),(-2.094395102393,0.,2.094395102393,4.188790204786,
6.28318530718,8.377580409573),.UNSPECIFIED.) CURVE() 
GEOMETRIC_REPRESENTATION_ITEM() RATIONAL_B_SPLINE_CURVE((1.,0.5,1.,0.5,
1.,0.5,1.)) REPRESENTATION_ITEM('') );
#2251 = CARTESIAN_POINT('',(5.875,-57.5));
#2252 = CARTESIAN_POINT('',(8.473076211353,-57.5));
#2253 = CARTESIAN_POINT('',(7.174038105677,-59.75));
#2254 = CARTESIAN_POINT('',(5.875,-62.));
#2255 = CARTESIAN_POINT('',(4.575961894323,-59.75));
#2256 = CARTESIAN_POINT('',(3.276923788647,-57.5));
#2257 = CARTESIAN_POINT('',(5.875,-57.5));
#2258 = ( GEOMETRIC_REPRESENTATION_CONTEXT(2) 
PARAMETRIC_REPRESENTATION_CONTEXT() REPRESENTATION_CONTEXT('2D SPACE',''
  ) );
#2259 = PCURVE('',#2260,#2265);
#2260 = CYLINDRICAL_SURFACE('',#2261,1.5);
#2261 = AXIS2_PLACEMENT_3D('',#2262,#2263,#2264);
#2262 = CARTESIAN_POINT('',(6.875,-59.,3.));
#2263 = DIRECTION('',(-0.,0.,-1.));
#2264 = DIRECTION('',(1.,0.,0.));
#2265 = DEFINITIONAL_REPRESENTATION('',(#2266),#2270);
#2266 = LINE('',#2267,#2268);
#2267 = CARTESIAN_POINT('',(-1.570796326795,3.));
#2268 = VECTOR('',#2269,1.);
#2269 = DIRECTION('',(1.,0.));
#2270 = ( GEOMETRIC_REPRESENTATION_CONTEXT(2) 
PARAMETRIC_REPRESENTATION_CONTEXT() REPRESENTATION_CONTEXT('2D SPACE',''
  ) );
#2271 = ORIENTED_EDGE('',*,*,#2272,.F.);
#2272 = EDGE_CURVE('',#2273,#2240,#2275,.T.);
#2273 = VERTEX_POINT('',#2274);
#2274 = CARTESIAN_POINT('',(8.375,-56.5,0.));
#2275 = SURFACE_CURVE('',#2276,(#2280,#2287),.PCURVE_S1.);
#2276 = LINE('',#2277,#2278);
#2277 = CARTESIAN_POINT('',(8.375,-54.5,0.));
#2278 = VECTOR('',#2279,1.);
#2279 = DIRECTION('',(0.,-1.,0.));
#2280 = PCURVE('',#694,#2281);
#2281 = DEFINITIONAL_REPRESENTATION('',(#2282),#2286);
#2282 = LINE('',#2283,#2284);
#2283 = CARTESIAN_POINT('',(7.375,-54.5));
#2284 = VECTOR('',#2285,1.);
#2285 = DIRECTION('',(0.,-1.));
#2286 = ( GEOMETRIC_REPRESENTATION_CONTEXT(2) 
PARAMETRIC_REPRESENTATION_CONTEXT() REPRESENTATION_CONTEXT('2D SPACE',''
  ) );
#2287 = PCURVE('',#2288,#2293);
#2288 = PLANE('',#2289);
#2289 = AXIS2_PLACEMENT_3D('',#2290,#2291,#2292);
#2290 = CARTESIAN_POINT('',(8.375,-54.5,0.));
#2291 = DIRECTION('',(1.,0.,-0.));
#2292 = DIRECTION('',(0.,-1.,0.));
#2293 = DEFINITIONAL_REPRESENTATION('',(#2294),#2298);
#2294 = LINE('',#2295,#2296);
#2295 = CARTESIAN_POINT('',(0.,0.));
#2296 = VECTOR('',#2297,1.);
#2297 = DIRECTION('',(1.,0.));
#2298 = ( GEOMETRIC_REPRESENTATION_CONTEXT(2) 
PARAMETRIC_REPRESENTATION_CONTEXT() REPRESENTATION_CONTEXT('2D SPACE',''
  ) );
#2299 = ORIENTED_EDGE('',*,*,#2300,.T.);
#2300 = EDGE_CURVE('',#2273,#2301,#2303,.T.);
#2301 = VERTEX_POINT('',#2302);
#2302 = CARTESIAN_POINT('',(10.375,-54.5,0.));
#2303 = SURFACE_CURVE('',#2304,(#2309,#2320),.PCURVE_S1.);
#2304 = CIRCLE('',#2305,2.);
#2305 = AXIS2_PLACEMENT_3D('',#2306,#2307,#2308);
#2306 = CARTESIAN_POINT('',(10.375,-56.5,0.));
#2307 = DIRECTION('',(-0.,-0.,-1.));
#2308 = DIRECTION('',(0.,-1.,0.));
#2309 = PCURVE('',#694,#2310);
#2310 = DEFINITIONAL_REPRESENTATION('',(#2311),#2319);
#2311 = ( BOUNDED_CURVE() B_SPLINE_CURVE(2,(#2312,#2313,#2314,#2315,
#2316,#2317,#2318),.UNSPECIFIED.,.T.,.F.) B_SPLINE_CURVE_WITH_KNOTS((1,2
    ,2,2,2,1),(-2.094395102393,0.,2.094395102393,4.188790204786,
6.28318530718,8.377580409573),.UNSPECIFIED.) CURVE() 
GEOMETRIC_REPRESENTATION_ITEM() RATIONAL_B_SPLINE_CURVE((1.,0.5,1.,0.5,
1.,0.5,1.)) REPRESENTATION_ITEM('') );
#2312 = CARTESIAN_POINT('',(9.375,-58.5));
#2313 = CARTESIAN_POINT('',(5.910898384862,-58.5));
#2314 = CARTESIAN_POINT('',(7.642949192431,-55.5));
#2315 = CARTESIAN_POINT('',(9.375,-52.5));
#2316 = CARTESIAN_POINT('',(11.107050807569,-55.5));
#2317 = CARTESIAN_POINT('',(12.839101615138,-58.5));
#2318 = CARTESIAN_POINT('',(9.375,-58.5));
#2319 = ( GEOMETRIC_REPRESENTATION_CONTEXT(2) 
PARAMETRIC_REPRESENTATION_CONTEXT() REPRESENTATION_CONTEXT('2D SPACE',''
  ) );
#2320 = PCURVE('',#2321,#2326);
#2321 = CYLINDRICAL_SURFACE('',#2322,2.);
#2322 = AXIS2_PLACEMENT_3D('',#2323,#2324,#2325);
#2323 = CARTESIAN_POINT('',(10.375,-56.5,0.));
#2324 = DIRECTION('',(0.,0.,1.));
#2325 = DIRECTION('',(-1.,0.,0.));
#2326 = DEFINITIONAL_REPRESENTATION('',(#2327),#2331);
#2327 = LINE('',#2328,#2329);
#2328 = CARTESIAN_POINT('',(1.570796326795,-0.));
#2329 = VECTOR('',#2330,1.);
#2330 = DIRECTION('',(-1.,0.));
#2331 = ( GEOMETRIC_REPRESENTATION_CONTEXT(2) 
PARAMETRIC_REPRESENTATION_CONTEXT() REPRESENTATION_CONTEXT('2D SPACE',''
  ) );
#2332 = ORIENTED_EDGE('',*,*,#2333,.F.);
#2333 = EDGE_CURVE('',#2334,#2301,#2336,.T.);
#2334 = VERTEX_POINT('',#2335);
#2335 = CARTESIAN_POINT('',(29.625,-54.5,0.));
#2336 = SURFACE_CURVE('',#2337,(#2341,#2348),.PCURVE_S1.);
#2337 = LINE('',#2338,#2339);
#2338 = CARTESIAN_POINT('',(31.625,-54.5,0.));
#2339 = VECTOR('',#2340,1.);
#2340 = DIRECTION('',(-1.,0.,0.));
#2341 = PCURVE('',#694,#2342);
#2342 = DEFINITIONAL_REPRESENTATION('',(#2343),#2347);
#2343 = LINE('',#2344,#2345);
#2344 = CARTESIAN_POINT('',(30.625,-54.5));
#2345 = VECTOR('',#2346,1.);
#2346 = DIRECTION('',(-1.,0.));
#2347 = ( GEOMETRIC_REPRESENTATION_CONTEXT(2) 
PARAMETRIC_REPRESENTATION_CONTEXT() REPRESENTATION_CONTEXT('2D SPACE',''
  ) );
#2348 = PCURVE('',#2349,#2354);
#2349 = PLANE('',#2350);
#2350 = AXIS2_PLACEMENT_3D('',#2351,#2352,#2353);
#2351 = CARTESIAN_POINT('',(31.625,-54.5,0.));
#2352 = DIRECTION('',(0.,-1.,0.));
#2353 = DIRECTION('',(-1.,0.,0.));
#2354 = DEFINITIONAL_REPRESENTATION('',(#2355),#2359);
#2355 = LINE('',#2356,#2357);
#2356 = CARTESIAN_POINT('',(0.,-0.));
#2357 = VECTOR('',#2358,1.);
#2358 = DIRECTION('',(1.,0.));
#2359 = ( GEOMETRIC_REPRESENTATION_CONTEXT(2) 
PARAMETRIC_REPRESENTATION_CONTEXT() REPRESENTATION_CONTEXT('2D SPACE',''
  ) );
#2360 = ORIENTED_EDGE('',*,*,#2361,.F.);
#2361 = EDGE_CURVE('',#2362,#2334,#2364,.T.);
#2362 = VERTEX_POINT('',#2363);
#2363 = CARTESIAN_POINT('',(31.625,-56.5,0.));
#2364 = SURFACE_CURVE('',#2365,(#2370,#2377),.PCURVE_S1.);
#2365 = CIRCLE('',#2366,2.);
#2366 = AXIS2_PLACEMENT_3D('',#2367,#2368,#2369);
#2367 = CARTESIAN_POINT('',(29.625,-56.5,0.));
#2368 = DIRECTION('',(0.,0.,1.));
#2369 = DIRECTION('',(0.,-1.,0.));
#2370 = PCURVE('',#694,#2371);
#2371 = DEFINITIONAL_REPRESENTATION('',(#2372),#2376);
#2372 = CIRCLE('',#2373,2.);
#2373 = AXIS2_PLACEMENT_2D('',#2374,#2375);
#2374 = CARTESIAN_POINT('',(28.625,-56.5));
#2375 = DIRECTION('',(0.,-1.));
#2376 = ( GEOMETRIC_REPRESENTATION_CONTEXT(2) 
PARAMETRIC_REPRESENTATION_CONTEXT() REPRESENTATION_CONTEXT('2D SPACE',''
  ) );
#2377 = PCURVE('',#2378,#2383);
#2378 = CYLINDRICAL_SURFACE('',#2379,2.);
#2379 = AXIS2_PLACEMENT_3D('',#2380,#2381,#2382);
#2380 = CARTESIAN_POINT('',(29.625,-56.5,0.));
#2381 = DIRECTION('',(0.,0.,1.));
#2382 = DIRECTION('',(1.,0.,-0.));
#2383 = DEFINITIONAL_REPRESENTATION('',(#2384),#2388);
#2384 = LINE('',#2385,#2386);
#2385 = CARTESIAN_POINT('',(-1.570796326795,0.));
#2386 = VECTOR('',#2387,1.);
#2387 = DIRECTION('',(1.,0.));
#2388 = ( GEOMETRIC_REPRESENTATION_CONTEXT(2) 
PARAMETRIC_REPRESENTATION_CONTEXT() REPRESENTATION_CONTEXT('2D SPACE',''
  ) );
#2389 = ORIENTED_EDGE('',*,*,#2390,.F.);
#2390 = EDGE_CURVE('',#2391,#2362,#2393,.T.);
#2391 = VERTEX_POINT('',#2392);
#2392 = CARTESIAN_POINT('',(31.625,-59.,0.));
#2393 = SURFACE_CURVE('',#2394,(#2398,#2405),.PCURVE_S1.);
#2394 = LINE('',#2395,#2396);
#2395 = CARTESIAN_POINT('',(31.625,-61.5,0.));
#2396 = VECTOR('',#2397,1.);
#2397 = DIRECTION('',(0.,1.,0.));
#2398 = PCURVE('',#694,#2399);
#2399 = DEFINITIONAL_REPRESENTATION('',(#2400),#2404);
#2400 = LINE('',#2401,#2402);
#2401 = CARTESIAN_POINT('',(30.625,-61.5));
#2402 = VECTOR('',#2403,1.);
#2403 = DIRECTION('',(0.,1.));
#2404 = ( GEOMETRIC_REPRESENTATION_CONTEXT(2) 
PARAMETRIC_REPRESENTATION_CONTEXT() REPRESENTATION_CONTEXT('2D SPACE',''
  ) );
#2405 = PCURVE('',#2406,#2411);
#2406 = PLANE('',#2407);
#2407 = AXIS2_PLACEMENT_3D('',#2408,#2409,#2410);
#2408 = CARTESIAN_POINT('',(31.625,-61.5,0.));
#2409 = DIRECTION('',(-1.,0.,0.));
#2410 = DIRECTION('',(0.,1.,0.));
#2411 = DEFINITIONAL_REPRESENTATION('',(#2412),#2416);
#2412 = LINE('',#2413,#2414);
#2413 = CARTESIAN_POINT('',(0.,0.));
#2414 = VECTOR('',#2415,1.);
#2415 = DIRECTION('',(1.,0.));
#2416 = ( GEOMETRIC_REPRESENTATION_CONTEXT(2) 
PARAMETRIC_REPRESENTATION_CONTEXT() REPRESENTATION_CONTEXT('2D SPACE',''
  ) );
#2417 = ORIENTED_EDGE('',*,*,#2418,.T.);
#2418 = EDGE_CURVE('',#2391,#2419,#2421,.T.);
#2419 = VERTEX_POINT('',#2420);
#2420 = CARTESIAN_POINT('',(33.125,-60.5,0.));
#2421 = SURFACE_CURVE('',#2422,(#2427,#2434),.PCURVE_S1.);
#2422 = CIRCLE('',#2423,1.5);
#2423 = AXIS2_PLACEMENT_3D('',#2424,#2425,#2426);
#2424 = CARTESIAN_POINT('',(33.125,-59.,0.));
#2425 = DIRECTION('',(0.,-0.,1.));
#2426 = DIRECTION('',(0.,-1.,-0.));
#2427 = PCURVE('',#694,#2428);
#2428 = DEFINITIONAL_REPRESENTATION('',(#2429),#2433);
#2429 = CIRCLE('',#2430,1.5);
#2430 = AXIS2_PLACEMENT_2D('',#2431,#2432);
#2431 = CARTESIAN_POINT('',(32.125,-59.));
#2432 = DIRECTION('',(0.,-1.));
#2433 = ( GEOMETRIC_REPRESENTATION_CONTEXT(2) 
PARAMETRIC_REPRESENTATION_CONTEXT() REPRESENTATION_CONTEXT('2D SPACE',''
  ) );
#2434 = PCURVE('',#2435,#2440);
#2435 = CYLINDRICAL_SURFACE('',#2436,1.5);
#2436 = AXIS2_PLACEMENT_3D('',#2437,#2438,#2439);
#2437 = CARTESIAN_POINT('',(33.125,-59.,0.));
#2438 = DIRECTION('',(0.,-0.,1.));
#2439 = DIRECTION('',(-1.,0.,0.));
#2440 = DEFINITIONAL_REPRESENTATION('',(#2441),#2445);
#2441 = LINE('',#2442,#2443);
#2442 = CARTESIAN_POINT('',(-4.712388980385,0.));
#2443 = VECTOR('',#2444,1.);
#2444 = DIRECTION('',(1.,0.));
#2445 = ( GEOMETRIC_REPRESENTATION_CONTEXT(2) 
PARAMETRIC_REPRESENTATION_CONTEXT() REPRESENTATION_CONTEXT('2D SPACE',''
  ) );
#2446 = ORIENTED_EDGE('',*,*,#2447,.T.);
#2447 = EDGE_CURVE('',#2419,#2448,#2450,.T.);
#2448 = VERTEX_POINT('',#2449);
#2449 = CARTESIAN_POINT('',(33.625,-60.5,0.));
#2450 = SURFACE_CURVE('',#2451,(#2455,#2462),.PCURVE_S1.);
#2451 = LINE('',#2452,#2453);
#2452 = CARTESIAN_POINT('',(-165.4,-60.5,0.));
#2453 = VECTOR('',#2454,1.);
#2454 = DIRECTION('',(1.,0.,0.));
#2455 = PCURVE('',#694,#2456);
#2456 = DEFINITIONAL_REPRESENTATION('',(#2457),#2461);
#2457 = LINE('',#2458,#2459);
#2458 = CARTESIAN_POINT('',(-166.4,-60.5));
#2459 = VECTOR('',#2460,1.);
#2460 = DIRECTION('',(1.,0.));
#2461 = ( GEOMETRIC_REPRESENTATION_CONTEXT(2) 
PARAMETRIC_REPRESENTATION_CONTEXT() REPRESENTATION_CONTEXT('2D SPACE',''
  ) );
#2462 = PCURVE('',#1267,#2463);
#2463 = DEFINITIONAL_REPRESENTATION('',(#2464),#2468);
#2464 = LINE('',#2465,#2466);
#2465 = CARTESIAN_POINT('',(0.,0.));
#2466 = VECTOR('',#2467,1.);
#2467 = DIRECTION('',(1.,0.));
#2468 = ( GEOMETRIC_REPRESENTATION_CONTEXT(2) 
PARAMETRIC_REPRESENTATION_CONTEXT() REPRESENTATION_CONTEXT('2D SPACE',''
  ) );
#2469 = ORIENTED_EDGE('',*,*,#2470,.T.);
#2470 = EDGE_CURVE('',#2448,#2471,#2473,.T.);
#2471 = VERTEX_POINT('',#2472);
#2472 = CARTESIAN_POINT('',(33.625,-53.625,0.));
#2473 = SURFACE_CURVE('',#2474,(#2478,#2485),.PCURVE_S1.);
#2474 = LINE('',#2475,#2476);
#2475 = CARTESIAN_POINT('',(33.625,-61.,0.));
#2476 = VECTOR('',#2477,1.);
#2477 = DIRECTION('',(0.,1.,0.));
#2478 = PCURVE('',#694,#2479);
#2479 = DEFINITIONAL_REPRESENTATION('',(#2480),#2484);
#2480 = LINE('',#2481,#2482);
#2481 = CARTESIAN_POINT('',(32.625,-61.));
#2482 = VECTOR('',#2483,1.);
#2483 = DIRECTION('',(0.,1.));
#2484 = ( GEOMETRIC_REPRESENTATION_CONTEXT(2) 
PARAMETRIC_REPRESENTATION_CONTEXT() REPRESENTATION_CONTEXT('2D SPACE',''
  ) );
#2485 = PCURVE('',#1241,#2486);
#2486 = DEFINITIONAL_REPRESENTATION('',(#2487),#2491);
#2487 = LINE('',#2488,#2489);
#2488 = CARTESIAN_POINT('',(0.,-1.));
#2489 = VECTOR('',#2490,1.);
#2490 = DIRECTION('',(1.,0.));
#2491 = ( GEOMETRIC_REPRESENTATION_CONTEXT(2) 
PARAMETRIC_REPRESENTATION_CONTEXT() REPRESENTATION_CONTEXT('2D SPACE',''
  ) );
#2492 = ORIENTED_EDGE('',*,*,#2493,.F.);
#2493 = EDGE_CURVE('',#2494,#2471,#2496,.T.);
#2494 = VERTEX_POINT('',#2495);
#2495 = CARTESIAN_POINT('',(51.920147273232,-53.625,0.));
#2496 = SURFACE_CURVE('',#2497,(#2501,#2508),.PCURVE_S1.);
#2497 = LINE('',#2498,#2499);
#2498 = CARTESIAN_POINT('',(167.4,-53.625,0.));
#2499 = VECTOR('',#2500,1.);
#2500 = DIRECTION('',(-1.,0.,0.));
#2501 = PCURVE('',#694,#2502);
#2502 = DEFINITIONAL_REPRESENTATION('',(#2503),#2507);
#2503 = LINE('',#2504,#2505);
#2504 = CARTESIAN_POINT('',(166.4,-53.625));
#2505 = VECTOR('',#2506,1.);
#2506 = DIRECTION('',(-1.,0.));
#2507 = ( GEOMETRIC_REPRESENTATION_CONTEXT(2) 
PARAMETRIC_REPRESENTATION_CONTEXT() REPRESENTATION_CONTEXT('2D SPACE',''
  ) );
#2508 = PCURVE('',#1213,#2509);
#2509 = DEFINITIONAL_REPRESENTATION('',(#2510),#2514);
#2510 = LINE('',#2511,#2512);
#2511 = CARTESIAN_POINT('',(0.,-1.));
#2512 = VECTOR('',#2513,1.);
#2513 = DIRECTION('',(1.,0.));
#2514 = ( GEOMETRIC_REPRESENTATION_CONTEXT(2) 
PARAMETRIC_REPRESENTATION_CONTEXT() REPRESENTATION_CONTEXT('2D SPACE',''
  ) );
#2515 = ORIENTED_EDGE('',*,*,#2516,.T.);
#2516 = EDGE_CURVE('',#2494,#2517,#2519,.T.);
#2517 = VERTEX_POINT('',#2518);
#2518 = CARTESIAN_POINT('',(58.9,-53.25,0.));
#2519 = SURFACE_CURVE('',#2520,(#2525,#2536),.PCURVE_S1.);
#2520 = CIRCLE('',#2521,3.5);
#2521 = AXIS2_PLACEMENT_3D('',#2522,#2523,#2524);
#2522 = CARTESIAN_POINT('',(55.4,-53.25,0.));
#2523 = DIRECTION('',(0.,0.,-1.));
#2524 = DIRECTION('',(1.,0.,0.));
#2525 = PCURVE('',#694,#2526);
#2526 = DEFINITIONAL_REPRESENTATION('',(#2527),#2535);
#2527 = ( BOUNDED_CURVE() B_SPLINE_CURVE(2,(#2528,#2529,#2530,#2531,
#2532,#2533,#2534),.UNSPECIFIED.,.T.,.F.) B_SPLINE_CURVE_WITH_KNOTS((1,2
    ,2,2,2,1),(-2.094395102393,0.,2.094395102393,4.188790204786,
6.28318530718,8.377580409573),.UNSPECIFIED.) CURVE() 
GEOMETRIC_REPRESENTATION_ITEM() RATIONAL_B_SPLINE_CURVE((1.,0.5,1.,0.5,
1.,0.5,1.)) REPRESENTATION_ITEM('') );
#2528 = CARTESIAN_POINT('',(57.9,-53.25));
#2529 = CARTESIAN_POINT('',(57.9,-59.31217782649));
#2530 = CARTESIAN_POINT('',(52.65,-56.28108891324));
#2531 = CARTESIAN_POINT('',(47.4,-53.25));
#2532 = CARTESIAN_POINT('',(52.65,-50.21891108675));
#2533 = CARTESIAN_POINT('',(57.9,-47.1878221735));
#2534 = CARTESIAN_POINT('',(57.9,-53.25));
#2535 = ( GEOMETRIC_REPRESENTATION_CONTEXT(2) 
PARAMETRIC_REPRESENTATION_CONTEXT() REPRESENTATION_CONTEXT('2D SPACE',''
  ) );
#2536 = PCURVE('',#1185,#2537);
#2537 = DEFINITIONAL_REPRESENTATION('',(#2538),#2542);
#2538 = LINE('',#2539,#2540);
#2539 = CARTESIAN_POINT('',(-6.28318530718,-1.));
#2540 = VECTOR('',#2541,1.);
#2541 = DIRECTION('',(1.,-0.));
#2542 = ( GEOMETRIC_REPRESENTATION_CONTEXT(2) 
PARAMETRIC_REPRESENTATION_CONTEXT() REPRESENTATION_CONTEXT('2D SPACE',''
  ) );
#2543 = ORIENTED_EDGE('',*,*,#2544,.T.);
#2544 = EDGE_CURVE('',#2517,#1828,#2545,.T.);
#2545 = SURFACE_CURVE('',#2546,(#2551,#2562),.PCURVE_S1.);
#2546 = CIRCLE('',#2547,3.5);
#2547 = AXIS2_PLACEMENT_3D('',#2548,#2549,#2550);
#2548 = CARTESIAN_POINT('',(55.4,-53.25,0.));
#2549 = DIRECTION('',(0.,0.,-1.));
#2550 = DIRECTION('',(1.,0.,0.));
#2551 = PCURVE('',#694,#2552);
#2552 = DEFINITIONAL_REPRESENTATION('',(#2553),#2561);
#2553 = ( BOUNDED_CURVE() B_SPLINE_CURVE(2,(#2554,#2555,#2556,#2557,
#2558,#2559,#2560),.UNSPECIFIED.,.T.,.F.) B_SPLINE_CURVE_WITH_KNOTS((1,2
    ,2,2,2,1),(-2.094395102393,0.,2.094395102393,4.188790204786,
6.28318530718,8.377580409573),.UNSPECIFIED.) CURVE() 
GEOMETRIC_REPRESENTATION_ITEM() RATIONAL_B_SPLINE_CURVE((1.,0.5,1.,0.5,
1.,0.5,1.)) REPRESENTATION_ITEM('') );
#2554 = CARTESIAN_POINT('',(57.9,-53.25));
#2555 = CARTESIAN_POINT('',(57.9,-59.31217782649));
#2556 = CARTESIAN_POINT('',(52.65,-56.28108891324));
#2557 = CARTESIAN_POINT('',(47.4,-53.25));
#2558 = CARTESIAN_POINT('',(52.65,-50.21891108675));
#2559 = CARTESIAN_POINT('',(57.9,-47.1878221735));
#2560 = CARTESIAN_POINT('',(57.9,-53.25));
#2561 = ( GEOMETRIC_REPRESENTATION_CONTEXT(2) 
PARAMETRIC_REPRESENTATION_CONTEXT() REPRESENTATION_CONTEXT('2D SPACE',''
  ) );
#2562 = PCURVE('',#1185,#2563);
#2563 = DEFINITIONAL_REPRESENTATION('',(#2564),#2568);
#2564 = LINE('',#2565,#2566);
#2565 = CARTESIAN_POINT('',(-6.28318530718,-1.));
#2566 = VECTOR('',#2567,1.);
#2567 = DIRECTION('',(1.,-0.));
#2568 = ( GEOMETRIC_REPRESENTATION_CONTEXT(2) 
PARAMETRIC_REPRESENTATION_CONTEXT() REPRESENTATION_CONTEXT('2D SPACE',''
  ) );
#2569 = FACE_BOUND('',#2570,.F.);
#2570 = EDGE_LOOP('',(#2571,#2599,#2625,#2651,#2677,#2703,#2729,#2755,
    #2781,#2807,#2833,#2859,#2885,#2911,#2937,#2963,#2989,#3015,#3041,
    #3067,#3093,#3119,#3145,#3171,#3197,#3223,#3249,#3275,#3301,#3327,
    #3353,#3379,#3405,#3431,#3457,#3483,#3509,#3535,#3561,#3587,#3613,
    #3639,#3665,#3691,#3717,#3743,#3769,#3795,#3821,#3847,#3873,#3899,
    #3925,#3951));
#2571 = ORIENTED_EDGE('',*,*,#2572,.F.);
#2572 = EDGE_CURVE('',#2573,#2575,#2577,.T.);
#2573 = VERTEX_POINT('',#2574);
#2574 = CARTESIAN_POINT('',(-44.4711779206,-50.70736451697,0.));
#2575 = VERTEX_POINT('',#2576);
#2576 = CARTESIAN_POINT('',(-44.5,-51.,0.));
#2577 = SURFACE_CURVE('',#2578,(#2582,#2588),.PCURVE_S1.);
#2578 = LINE('',#2579,#2580);
#2579 = CARTESIAN_POINT('',(-41.79403095888,-23.52583526192,0.));
#2580 = VECTOR('',#2581,1.);
#2581 = DIRECTION('',(-9.801714032956E-02,-0.995184726672,0.));
#2582 = PCURVE('',#694,#2583);
#2583 = DEFINITIONAL_REPRESENTATION('',(#2584),#2587);
#2584 = B_SPLINE_CURVE_WITH_KNOTS('',1,(#2585,#2586),.UNSPECIFIED.,.F.,
  .F.,(2,2),(27.31304905165,27.607100472639),.PIECEWISE_BEZIER_KNOTS.);
#2585 = CARTESIAN_POINT('',(-45.4711779206,-50.70736451697));
#2586 = CARTESIAN_POINT('',(-45.5,-51.));
#2587 = ( GEOMETRIC_REPRESENTATION_CONTEXT(2) 
PARAMETRIC_REPRESENTATION_CONTEXT() REPRESENTATION_CONTEXT('2D SPACE',''
  ) );
#2588 = PCURVE('',#2589,#2594);
#2589 = PLANE('',#2590);
#2590 = AXIS2_PLACEMENT_3D('',#2591,#2592,#2593);
#2591 = CARTESIAN_POINT('',(-44.5,-51.,-1.));
#2592 = DIRECTION('',(-0.995184726672,9.801714032956E-02,0.));
#2593 = DIRECTION('',(9.801714032956E-02,0.995184726672,0.));
#2594 = DEFINITIONAL_REPRESENTATION('',(#2595),#2598);
#2595 = B_SPLINE_CURVE_WITH_KNOTS('',1,(#2596,#2597),.UNSPECIFIED.,.F.,
  .F.,(2,2),(27.31304905165,27.607100472639),.PIECEWISE_BEZIER_KNOTS.);
#2596 = CARTESIAN_POINT('',(0.294051420989,-1.));
#2597 = CARTESIAN_POINT('',(0.,-1.));
#2598 = ( GEOMETRIC_REPRESENTATION_CONTEXT(2) 
PARAMETRIC_REPRESENTATION_CONTEXT() REPRESENTATION_CONTEXT('2D SPACE',''
  ) );
#2599 = ORIENTED_EDGE('',*,*,#2600,.F.);
#2600 = EDGE_CURVE('',#2601,#2573,#2603,.T.);
#2601 = VERTEX_POINT('',#2602);
#2602 = CARTESIAN_POINT('',(-44.38581929876,-50.42597485145,0.));
#2603 = SURFACE_CURVE('',#2604,(#2608,#2614),.PCURVE_S1.);
#2604 = LINE('',#2605,#2606);
#2605 = CARTESIAN_POINT('',(-35.51248352947,-21.17450698052,0.));
#2606 = VECTOR('',#2607,1.);
#2607 = DIRECTION('',(-0.290284677254,-0.956940335732,0.));
#2608 = PCURVE('',#694,#2609);
#2609 = DEFINITIONAL_REPRESENTATION('',(#2610),#2613);
#2610 = B_SPLINE_CURVE_WITH_KNOTS('',1,(#2611,#2612),.UNSPECIFIED.,.F.,
  .F.,(2,2),(30.567702895028,30.861754316017),.PIECEWISE_BEZIER_KNOTS.);
#2611 = CARTESIAN_POINT('',(-45.38581929876,-50.42597485145));
#2612 = CARTESIAN_POINT('',(-45.4711779206,-50.70736451697));
#2613 = ( GEOMETRIC_REPRESENTATION_CONTEXT(2) 
PARAMETRIC_REPRESENTATION_CONTEXT() REPRESENTATION_CONTEXT('2D SPACE',''
  ) );
#2614 = PCURVE('',#2615,#2620);
#2615 = PLANE('',#2616);
#2616 = AXIS2_PLACEMENT_3D('',#2617,#2618,#2619);
#2617 = CARTESIAN_POINT('',(-44.4711779206,-50.70736451697,-1.));
#2618 = DIRECTION('',(-0.956940335732,0.290284677254,0.));
#2619 = DIRECTION('',(0.290284677254,0.956940335732,0.));
#2620 = DEFINITIONAL_REPRESENTATION('',(#2621),#2624);
#2621 = B_SPLINE_CURVE_WITH_KNOTS('',1,(#2622,#2623),.UNSPECIFIED.,.F.,
  .F.,(2,2),(30.567702895028,30.861754316017),.PIECEWISE_BEZIER_KNOTS.);
#2622 = CARTESIAN_POINT('',(0.294051420989,-1.));
#2623 = CARTESIAN_POINT('',(0.,-1.));
#2624 = ( GEOMETRIC_REPRESENTATION_CONTEXT(2) 
PARAMETRIC_REPRESENTATION_CONTEXT() REPRESENTATION_CONTEXT('2D SPACE',''
  ) );
#2625 = ORIENTED_EDGE('',*,*,#2626,.F.);
#2626 = EDGE_CURVE('',#2627,#2601,#2629,.T.);
#2627 = VERTEX_POINT('',#2628);
#2628 = CARTESIAN_POINT('',(-44.24720441845,-50.16664465047,0.));
#2629 = SURFACE_CURVE('',#2630,(#2634,#2640),.PCURVE_S1.);
#2630 = LINE('',#2631,#2632);
#2631 = CARTESIAN_POINT('',(-28.86120058504,-21.38145609487,
    1.110223024625E-16));
#2632 = VECTOR('',#2633,1.);
#2633 = DIRECTION('',(-0.471396736826,-0.881921264348,0.));
#2634 = PCURVE('',#694,#2635);
#2635 = DEFINITIONAL_REPRESENTATION('',(#2636),#2639);
#2636 = B_SPLINE_CURVE_WITH_KNOTS('',1,(#2637,#2638),.UNSPECIFIED.,.F.,
  .F.,(2,2),(32.639181885313,32.933233306302),.PIECEWISE_BEZIER_KNOTS.);
#2637 = CARTESIAN_POINT('',(-45.24720441845,-50.16664465047));
#2638 = CARTESIAN_POINT('',(-45.38581929876,-50.42597485145));
#2639 = ( GEOMETRIC_REPRESENTATION_CONTEXT(2) 
PARAMETRIC_REPRESENTATION_CONTEXT() REPRESENTATION_CONTEXT('2D SPACE',''
  ) );
#2640 = PCURVE('',#2641,#2646);
#2641 = PLANE('',#2642);
#2642 = AXIS2_PLACEMENT_3D('',#2643,#2644,#2645);
#2643 = CARTESIAN_POINT('',(-44.38581929876,-50.42597485145,-1.));
#2644 = DIRECTION('',(-0.881921264348,0.471396736826,0.));
#2645 = DIRECTION('',(0.471396736826,0.881921264348,0.));
#2646 = DEFINITIONAL_REPRESENTATION('',(#2647),#2650);
#2647 = B_SPLINE_CURVE_WITH_KNOTS('',1,(#2648,#2649),.UNSPECIFIED.,.F.,
  .F.,(2,2),(32.639181885313,32.933233306302),.PIECEWISE_BEZIER_KNOTS.);
#2648 = CARTESIAN_POINT('',(0.294051420989,-1.));
#2649 = CARTESIAN_POINT('',(0.,-1.));
#2650 = ( GEOMETRIC_REPRESENTATION_CONTEXT(2) 
PARAMETRIC_REPRESENTATION_CONTEXT() REPRESENTATION_CONTEXT('2D SPACE',''
  ) );
#2651 = ORIENTED_EDGE('',*,*,#2652,.F.);
#2652 = EDGE_CURVE('',#2653,#2627,#2655,.T.);
#2653 = VERTEX_POINT('',#2654);
#2654 = CARTESIAN_POINT('',(-44.06066017178,-49.93933982822,0.));
#2655 = SURFACE_CURVE('',#2656,(#2660,#2666),.PCURVE_S1.);
#2656 = LINE('',#2657,#2658);
#2657 = CARTESIAN_POINT('',(-22.84154957382,-24.08377875476,0.));
#2658 = VECTOR('',#2659,1.);
#2659 = DIRECTION('',(-0.634393284164,-0.773010453363,0.));
#2660 = PCURVE('',#694,#2661);
#2661 = DEFINITIONAL_REPRESENTATION('',(#2662),#2665);
#2662 = B_SPLINE_CURVE_WITH_KNOTS('',1,(#2663,#2664),.UNSPECIFIED.,.F.,
  .F.,(2,2),(33.447880246608,33.741931667597),.PIECEWISE_BEZIER_KNOTS.);
#2663 = CARTESIAN_POINT('',(-45.06066017178,-49.93933982822));
#2664 = CARTESIAN_POINT('',(-45.24720441845,-50.16664465047));
#2665 = ( GEOMETRIC_REPRESENTATION_CONTEXT(2) 
PARAMETRIC_REPRESENTATION_CONTEXT() REPRESENTATION_CONTEXT('2D SPACE',''
  ) );
#2666 = PCURVE('',#2667,#2672);
#2667 = PLANE('',#2668);
#2668 = AXIS2_PLACEMENT_3D('',#2669,#2670,#2671);
#2669 = CARTESIAN_POINT('',(-44.24720441845,-50.16664465047,-1.));
#2670 = DIRECTION('',(-0.773010453363,0.634393284164,0.));
#2671 = DIRECTION('',(0.634393284164,0.773010453363,0.));
#2672 = DEFINITIONAL_REPRESENTATION('',(#2673),#2676);
#2673 = B_SPLINE_CURVE_WITH_KNOTS('',1,(#2674,#2675),.UNSPECIFIED.,.F.,
  .F.,(2,2),(33.447880246608,33.741931667597),.PIECEWISE_BEZIER_KNOTS.);
#2674 = CARTESIAN_POINT('',(0.294051420989,-1.));
#2675 = CARTESIAN_POINT('',(0.,-1.));
#2676 = ( GEOMETRIC_REPRESENTATION_CONTEXT(2) 
PARAMETRIC_REPRESENTATION_CONTEXT() REPRESENTATION_CONTEXT('2D SPACE',''
  ) );
#2677 = ORIENTED_EDGE('',*,*,#2678,.F.);
#2678 = EDGE_CURVE('',#2679,#2653,#2681,.T.);
#2679 = VERTEX_POINT('',#2680);
#2680 = CARTESIAN_POINT('',(-43.83335534952,-49.75279558154,0.));
#2681 = SURFACE_CURVE('',#2682,(#2686,#2692),.PCURVE_S1.);
#2682 = LINE('',#2683,#2684);
#2683 = CARTESIAN_POINT('',(-18.35282809889,-28.84146728782,0.));
#2684 = VECTOR('',#2685,1.);
#2685 = DIRECTION('',(-0.773010453363,-0.634393284164,0.));
#2686 = PCURVE('',#694,#2687);
#2687 = DEFINITIONAL_REPRESENTATION('',(#2688),#2691);
#2688 = B_SPLINE_CURVE_WITH_KNOTS('',1,(#2689,#2690),.UNSPECIFIED.,.F.,
  .F.,(2,2),(32.962720154412,33.2567715754),.PIECEWISE_BEZIER_KNOTS.);
#2689 = CARTESIAN_POINT('',(-44.83335534952,-49.75279558154));
#2690 = CARTESIAN_POINT('',(-45.06066017178,-49.93933982822));
#2691 = ( GEOMETRIC_REPRESENTATION_CONTEXT(2) 
PARAMETRIC_REPRESENTATION_CONTEXT() REPRESENTATION_CONTEXT('2D SPACE',''
  ) );
#2692 = PCURVE('',#2693,#2698);
#2693 = PLANE('',#2694);
#2694 = AXIS2_PLACEMENT_3D('',#2695,#2696,#2697);
#2695 = CARTESIAN_POINT('',(-44.06066017178,-49.93933982822,-1.));
#2696 = DIRECTION('',(-0.634393284164,0.773010453363,0.));
#2697 = DIRECTION('',(0.773010453363,0.634393284164,0.));
#2698 = DEFINITIONAL_REPRESENTATION('',(#2699),#2702);
#2699 = B_SPLINE_CURVE_WITH_KNOTS('',1,(#2700,#2701),.UNSPECIFIED.,.F.,
  .F.,(2,2),(32.962720154412,33.2567715754),.PIECEWISE_BEZIER_KNOTS.);
#2700 = CARTESIAN_POINT('',(0.294051420989,-1.));
#2701 = CARTESIAN_POINT('',(0.,-1.));
#2702 = ( GEOMETRIC_REPRESENTATION_CONTEXT(2) 
PARAMETRIC_REPRESENTATION_CONTEXT() REPRESENTATION_CONTEXT('2D SPACE',''
  ) );
#2703 = ORIENTED_EDGE('',*,*,#2704,.F.);
#2704 = EDGE_CURVE('',#2705,#2679,#2707,.T.);
#2705 = VERTEX_POINT('',#2706);
#2706 = CARTESIAN_POINT('',(-43.57402514854,-49.61418070123,0.));
#2707 = SURFACE_CURVE('',#2708,(#2712,#2718),.PCURVE_S1.);
#2708 = LINE('',#2709,#2710);
#2709 = CARTESIAN_POINT('',(-16.05601267921,-34.90549659714,
    1.110223024625E-16));
#2710 = VECTOR('',#2711,1.);
#2711 = DIRECTION('',(-0.881921264348,-0.471396736826,0.));
#2712 = PCURVE('',#694,#2713);
#2713 = DEFINITIONAL_REPRESENTATION('',(#2714),#2717);
#2714 = B_SPLINE_CURVE_WITH_KNOTS('',1,(#2715,#2716),.UNSPECIFIED.,.F.,
  .F.,(2,2),(31.202346038985,31.496397459974),.PIECEWISE_BEZIER_KNOTS.);
#2715 = CARTESIAN_POINT('',(-44.57402514854,-49.61418070123));
#2716 = CARTESIAN_POINT('',(-44.83335534952,-49.75279558154));
#2717 = ( GEOMETRIC_REPRESENTATION_CONTEXT(2) 
PARAMETRIC_REPRESENTATION_CONTEXT() REPRESENTATION_CONTEXT('2D SPACE',''
  ) );
#2718 = PCURVE('',#2719,#2724);
#2719 = PLANE('',#2720);
#2720 = AXIS2_PLACEMENT_3D('',#2721,#2722,#2723);
#2721 = CARTESIAN_POINT('',(-43.83335534952,-49.75279558154,-1.));
#2722 = DIRECTION('',(-0.471396736826,0.881921264348,0.));
#2723 = DIRECTION('',(0.881921264348,0.471396736826,0.));
#2724 = DEFINITIONAL_REPRESENTATION('',(#2725),#2728);
#2725 = B_SPLINE_CURVE_WITH_KNOTS('',1,(#2726,#2727),.UNSPECIFIED.,.F.,
  .F.,(2,2),(31.202346038985,31.496397459974),.PIECEWISE_BEZIER_KNOTS.);
#2726 = CARTESIAN_POINT('',(0.294051420989,-1.));
#2727 = CARTESIAN_POINT('',(0.,-1.));
#2728 = ( GEOMETRIC_REPRESENTATION_CONTEXT(2) 
PARAMETRIC_REPRESENTATION_CONTEXT() REPRESENTATION_CONTEXT('2D SPACE',''
  ) );
#2729 = ORIENTED_EDGE('',*,*,#2730,.F.);
#2730 = EDGE_CURVE('',#2731,#2705,#2733,.T.);
#2731 = VERTEX_POINT('',#2732);
#2732 = CARTESIAN_POINT('',(-43.29263548302,-49.52882207939,0.));
#2733 = SURFACE_CURVE('',#2734,(#2738,#2744),.PCURVE_S1.);
#2734 = LINE('',#2735,#2736);
#2735 = CARTESIAN_POINT('',(-16.27399152583,-41.33280603941,0.));
#2736 = VECTOR('',#2737,1.);
#2737 = DIRECTION('',(-0.956940335732,-0.290284677254,0.));
#2738 = PCURVE('',#694,#2739);
#2739 = DEFINITIONAL_REPRESENTATION('',(#2740),#2743);
#2740 = B_SPLINE_CURVE_WITH_KNOTS('',1,(#2741,#2742),.UNSPECIFIED.,.F.,
  .F.,(2,2),(28.234408090356,28.528459511344),.PIECEWISE_BEZIER_KNOTS.);
#2741 = CARTESIAN_POINT('',(-44.29263548302,-49.52882207939));
#2742 = CARTESIAN_POINT('',(-44.57402514854,-49.61418070123));
#2743 = ( GEOMETRIC_REPRESENTATION_CONTEXT(2) 
PARAMETRIC_REPRESENTATION_CONTEXT() REPRESENTATION_CONTEXT('2D SPACE',''
  ) );
#2744 = PCURVE('',#2745,#2750);
#2745 = PLANE('',#2746);
#2746 = AXIS2_PLACEMENT_3D('',#2747,#2748,#2749);
#2747 = CARTESIAN_POINT('',(-43.57402514854,-49.61418070123,-1.));
#2748 = DIRECTION('',(-0.290284677254,0.956940335732,0.));
#2749 = DIRECTION('',(0.956940335732,0.290284677254,0.));
#2750 = DEFINITIONAL_REPRESENTATION('',(#2751),#2754);
#2751 = B_SPLINE_CURVE_WITH_KNOTS('',1,(#2752,#2753),.UNSPECIFIED.,.F.,
  .F.,(2,2),(28.234408090356,28.528459511344),.PIECEWISE_BEZIER_KNOTS.);
#2752 = CARTESIAN_POINT('',(0.294051420989,-1.));
#2753 = CARTESIAN_POINT('',(0.,-1.));
#2754 = ( GEOMETRIC_REPRESENTATION_CONTEXT(2) 
PARAMETRIC_REPRESENTATION_CONTEXT() REPRESENTATION_CONTEXT('2D SPACE',''
  ) );
#2755 = ORIENTED_EDGE('',*,*,#2756,.F.);
#2756 = EDGE_CURVE('',#2757,#2731,#2759,.T.);
#2757 = VERTEX_POINT('',#2758);
#2758 = CARTESIAN_POINT('',(-43.,-49.5,0.));
#2759 = SURFACE_CURVE('',#2760,(#2764,#2770),.PCURVE_S1.);
#2760 = LINE('',#2761,#2762);
#2761 = CARTESIAN_POINT('',(-18.94343692212,-47.13063534251,0.));
#2762 = VECTOR('',#2763,1.);
#2763 = DIRECTION('',(-0.995184726672,-9.801714032956E-02,0.));
#2764 = PCURVE('',#694,#2765);
#2765 = DEFINITIONAL_REPRESENTATION('',(#2766),#2769);
#2766 = B_SPLINE_CURVE_WITH_KNOTS('',1,(#2767,#2768),.UNSPECIFIED.,.F.,
  .F.,(2,2),(24.172962499451,24.467013920439),.PIECEWISE_BEZIER_KNOTS.);
#2767 = CARTESIAN_POINT('',(-44.,-49.5));
#2768 = CARTESIAN_POINT('',(-44.29263548302,-49.52882207939));
#2769 = ( GEOMETRIC_REPRESENTATION_CONTEXT(2) 
PARAMETRIC_REPRESENTATION_CONTEXT() REPRESENTATION_CONTEXT('2D SPACE',''
  ) );
#2770 = PCURVE('',#2771,#2776);
#2771 = PLANE('',#2772);
#2772 = AXIS2_PLACEMENT_3D('',#2773,#2774,#2775);
#2773 = CARTESIAN_POINT('',(-43.29263548302,-49.52882207939,-1.));
#2774 = DIRECTION('',(-9.801714032956E-02,0.995184726672,0.));
#2775 = DIRECTION('',(0.995184726672,9.801714032956E-02,0.));
#2776 = DEFINITIONAL_REPRESENTATION('',(#2777),#2780);
#2777 = B_SPLINE_CURVE_WITH_KNOTS('',1,(#2778,#2779),.UNSPECIFIED.,.F.,
  .F.,(2,2),(24.172962499451,24.467013920439),.PIECEWISE_BEZIER_KNOTS.);
#2778 = CARTESIAN_POINT('',(0.294051420989,-1.));
#2779 = CARTESIAN_POINT('',(0.,-1.));
#2780 = ( GEOMETRIC_REPRESENTATION_CONTEXT(2) 
PARAMETRIC_REPRESENTATION_CONTEXT() REPRESENTATION_CONTEXT('2D SPACE',''
  ) );
#2781 = ORIENTED_EDGE('',*,*,#2782,.F.);
#2782 = EDGE_CURVE('',#2783,#2757,#2785,.T.);
#2783 = VERTEX_POINT('',#2784);
#2784 = CARTESIAN_POINT('',(-36.85,-49.5,0.));
#2785 = SURFACE_CURVE('',#2786,(#2790,#2796),.PCURVE_S1.);
#2786 = LINE('',#2787,#2788);
#2787 = CARTESIAN_POINT('',(-21.,-49.5,0.));
#2788 = VECTOR('',#2789,1.);
#2789 = DIRECTION('',(-1.,0.,0.));
#2790 = PCURVE('',#694,#2791);
#2791 = DEFINITIONAL_REPRESENTATION('',(#2792),#2795);
#2792 = B_SPLINE_CURVE_WITH_KNOTS('',1,(#2793,#2794),.UNSPECIFIED.,.F.,
  .F.,(2,2),(15.85,22.),.PIECEWISE_BEZIER_KNOTS.);
#2793 = CARTESIAN_POINT('',(-37.85,-49.5));
#2794 = CARTESIAN_POINT('',(-44.,-49.5));
#2795 = ( GEOMETRIC_REPRESENTATION_CONTEXT(2) 
PARAMETRIC_REPRESENTATION_CONTEXT() REPRESENTATION_CONTEXT('2D SPACE',''
  ) );
#2796 = PCURVE('',#2797,#2802);
#2797 = PLANE('',#2798);
#2798 = AXIS2_PLACEMENT_3D('',#2799,#2800,#2801);
#2799 = CARTESIAN_POINT('',(-43.,-49.5,-1.));
#2800 = DIRECTION('',(0.,1.,0.));
#2801 = DIRECTION('',(1.,0.,0.));
#2802 = DEFINITIONAL_REPRESENTATION('',(#2803),#2806);
#2803 = B_SPLINE_CURVE_WITH_KNOTS('',1,(#2804,#2805),.UNSPECIFIED.,.F.,
  .F.,(2,2),(15.85,22.),.PIECEWISE_BEZIER_KNOTS.);
#2804 = CARTESIAN_POINT('',(6.15,-1.));
#2805 = CARTESIAN_POINT('',(0.,-1.));
#2806 = ( GEOMETRIC_REPRESENTATION_CONTEXT(2) 
PARAMETRIC_REPRESENTATION_CONTEXT() REPRESENTATION_CONTEXT('2D SPACE',''
  ) );
#2807 = ORIENTED_EDGE('',*,*,#2808,.F.);
#2808 = EDGE_CURVE('',#2809,#2783,#2811,.T.);
#2809 = VERTEX_POINT('',#2810);
#2810 = CARTESIAN_POINT('',(-36.58662806527,-49.47406012854,0.));
#2811 = SURFACE_CURVE('',#2812,(#2816,#2822),.PCURVE_S1.);
#2812 = LINE('',#2813,#2814);
#2813 = CARTESIAN_POINT('',(-15.69257654923,-47.41617567291,0.));
#2814 = VECTOR('',#2815,1.);
#2815 = DIRECTION('',(-0.995184726672,-9.801714032957E-02,0.));
#2816 = PCURVE('',#694,#2817);
#2817 = DEFINITIONAL_REPRESENTATION('',(#2818),#2821);
#2818 = B_SPLINE_CURVE_WITH_KNOTS('',1,(#2819,#2820),.UNSPECIFIED.,.F.,
  .F.,(2,2),(20.995148896538,21.259795175428),.PIECEWISE_BEZIER_KNOTS.);
#2819 = CARTESIAN_POINT('',(-37.58662806527,-49.47406012854));
#2820 = CARTESIAN_POINT('',(-37.85,-49.5));
#2821 = ( GEOMETRIC_REPRESENTATION_CONTEXT(2) 
PARAMETRIC_REPRESENTATION_CONTEXT() REPRESENTATION_CONTEXT('2D SPACE',''
  ) );
#2822 = PCURVE('',#2823,#2828);
#2823 = PLANE('',#2824);
#2824 = AXIS2_PLACEMENT_3D('',#2825,#2826,#2827);
#2825 = CARTESIAN_POINT('',(-36.85,-49.5,-1.));
#2826 = DIRECTION('',(-9.801714032957E-02,0.995184726672,0.));
#2827 = DIRECTION('',(0.995184726672,9.801714032957E-02,0.));
#2828 = DEFINITIONAL_REPRESENTATION('',(#2829),#2832);
#2829 = B_SPLINE_CURVE_WITH_KNOTS('',1,(#2830,#2831),.UNSPECIFIED.,.F.,
  .F.,(2,2),(20.995148896538,21.259795175428),.PIECEWISE_BEZIER_KNOTS.);
#2830 = CARTESIAN_POINT('',(0.26464627889,-1.));
#2831 = CARTESIAN_POINT('',(0.,-1.));
#2832 = ( GEOMETRIC_REPRESENTATION_CONTEXT(2) 
PARAMETRIC_REPRESENTATION_CONTEXT() REPRESENTATION_CONTEXT('2D SPACE',''
  ) );
#2833 = ORIENTED_EDGE('',*,*,#2834,.F.);
#2834 = EDGE_CURVE('',#2835,#2809,#2837,.T.);
#2835 = VERTEX_POINT('',#2836);
#2836 = CARTESIAN_POINT('',(-36.3333773663,-49.39723736889,0.));
#2837 = SURFACE_CURVE('',#2838,(#2842,#2848),.PCURVE_S1.);
#2838 = LINE('',#2839,#2840);
#2839 = CARTESIAN_POINT('',(-12.50535750414,-42.16908656677,0.));
#2840 = VECTOR('',#2841,1.);
#2841 = DIRECTION('',(-0.956940335732,-0.290284677254,0.));
#2842 = PCURVE('',#694,#2843);
#2843 = DEFINITIONAL_REPRESENTATION('',(#2844),#2847);
#2844 = B_SPLINE_CURVE_WITH_KNOTS('',1,(#2845,#2846),.UNSPECIFIED.,.F.,
  .F.,(2,2),(24.900214749466,25.164861028356),.PIECEWISE_BEZIER_KNOTS.);
#2845 = CARTESIAN_POINT('',(-37.3333773663,-49.39723736889));
#2846 = CARTESIAN_POINT('',(-37.58662806527,-49.47406012854));
#2847 = ( GEOMETRIC_REPRESENTATION_CONTEXT(2) 
PARAMETRIC_REPRESENTATION_CONTEXT() REPRESENTATION_CONTEXT('2D SPACE',''
  ) );
#2848 = PCURVE('',#2849,#2854);
#2849 = PLANE('',#2850);
#2850 = AXIS2_PLACEMENT_3D('',#2851,#2852,#2853);
#2851 = CARTESIAN_POINT('',(-36.58662806527,-49.47406012854,-1.));
#2852 = DIRECTION('',(-0.290284677254,0.956940335732,0.));
#2853 = DIRECTION('',(0.956940335732,0.290284677254,0.));
#2854 = DEFINITIONAL_REPRESENTATION('',(#2855),#2858);
#2855 = B_SPLINE_CURVE_WITH_KNOTS('',1,(#2856,#2857),.UNSPECIFIED.,.F.,
  .F.,(2,2),(24.900214749466,25.164861028356),.PIECEWISE_BEZIER_KNOTS.);
#2856 = CARTESIAN_POINT('',(0.26464627889,-1.));
#2857 = CARTESIAN_POINT('',(0.,-1.));
#2858 = ( GEOMETRIC_REPRESENTATION_CONTEXT(2) 
PARAMETRIC_REPRESENTATION_CONTEXT() REPRESENTATION_CONTEXT('2D SPACE',''
  ) );
#2859 = ORIENTED_EDGE('',*,*,#2860,.F.);
#2860 = EDGE_CURVE('',#2861,#2835,#2863,.T.);
#2861 = VERTEX_POINT('',#2862);
#2862 = CARTESIAN_POINT('',(-36.09998018542,-49.2724839766,0.));
#2863 = SURFACE_CURVE('',#2864,(#2868,#2874),.PCURVE_S1.);
#2864 = LINE('',#2865,#2866);
#2865 = CARTESIAN_POINT('',(-11.54662928304,-36.14844449438,0.));
#2866 = VECTOR('',#2867,1.);
#2867 = DIRECTION('',(-0.881921264348,-0.471396736826,0.));
#2868 = PCURVE('',#694,#2869);
#2869 = DEFINITIONAL_REPRESENTATION('',(#2870),#2873);
#2870 = B_SPLINE_CURVE_WITH_KNOTS('',1,(#2871,#2872),.UNSPECIFIED.,.F.,
  .F.,(2,2),(27.840751657711,28.105397936601),.PIECEWISE_BEZIER_KNOTS.);
#2871 = CARTESIAN_POINT('',(-37.09998018542,-49.2724839766));
#2872 = CARTESIAN_POINT('',(-37.3333773663,-49.39723736889));
#2873 = ( GEOMETRIC_REPRESENTATION_CONTEXT(2) 
PARAMETRIC_REPRESENTATION_CONTEXT() REPRESENTATION_CONTEXT('2D SPACE',''
  ) );
#2874 = PCURVE('',#2875,#2880);
#2875 = PLANE('',#2876);
#2876 = AXIS2_PLACEMENT_3D('',#2877,#2878,#2879);
#2877 = CARTESIAN_POINT('',(-36.3333773663,-49.39723736889,-1.));
#2878 = DIRECTION('',(-0.471396736826,0.881921264348,0.));
#2879 = DIRECTION('',(0.881921264348,0.471396736826,0.));
#2880 = DEFINITIONAL_REPRESENTATION('',(#2881),#2884);
#2881 = B_SPLINE_CURVE_WITH_KNOTS('',1,(#2882,#2883),.UNSPECIFIED.,.F.,
  .F.,(2,2),(27.840751657711,28.105397936601),.PIECEWISE_BEZIER_KNOTS.);
#2882 = CARTESIAN_POINT('',(0.26464627889,-1.));
#2883 = CARTESIAN_POINT('',(0.,-1.));
#2884 = ( GEOMETRIC_REPRESENTATION_CONTEXT(2) 
PARAMETRIC_REPRESENTATION_CONTEXT() REPRESENTATION_CONTEXT('2D SPACE',''
  ) );
#2885 = ORIENTED_EDGE('',*,*,#2886,.F.);
#2886 = EDGE_CURVE('',#2887,#2861,#2889,.T.);
#2887 = VERTEX_POINT('',#2888);
#2888 = CARTESIAN_POINT('',(-35.89540584539,-49.1045941546,0.));
#2889 = SURFACE_CURVE('',#2890,(#2894,#2900),.PCURVE_S1.);
#2890 = LINE('',#2891,#2892);
#2891 = CARTESIAN_POINT('',(-12.93409161548,-30.26073055656,0.));
#2892 = VECTOR('',#2893,1.);
#2893 = DIRECTION('',(-0.773010453363,-0.634393284164,0.));
#2894 = PCURVE('',#694,#2895);
#2895 = DEFINITIONAL_REPRESENTATION('',(#2896),#2899);
#2896 = B_SPLINE_CURVE_WITH_KNOTS('',1,(#2897,#2898),.UNSPECIFIED.,.F.,
  .F.,(2,2),(29.703756436962,29.968402715852),.PIECEWISE_BEZIER_KNOTS.);
#2897 = CARTESIAN_POINT('',(-36.89540584539,-49.1045941546));
#2898 = CARTESIAN_POINT('',(-37.09998018542,-49.2724839766));
#2899 = ( GEOMETRIC_REPRESENTATION_CONTEXT(2) 
PARAMETRIC_REPRESENTATION_CONTEXT() REPRESENTATION_CONTEXT('2D SPACE',''
  ) );
#2900 = PCURVE('',#2901,#2906);
#2901 = PLANE('',#2902);
#2902 = AXIS2_PLACEMENT_3D('',#2903,#2904,#2905);
#2903 = CARTESIAN_POINT('',(-36.09998018542,-49.2724839766,-1.));
#2904 = DIRECTION('',(-0.634393284164,0.773010453363,0.));
#2905 = DIRECTION('',(0.773010453363,0.634393284164,0.));
#2906 = DEFINITIONAL_REPRESENTATION('',(#2907),#2910);
#2907 = B_SPLINE_CURVE_WITH_KNOTS('',1,(#2908,#2909),.UNSPECIFIED.,.F.,
  .F.,(2,2),(29.703756436962,29.968402715852),.PIECEWISE_BEZIER_KNOTS.);
#2908 = CARTESIAN_POINT('',(0.26464627889,-1.));
#2909 = CARTESIAN_POINT('',(0.,-1.));
#2910 = ( GEOMETRIC_REPRESENTATION_CONTEXT(2) 
PARAMETRIC_REPRESENTATION_CONTEXT() REPRESENTATION_CONTEXT('2D SPACE',''
  ) );
#2911 = ORIENTED_EDGE('',*,*,#2912,.F.);
#2912 = EDGE_CURVE('',#2913,#2887,#2915,.T.);
#2913 = VERTEX_POINT('',#2914);
#2914 = CARTESIAN_POINT('',(-35.72751602339,-48.90001981457,0.));
#2915 = SURFACE_CURVE('',#2916,(#2920,#2926),.PCURVE_S1.);
#2916 = LINE('',#2917,#2918);
#2917 = CARTESIAN_POINT('',(-16.43077274912,-25.38687010251,0.));
#2918 = VECTOR('',#2919,1.);
#2919 = DIRECTION('',(-0.634393284164,-0.773010453363,0.));
#2920 = PCURVE('',#694,#2921);
#2921 = DEFINITIONAL_REPRESENTATION('',(#2922),#2925);
#2922 = B_SPLINE_CURVE_WITH_KNOTS('',1,(#2923,#2924),.UNSPECIFIED.,.F.,
  .F.,(2,2),(30.417634858338,30.682281137227),.PIECEWISE_BEZIER_KNOTS.);
#2923 = CARTESIAN_POINT('',(-36.72751602339,-48.90001981457));
#2924 = CARTESIAN_POINT('',(-36.89540584539,-49.1045941546));
#2925 = ( GEOMETRIC_REPRESENTATION_CONTEXT(2) 
PARAMETRIC_REPRESENTATION_CONTEXT() REPRESENTATION_CONTEXT('2D SPACE',''
  ) );
#2926 = PCURVE('',#2927,#2932);
#2927 = PLANE('',#2928);
#2928 = AXIS2_PLACEMENT_3D('',#2929,#2930,#2931);
#2929 = CARTESIAN_POINT('',(-35.89540584539,-49.1045941546,-1.));
#2930 = DIRECTION('',(-0.773010453363,0.634393284164,0.));
#2931 = DIRECTION('',(0.634393284164,0.773010453363,0.));
#2932 = DEFINITIONAL_REPRESENTATION('',(#2933),#2936);
#2933 = B_SPLINE_CURVE_WITH_KNOTS('',1,(#2934,#2935),.UNSPECIFIED.,.F.,
  .F.,(2,2),(30.417634858338,30.682281137227),.PIECEWISE_BEZIER_KNOTS.);
#2934 = CARTESIAN_POINT('',(0.26464627889,-1.));
#2935 = CARTESIAN_POINT('',(0.,-1.));
#2936 = ( GEOMETRIC_REPRESENTATION_CONTEXT(2) 
PARAMETRIC_REPRESENTATION_CONTEXT() REPRESENTATION_CONTEXT('2D SPACE',''
  ) );
#2937 = ORIENTED_EDGE('',*,*,#2938,.F.);
#2938 = EDGE_CURVE('',#2939,#2913,#2941,.T.);
#2939 = VERTEX_POINT('',#2940);
#2940 = CARTESIAN_POINT('',(-35.60276263111,-48.66662263369,0.));
#2941 = SURFACE_CURVE('',#2942,(#2946,#2952),.PCURVE_S1.);
#2942 = LINE('',#2943,#2944);
#2943 = CARTESIAN_POINT('',(-21.48209554717,-22.24871263296,0.));
#2944 = VECTOR('',#2945,1.);
#2945 = DIRECTION('',(-0.471396736826,-0.881921264348,0.));
#2946 = PCURVE('',#694,#2947);
#2947 = DEFINITIONAL_REPRESENTATION('',(#2948),#2951);
#2948 = B_SPLINE_CURVE_WITH_KNOTS('',1,(#2949,#2950),.UNSPECIFIED.,.F.,
  .F.,(2,2),(29.954952974451,30.219599253341),.PIECEWISE_BEZIER_KNOTS.);
#2949 = CARTESIAN_POINT('',(-36.60276263111,-48.66662263369));
#2950 = CARTESIAN_POINT('',(-36.72751602339,-48.90001981457));
#2951 = ( GEOMETRIC_REPRESENTATION_CONTEXT(2) 
PARAMETRIC_REPRESENTATION_CONTEXT() REPRESENTATION_CONTEXT('2D SPACE',''
  ) );
#2952 = PCURVE('',#2953,#2958);
#2953 = PLANE('',#2954);
#2954 = AXIS2_PLACEMENT_3D('',#2955,#2956,#2957);
#2955 = CARTESIAN_POINT('',(-35.72751602339,-48.90001981457,-1.));
#2956 = DIRECTION('',(-0.881921264348,0.471396736826,0.));
#2957 = DIRECTION('',(0.471396736826,0.881921264348,0.));
#2958 = DEFINITIONAL_REPRESENTATION('',(#2959),#2962);
#2959 = B_SPLINE_CURVE_WITH_KNOTS('',1,(#2960,#2961),.UNSPECIFIED.,.F.,
  .F.,(2,2),(29.954952974451,30.219599253341),.PIECEWISE_BEZIER_KNOTS.);
#2960 = CARTESIAN_POINT('',(0.26464627889,-1.));
#2961 = CARTESIAN_POINT('',(0.,-1.));
#2962 = ( GEOMETRIC_REPRESENTATION_CONTEXT(2) 
PARAMETRIC_REPRESENTATION_CONTEXT() REPRESENTATION_CONTEXT('2D SPACE',''
  ) );
#2963 = ORIENTED_EDGE('',*,*,#2964,.F.);
#2964 = EDGE_CURVE('',#2965,#2939,#2967,.T.);
#2965 = VERTEX_POINT('',#2966);
#2966 = CARTESIAN_POINT('',(-35.52593987145,-48.41337193472,0.));
#2967 = SURFACE_CURVE('',#2968,(#2972,#2978),.PCURVE_S1.);
#2968 = LINE('',#2969,#2970);
#2969 = CARTESIAN_POINT('',(-27.30116146763,-21.29991117091,0.));
#2970 = VECTOR('',#2971,1.);
#2971 = DIRECTION('',(-0.290284677254,-0.956940335732,0.));
#2972 = PCURVE('',#694,#2973);
#2973 = DEFINITIONAL_REPRESENTATION('',(#2974),#2977);
#2974 = B_SPLINE_CURVE_WITH_KNOTS('',1,(#2975,#2976),.UNSPECIFIED.,.F.,
  .F.,(2,2),(28.333491390626,28.598137669516),.PIECEWISE_BEZIER_KNOTS.);
#2975 = CARTESIAN_POINT('',(-36.52593987145,-48.41337193472));
#2976 = CARTESIAN_POINT('',(-36.60276263111,-48.66662263369));
#2977 = ( GEOMETRIC_REPRESENTATION_CONTEXT(2) 
PARAMETRIC_REPRESENTATION_CONTEXT() REPRESENTATION_CONTEXT('2D SPACE',''
  ) );
#2978 = PCURVE('',#2979,#2984);
#2979 = PLANE('',#2980);
#2980 = AXIS2_PLACEMENT_3D('',#2981,#2982,#2983);
#2981 = CARTESIAN_POINT('',(-35.60276263111,-48.66662263369,-1.));
#2982 = DIRECTION('',(-0.956940335732,0.290284677254,0.));
#2983 = DIRECTION('',(0.290284677254,0.956940335732,0.));
#2984 = DEFINITIONAL_REPRESENTATION('',(#2985),#2988);
#2985 = B_SPLINE_CURVE_WITH_KNOTS('',1,(#2986,#2987),.UNSPECIFIED.,.F.,
  .F.,(2,2),(28.333491390626,28.598137669516),.PIECEWISE_BEZIER_KNOTS.);
#2986 = CARTESIAN_POINT('',(0.26464627889,-1.));
#2987 = CARTESIAN_POINT('',(0.,-1.));
#2988 = ( GEOMETRIC_REPRESENTATION_CONTEXT(2) 
PARAMETRIC_REPRESENTATION_CONTEXT() REPRESENTATION_CONTEXT('2D SPACE',''
  ) );
#2989 = ORIENTED_EDGE('',*,*,#2990,.F.);
#2990 = EDGE_CURVE('',#2991,#2965,#2993,.T.);
#2991 = VERTEX_POINT('',#2992);
#2992 = CARTESIAN_POINT('',(-35.5,-48.15,0.));
#2993 = SURFACE_CURVE('',#2994,(#2998,#3004),.PCURVE_S1.);
#2994 = LINE('',#2995,#2996);
#2995 = CARTESIAN_POINT('',(-32.98923586813,-22.65778396611,0.));
#2996 = VECTOR('',#2997,1.);
#2997 = DIRECTION('',(-9.801714032957E-02,-0.995184726672,0.));
#2998 = PCURVE('',#694,#2999);
#2999 = DEFINITIONAL_REPRESENTATION('',(#3000),#3003);
#3000 = B_SPLINE_CURVE_WITH_KNOTS('',1,(#3001,#3002),.UNSPECIFIED.,.F.,
  .F.,(2,2),(25.615561966203,25.880208245093),.PIECEWISE_BEZIER_KNOTS.);
#3001 = CARTESIAN_POINT('',(-36.5,-48.15));
#3002 = CARTESIAN_POINT('',(-36.52593987145,-48.41337193472));
#3003 = ( GEOMETRIC_REPRESENTATION_CONTEXT(2) 
PARAMETRIC_REPRESENTATION_CONTEXT() REPRESENTATION_CONTEXT('2D SPACE',''
  ) );
#3004 = PCURVE('',#3005,#3010);
#3005 = PLANE('',#3006);
#3006 = AXIS2_PLACEMENT_3D('',#3007,#3008,#3009);
#3007 = CARTESIAN_POINT('',(-35.52593987145,-48.41337193472,-1.));
#3008 = DIRECTION('',(-0.995184726672,9.801714032957E-02,0.));
#3009 = DIRECTION('',(9.801714032957E-02,0.995184726672,0.));
#3010 = DEFINITIONAL_REPRESENTATION('',(#3011),#3014);
#3011 = B_SPLINE_CURVE_WITH_KNOTS('',1,(#3012,#3013),.UNSPECIFIED.,.F.,
  .F.,(2,2),(25.615561966203,25.880208245093),.PIECEWISE_BEZIER_KNOTS.);
#3012 = CARTESIAN_POINT('',(0.26464627889,-1.));
#3013 = CARTESIAN_POINT('',(0.,-1.));
#3014 = ( GEOMETRIC_REPRESENTATION_CONTEXT(2) 
PARAMETRIC_REPRESENTATION_CONTEXT() REPRESENTATION_CONTEXT('2D SPACE',''
  ) );
#3015 = ORIENTED_EDGE('',*,*,#3016,.F.);
#3016 = EDGE_CURVE('',#3017,#2991,#3019,.T.);
#3017 = VERTEX_POINT('',#3018);
#3018 = CARTESIAN_POINT('',(-35.5,-47.85,0.));
#3019 = SURFACE_CURVE('',#3020,(#3024,#3030),.PCURVE_S1.);
#3020 = LINE('',#3021,#3022);
#3021 = CARTESIAN_POINT('',(-35.5,-24.075,0.));
#3022 = VECTOR('',#3023,1.);
#3023 = DIRECTION('',(0.,-1.,0.));
#3024 = PCURVE('',#694,#3025);
#3025 = DEFINITIONAL_REPRESENTATION('',(#3026),#3029);
#3026 = B_SPLINE_CURVE_WITH_KNOTS('',1,(#3027,#3028),.UNSPECIFIED.,.F.,
  .F.,(2,2),(23.775,24.075),.PIECEWISE_BEZIER_KNOTS.);
#3027 = CARTESIAN_POINT('',(-36.5,-47.85));
#3028 = CARTESIAN_POINT('',(-36.5,-48.15));
#3029 = ( GEOMETRIC_REPRESENTATION_CONTEXT(2) 
PARAMETRIC_REPRESENTATION_CONTEXT() REPRESENTATION_CONTEXT('2D SPACE',''
  ) );
#3030 = PCURVE('',#3031,#3036);
#3031 = PLANE('',#3032);
#3032 = AXIS2_PLACEMENT_3D('',#3033,#3034,#3035);
#3033 = CARTESIAN_POINT('',(-35.5,-48.15,-1.));
#3034 = DIRECTION('',(-1.,0.,0.));
#3035 = DIRECTION('',(0.,1.,0.));
#3036 = DEFINITIONAL_REPRESENTATION('',(#3037),#3040);
#3037 = B_SPLINE_CURVE_WITH_KNOTS('',1,(#3038,#3039),.UNSPECIFIED.,.F.,
  .F.,(2,2),(23.775,24.075),.PIECEWISE_BEZIER_KNOTS.);
#3038 = CARTESIAN_POINT('',(0.3,-1.));
#3039 = CARTESIAN_POINT('',(0.,-1.));
#3040 = ( GEOMETRIC_REPRESENTATION_CONTEXT(2) 
PARAMETRIC_REPRESENTATION_CONTEXT() REPRESENTATION_CONTEXT('2D SPACE',''
  ) );
#3041 = ORIENTED_EDGE('',*,*,#3042,.F.);
#3042 = EDGE_CURVE('',#3043,#3017,#3045,.T.);
#3043 = VERTEX_POINT('',#3044);
#3044 = CARTESIAN_POINT('',(-35.47406012854,-47.58662806527,0.));
#3045 = SURFACE_CURVE('',#3046,(#3050,#3056),.PCURVE_S1.);
#3046 = LINE('',#3047,#3048);
#3047 = CARTESIAN_POINT('',(-32.99089770656,-22.37465689477,0.));
#3048 = VECTOR('',#3049,1.);
#3049 = DIRECTION('',(-9.801714032957E-02,-0.995184726672,0.));
#3050 = PCURVE('',#694,#3051);
#3051 = DEFINITIONAL_REPRESENTATION('',(#3052),#3055);
#3052 = B_SPLINE_CURVE_WITH_KNOTS('',1,(#3053,#3054),.UNSPECIFIED.,.F.,
  .F.,(2,2),(25.333961117757,25.598607396647),.PIECEWISE_BEZIER_KNOTS.);
#3053 = CARTESIAN_POINT('',(-36.47406012854,-47.58662806527));
#3054 = CARTESIAN_POINT('',(-36.5,-47.85));
#3055 = ( GEOMETRIC_REPRESENTATION_CONTEXT(2) 
PARAMETRIC_REPRESENTATION_CONTEXT() REPRESENTATION_CONTEXT('2D SPACE',''
  ) );
#3056 = PCURVE('',#3057,#3062);
#3057 = PLANE('',#3058);
#3058 = AXIS2_PLACEMENT_3D('',#3059,#3060,#3061);
#3059 = CARTESIAN_POINT('',(-35.5,-47.85,-1.));
#3060 = DIRECTION('',(-0.995184726672,9.801714032957E-02,0.));
#3061 = DIRECTION('',(9.801714032957E-02,0.995184726672,0.));
#3062 = DEFINITIONAL_REPRESENTATION('',(#3063),#3066);
#3063 = B_SPLINE_CURVE_WITH_KNOTS('',1,(#3064,#3065),.UNSPECIFIED.,.F.,
  .F.,(2,2),(25.333961117757,25.598607396647),.PIECEWISE_BEZIER_KNOTS.);
#3064 = CARTESIAN_POINT('',(0.26464627889,-1.));
#3065 = CARTESIAN_POINT('',(0.,-1.));
#3066 = ( GEOMETRIC_REPRESENTATION_CONTEXT(2) 
PARAMETRIC_REPRESENTATION_CONTEXT() REPRESENTATION_CONTEXT('2D SPACE',''
  ) );
#3067 = ORIENTED_EDGE('',*,*,#3068,.F.);
#3068 = EDGE_CURVE('',#3069,#3043,#3071,.T.);
#3069 = VERTEX_POINT('',#3070);
#3070 = CARTESIAN_POINT('',(-35.39723736889,-47.3333773663,0.));
#3071 = SURFACE_CURVE('',#3072,(#3076,#3082),.PCURVE_S1.);
#3072 = LINE('',#3073,#3074);
#3073 = CARTESIAN_POINT('',(-27.32788474424,-20.7322867307,0.));
#3074 = VECTOR('',#3075,1.);
#3075 = DIRECTION('',(-0.290284677254,-0.956940335732,0.));
#3076 = PCURVE('',#694,#3077);
#3077 = DEFINITIONAL_REPRESENTATION('',(#3078),#3081);
#3078 = B_SPLINE_CURVE_WITH_KNOTS('',1,(#3079,#3080),.UNSPECIFIED.,.F.,
  .F.,(2,2),(27.798066025973,28.062712304863),.PIECEWISE_BEZIER_KNOTS.);
#3079 = CARTESIAN_POINT('',(-36.39723736889,-47.3333773663));
#3080 = CARTESIAN_POINT('',(-36.47406012854,-47.58662806527));
#3081 = ( GEOMETRIC_REPRESENTATION_CONTEXT(2) 
PARAMETRIC_REPRESENTATION_CONTEXT() REPRESENTATION_CONTEXT('2D SPACE',''
  ) );
#3082 = PCURVE('',#3083,#3088);
#3083 = PLANE('',#3084);
#3084 = AXIS2_PLACEMENT_3D('',#3085,#3086,#3087);
#3085 = CARTESIAN_POINT('',(-35.47406012854,-47.58662806527,-1.));
#3086 = DIRECTION('',(-0.956940335732,0.290284677254,0.));
#3087 = DIRECTION('',(0.290284677254,0.956940335732,0.));
#3088 = DEFINITIONAL_REPRESENTATION('',(#3089),#3092);
#3089 = B_SPLINE_CURVE_WITH_KNOTS('',1,(#3090,#3091),.UNSPECIFIED.,.F.,
  .F.,(2,2),(27.798066025973,28.062712304863),.PIECEWISE_BEZIER_KNOTS.);
#3090 = CARTESIAN_POINT('',(0.26464627889,-1.));
#3091 = CARTESIAN_POINT('',(0.,-1.));
#3092 = ( GEOMETRIC_REPRESENTATION_CONTEXT(2) 
PARAMETRIC_REPRESENTATION_CONTEXT() REPRESENTATION_CONTEXT('2D SPACE',''
  ) );
#3093 = ORIENTED_EDGE('',*,*,#3094,.F.);
#3094 = EDGE_CURVE('',#3095,#3069,#3097,.T.);
#3095 = VERTEX_POINT('',#3096);
#3096 = CARTESIAN_POINT('',(-35.2724839766,-47.09998018542,0.));
#3097 = SURFACE_CURVE('',#3098,(#3102,#3108),.PCURVE_S1.);
#3098 = LINE('',#3099,#3100);
#3099 = CARTESIAN_POINT('',(-21.51416720631,-21.35997994048,0.));
#3100 = VECTOR('',#3101,1.);
#3101 = DIRECTION('',(-0.471396736826,-0.881921264348,0.));
#3102 = PCURVE('',#694,#3103);
#3103 = DEFINITIONAL_REPRESENTATION('',(#3104),#3107);
#3104 = B_SPLINE_CURVE_WITH_KNOTS('',1,(#3105,#3106),.UNSPECIFIED.,.F.,
  .F.,(2,2),(29.186279190084,29.450925468974),.PIECEWISE_BEZIER_KNOTS.);
#3105 = CARTESIAN_POINT('',(-36.2724839766,-47.09998018542));
#3106 = CARTESIAN_POINT('',(-36.39723736889,-47.3333773663));
#3107 = ( GEOMETRIC_REPRESENTATION_CONTEXT(2) 
PARAMETRIC_REPRESENTATION_CONTEXT() REPRESENTATION_CONTEXT('2D SPACE',''
  ) );
#3108 = PCURVE('',#3109,#3114);
#3109 = PLANE('',#3110);
#3110 = AXIS2_PLACEMENT_3D('',#3111,#3112,#3113);
#3111 = CARTESIAN_POINT('',(-35.39723736889,-47.3333773663,-1.));
#3112 = DIRECTION('',(-0.881921264348,0.471396736826,0.));
#3113 = DIRECTION('',(0.471396736826,0.881921264348,0.));
#3114 = DEFINITIONAL_REPRESENTATION('',(#3115),#3118);
#3115 = B_SPLINE_CURVE_WITH_KNOTS('',1,(#3116,#3117),.UNSPECIFIED.,.F.,
  .F.,(2,2),(29.186279190084,29.450925468974),.PIECEWISE_BEZIER_KNOTS.);
#3116 = CARTESIAN_POINT('',(0.26464627889,-1.));
#3117 = CARTESIAN_POINT('',(0.,-1.));
#3118 = ( GEOMETRIC_REPRESENTATION_CONTEXT(2) 
PARAMETRIC_REPRESENTATION_CONTEXT() REPRESENTATION_CONTEXT('2D SPACE',''
  ) );
#3119 = ORIENTED_EDGE('',*,*,#3120,.F.);
#3120 = EDGE_CURVE('',#3121,#3095,#3123,.T.);
#3121 = VERTEX_POINT('',#3122);
#3122 = CARTESIAN_POINT('',(-35.1045941546,-46.89540584539,0.));
#3123 = SURFACE_CURVE('',#3124,(#3128,#3134),.PCURVE_S1.);
#3124 = LINE('',#3125,#3126);
#3125 = CARTESIAN_POINT('',(-16.424723809,-24.13391797175,0.));
#3126 = VECTOR('',#3127,1.);
#3127 = DIRECTION('',(-0.634393284164,-0.773010453363,0.));
#3128 = PCURVE('',#694,#3129);
#3129 = DEFINITIONAL_REPRESENTATION('',(#3130),#3133);
#3130 = B_SPLINE_CURVE_WITH_KNOTS('',1,(#3131,#3132),.UNSPECIFIED.,.F.,
  .F.,(2,2),(29.445252356712,29.709898635602),.PIECEWISE_BEZIER_KNOTS.);
#3131 = CARTESIAN_POINT('',(-36.1045941546,-46.89540584539));
#3132 = CARTESIAN_POINT('',(-36.2724839766,-47.09998018542));
#3133 = ( GEOMETRIC_REPRESENTATION_CONTEXT(2) 
PARAMETRIC_REPRESENTATION_CONTEXT() REPRESENTATION_CONTEXT('2D SPACE',''
  ) );
#3134 = PCURVE('',#3135,#3140);
#3135 = PLANE('',#3136);
#3136 = AXIS2_PLACEMENT_3D('',#3137,#3138,#3139);
#3137 = CARTESIAN_POINT('',(-35.2724839766,-47.09998018542,-1.));
#3138 = DIRECTION('',(-0.773010453363,0.634393284164,0.));
#3139 = DIRECTION('',(0.634393284164,0.773010453363,0.));
#3140 = DEFINITIONAL_REPRESENTATION('',(#3141),#3144);
#3141 = B_SPLINE_CURVE_WITH_KNOTS('',1,(#3142,#3143),.UNSPECIFIED.,.F.,
  .F.,(2,2),(29.445252356712,29.709898635602),.PIECEWISE_BEZIER_KNOTS.);
#3142 = CARTESIAN_POINT('',(0.26464627889,-1.));
#3143 = CARTESIAN_POINT('',(0.,-1.));
#3144 = ( GEOMETRIC_REPRESENTATION_CONTEXT(2) 
PARAMETRIC_REPRESENTATION_CONTEXT() REPRESENTATION_CONTEXT('2D SPACE',''
  ) );
#3145 = ORIENTED_EDGE('',*,*,#3146,.F.);
#3146 = EDGE_CURVE('',#3147,#3121,#3149,.T.);
#3147 = VERTEX_POINT('',#3148);
#3148 = CARTESIAN_POINT('',(-34.90001981457,-46.72751602339,0.));
#3149 = SURFACE_CURVE('',#3150,(#3154,#3160),.PCURVE_S1.);
#3150 = LINE('',#3151,#3152);
#3151 = CARTESIAN_POINT('',(-12.81895044805,-28.60605071547,0.));
#3152 = VECTOR('',#3153,1.);
#3153 = DIRECTION('',(-0.773010453363,-0.634393284164,0.));
#3154 = PCURVE('',#694,#3155);
#3155 = DEFINITIONAL_REPRESENTATION('',(#3156),#3159);
#3156 = B_SPLINE_CURVE_WITH_KNOTS('',1,(#3157,#3158),.UNSPECIFIED.,.F.,
  .F.,(2,2),(28.565033332298,28.829679611188),.PIECEWISE_BEZIER_KNOTS.);
#3157 = CARTESIAN_POINT('',(-35.90001981457,-46.72751602339));
#3158 = CARTESIAN_POINT('',(-36.1045941546,-46.89540584539));
#3159 = ( GEOMETRIC_REPRESENTATION_CONTEXT(2) 
PARAMETRIC_REPRESENTATION_CONTEXT() REPRESENTATION_CONTEXT('2D SPACE',''
  ) );
#3160 = PCURVE('',#3161,#3166);
#3161 = PLANE('',#3162);
#3162 = AXIS2_PLACEMENT_3D('',#3163,#3164,#3165);
#3163 = CARTESIAN_POINT('',(-35.1045941546,-46.89540584539,-1.));
#3164 = DIRECTION('',(-0.634393284164,0.773010453363,0.));
#3165 = DIRECTION('',(0.773010453363,0.634393284164,0.));
#3166 = DEFINITIONAL_REPRESENTATION('',(#3167),#3170);
#3167 = B_SPLINE_CURVE_WITH_KNOTS('',1,(#3168,#3169),.UNSPECIFIED.,.F.,
  .F.,(2,2),(28.565033332298,28.829679611188),.PIECEWISE_BEZIER_KNOTS.);
#3168 = CARTESIAN_POINT('',(0.26464627889,-1.));
#3169 = CARTESIAN_POINT('',(0.,-1.));
#3170 = ( GEOMETRIC_REPRESENTATION_CONTEXT(2) 
PARAMETRIC_REPRESENTATION_CONTEXT() REPRESENTATION_CONTEXT('2D SPACE',''
  ) );
#3171 = ORIENTED_EDGE('',*,*,#3172,.F.);
#3172 = EDGE_CURVE('',#3173,#3147,#3175,.T.);
#3173 = VERTEX_POINT('',#3174);
#3174 = CARTESIAN_POINT('',(-34.66662263369,-46.60276263111,0.));
#3175 = SURFACE_CURVE('',#3176,(#3180,#3186),.PCURVE_S1.);
#3176 = LINE('',#3177,#3178);
#3177 = CARTESIAN_POINT('',(-11.22564185952,-34.0732973697,0.));
#3178 = VECTOR('',#3179,1.);
#3179 = DIRECTION('',(-0.881921264348,-0.471396736826,0.));
#3180 = PCURVE('',#694,#3181);
#3181 = DEFINITIONAL_REPRESENTATION('',(#3182),#3185);
#3182 = B_SPLINE_CURVE_WITH_KNOTS('',1,(#3183,#3184),.UNSPECIFIED.,.F.,
  .F.,(2,2),(26.579448440317,26.844094719207),.PIECEWISE_BEZIER_KNOTS.);
#3183 = CARTESIAN_POINT('',(-35.66662263369,-46.60276263111));
#3184 = CARTESIAN_POINT('',(-35.90001981457,-46.72751602339));
#3185 = ( GEOMETRIC_REPRESENTATION_CONTEXT(2) 
PARAMETRIC_REPRESENTATION_CONTEXT() REPRESENTATION_CONTEXT('2D SPACE',''
  ) );
#3186 = PCURVE('',#3187,#3192);
#3187 = PLANE('',#3188);
#3188 = AXIS2_PLACEMENT_3D('',#3189,#3190,#3191);
#3189 = CARTESIAN_POINT('',(-34.90001981457,-46.72751602339,-1.));
#3190 = DIRECTION('',(-0.471396736826,0.881921264348,0.));
#3191 = DIRECTION('',(0.881921264348,0.471396736826,0.));
#3192 = DEFINITIONAL_REPRESENTATION('',(#3193),#3196);
#3193 = B_SPLINE_CURVE_WITH_KNOTS('',1,(#3194,#3195),.UNSPECIFIED.,.F.,
  .F.,(2,2),(26.579448440317,26.844094719207),.PIECEWISE_BEZIER_KNOTS.);
#3194 = CARTESIAN_POINT('',(0.26464627889,-1.));
#3195 = CARTESIAN_POINT('',(0.,-1.));
#3196 = ( GEOMETRIC_REPRESENTATION_CONTEXT(2) 
PARAMETRIC_REPRESENTATION_CONTEXT() REPRESENTATION_CONTEXT('2D SPACE',''
  ) );
#3197 = ORIENTED_EDGE('',*,*,#3198,.F.);
#3198 = EDGE_CURVE('',#3199,#3173,#3201,.T.);
#3199 = VERTEX_POINT('',#3200);
#3200 = CARTESIAN_POINT('',(-34.41337193472,-46.52593987145,0.));
#3201 = SURFACE_CURVE('',#3202,(#3206,#3212),.PCURVE_S1.);
#3202 = LINE('',#3203,#3204);
#3203 = CARTESIAN_POINT('',(-11.86326182834,-39.6854387557,0.));
#3204 = VECTOR('',#3205,1.);
#3205 = DIRECTION('',(-0.956940335732,-0.290284677254,0.));
#3206 = PCURVE('',#694,#3207);
#3207 = DEFINITIONAL_REPRESENTATION('',(#3208),#3211);
#3208 = B_SPLINE_CURVE_WITH_KNOTS('',1,(#3209,#3210),.UNSPECIFIED.,.F.,
  .F.,(2,2),(23.564802594639,23.829448873529),.PIECEWISE_BEZIER_KNOTS.);
#3209 = CARTESIAN_POINT('',(-35.41337193472,-46.52593987145));
#3210 = CARTESIAN_POINT('',(-35.66662263369,-46.60276263111));
#3211 = ( GEOMETRIC_REPRESENTATION_CONTEXT(2) 
PARAMETRIC_REPRESENTATION_CONTEXT() REPRESENTATION_CONTEXT('2D SPACE',''
  ) );
#3212 = PCURVE('',#3213,#3218);
#3213 = PLANE('',#3214);
#3214 = AXIS2_PLACEMENT_3D('',#3215,#3216,#3217);
#3215 = CARTESIAN_POINT('',(-34.66662263369,-46.60276263111,-1.));
#3216 = DIRECTION('',(-0.290284677254,0.956940335732,0.));
#3217 = DIRECTION('',(0.956940335732,0.290284677254,0.));
#3218 = DEFINITIONAL_REPRESENTATION('',(#3219),#3222);
#3219 = B_SPLINE_CURVE_WITH_KNOTS('',1,(#3220,#3221),.UNSPECIFIED.,.F.,
  .F.,(2,2),(23.564802594639,23.829448873529),.PIECEWISE_BEZIER_KNOTS.);
#3220 = CARTESIAN_POINT('',(0.26464627889,-1.));
#3221 = CARTESIAN_POINT('',(0.,-1.));
#3222 = ( GEOMETRIC_REPRESENTATION_CONTEXT(2) 
PARAMETRIC_REPRESENTATION_CONTEXT() REPRESENTATION_CONTEXT('2D SPACE',''
  ) );
#3223 = ORIENTED_EDGE('',*,*,#3224,.F.);
#3224 = EDGE_CURVE('',#3225,#3199,#3227,.T.);
#3225 = VERTEX_POINT('',#3226);
#3226 = CARTESIAN_POINT('',(-34.15,-46.5,0.));
#3227 = SURFACE_CURVE('',#3228,(#3232,#3238),.PCURVE_S1.);
#3228 = LINE('',#3229,#3230);
#3229 = CARTESIAN_POINT('',(-14.60761032238,-44.57524261569,0.));
#3230 = VECTOR('',#3231,1.);
#3231 = DIRECTION('',(-0.995184726672,-9.801714032957E-02,0.));
#3232 = PCURVE('',#694,#3233);
#3233 = DEFINITIONAL_REPRESENTATION('',(#3234),#3237);
#3234 = B_SPLINE_CURVE_WITH_KNOTS('',1,(#3235,#3236),.UNSPECIFIED.,.F.,
  .F.,(2,2),(19.636946944481,19.901593223371),.PIECEWISE_BEZIER_KNOTS.);
#3235 = CARTESIAN_POINT('',(-35.15,-46.5));
#3236 = CARTESIAN_POINT('',(-35.41337193472,-46.52593987145));
#3237 = ( GEOMETRIC_REPRESENTATION_CONTEXT(2) 
PARAMETRIC_REPRESENTATION_CONTEXT() REPRESENTATION_CONTEXT('2D SPACE',''
  ) );
#3238 = PCURVE('',#3239,#3244);
#3239 = PLANE('',#3240);
#3240 = AXIS2_PLACEMENT_3D('',#3241,#3242,#3243);
#3241 = CARTESIAN_POINT('',(-34.41337193472,-46.52593987145,-1.));
#3242 = DIRECTION('',(-9.801714032957E-02,0.995184726672,0.));
#3243 = DIRECTION('',(0.995184726672,9.801714032957E-02,0.));
#3244 = DEFINITIONAL_REPRESENTATION('',(#3245),#3248);
#3245 = B_SPLINE_CURVE_WITH_KNOTS('',1,(#3246,#3247),.UNSPECIFIED.,.F.,
  .F.,(2,2),(19.636946944481,19.901593223371),.PIECEWISE_BEZIER_KNOTS.);
#3246 = CARTESIAN_POINT('',(0.26464627889,-1.));
#3247 = CARTESIAN_POINT('',(0.,-1.));
#3248 = ( GEOMETRIC_REPRESENTATION_CONTEXT(2) 
PARAMETRIC_REPRESENTATION_CONTEXT() REPRESENTATION_CONTEXT('2D SPACE',''
  ) );
#3249 = ORIENTED_EDGE('',*,*,#3250,.F.);
#3250 = EDGE_CURVE('',#3251,#3225,#3253,.T.);
#3251 = VERTEX_POINT('',#3252);
#3252 = CARTESIAN_POINT('',(-25.,-46.5,0.));
#3253 = SURFACE_CURVE('',#3254,(#3258,#3264),.PCURVE_S1.);
#3254 = LINE('',#3255,#3256);
#3255 = CARTESIAN_POINT('',(-16.575,-46.5,0.));
#3256 = VECTOR('',#3257,1.);
#3257 = DIRECTION('',(-1.,0.,0.));
#3258 = PCURVE('',#694,#3259);
#3259 = DEFINITIONAL_REPRESENTATION('',(#3260),#3263);
#3260 = B_SPLINE_CURVE_WITH_KNOTS('',1,(#3261,#3262),.UNSPECIFIED.,.F.,
  .F.,(2,2),(8.425,17.575),.PIECEWISE_BEZIER_KNOTS.);
#3261 = CARTESIAN_POINT('',(-26.,-46.5));
#3262 = CARTESIAN_POINT('',(-35.15,-46.5));
#3263 = ( GEOMETRIC_REPRESENTATION_CONTEXT(2) 
PARAMETRIC_REPRESENTATION_CONTEXT() REPRESENTATION_CONTEXT('2D SPACE',''
  ) );
#3264 = PCURVE('',#3265,#3270);
#3265 = PLANE('',#3266);
#3266 = AXIS2_PLACEMENT_3D('',#3267,#3268,#3269);
#3267 = CARTESIAN_POINT('',(-34.15,-46.5,-1.));
#3268 = DIRECTION('',(0.,1.,0.));
#3269 = DIRECTION('',(1.,0.,0.));
#3270 = DEFINITIONAL_REPRESENTATION('',(#3271),#3274);
#3271 = B_SPLINE_CURVE_WITH_KNOTS('',1,(#3272,#3273),.UNSPECIFIED.,.F.,
  .F.,(2,2),(8.425,17.575),.PIECEWISE_BEZIER_KNOTS.);
#3272 = CARTESIAN_POINT('',(9.15,-1.));
#3273 = CARTESIAN_POINT('',(0.,-1.));
#3274 = ( GEOMETRIC_REPRESENTATION_CONTEXT(2) 
PARAMETRIC_REPRESENTATION_CONTEXT() REPRESENTATION_CONTEXT('2D SPACE',''
  ) );
#3275 = ORIENTED_EDGE('',*,*,#3276,.F.);
#3276 = EDGE_CURVE('',#3277,#3251,#3279,.T.);
#3277 = VERTEX_POINT('',#3278);
#3278 = CARTESIAN_POINT('',(-24.70736451697,-46.52882207939,0.));
#3279 = SURFACE_CURVE('',#3280,(#3284,#3290),.PCURVE_S1.);
#3280 = LINE('',#3281,#3282);
#3281 = CARTESIAN_POINT('',(-14.39282067081,-47.54471597779,0.));
#3282 = VECTOR('',#3283,1.);
#3283 = DIRECTION('',(-0.995184726672,9.801714032956E-02,0.));
#3284 = PCURVE('',#694,#3285);
#3285 = DEFINITIONAL_REPRESENTATION('',(#3286),#3289);
#3286 = B_SPLINE_CURVE_WITH_KNOTS('',1,(#3287,#3288),.UNSPECIFIED.,.F.,
  .F.,(2,2),(10.364451513088,10.658502934076),.PIECEWISE_BEZIER_KNOTS.);
#3287 = CARTESIAN_POINT('',(-25.70736451697,-46.52882207939));
#3288 = CARTESIAN_POINT('',(-26.,-46.5));
#3289 = ( GEOMETRIC_REPRESENTATION_CONTEXT(2) 
PARAMETRIC_REPRESENTATION_CONTEXT() REPRESENTATION_CONTEXT('2D SPACE',''
  ) );
#3290 = PCURVE('',#3291,#3296);
#3291 = PLANE('',#3292);
#3292 = AXIS2_PLACEMENT_3D('',#3293,#3294,#3295);
#3293 = CARTESIAN_POINT('',(-25.,-46.5,-1.));
#3294 = DIRECTION('',(9.801714032956E-02,0.995184726672,-0.));
#3295 = DIRECTION('',(0.995184726672,-9.801714032956E-02,0.));
#3296 = DEFINITIONAL_REPRESENTATION('',(#3297),#3300);
#3297 = B_SPLINE_CURVE_WITH_KNOTS('',1,(#3298,#3299),.UNSPECIFIED.,.F.,
  .F.,(2,2),(10.364451513088,10.658502934076),.PIECEWISE_BEZIER_KNOTS.);
#3298 = CARTESIAN_POINT('',(0.294051420989,-1.));
#3299 = CARTESIAN_POINT('',(0.,-1.));
#3300 = ( GEOMETRIC_REPRESENTATION_CONTEXT(2) 
PARAMETRIC_REPRESENTATION_CONTEXT() REPRESENTATION_CONTEXT('2D SPACE',''
  ) );
#3301 = ORIENTED_EDGE('',*,*,#3302,.F.);
#3302 = EDGE_CURVE('',#3303,#3277,#3305,.T.);
#3303 = VERTEX_POINT('',#3304);
#3304 = CARTESIAN_POINT('',(-24.42597485145,-46.61418070123,0.));
#3305 = SURFACE_CURVE('',#3306,(#3310,#3316),.PCURVE_S1.);
#3306 = LINE('',#3307,#3308);
#3307 = CARTESIAN_POINT('',(-19.39930741686,-48.13900359711,0.));
#3308 = VECTOR('',#3309,1.);
#3309 = DIRECTION('',(-0.956940335732,0.290284677254,0.));
#3310 = PCURVE('',#694,#3311);
#3311 = DEFINITIONAL_REPRESENTATION('',(#3312),#3315);
#3312 = B_SPLINE_CURVE_WITH_KNOTS('',1,(#3313,#3314),.UNSPECIFIED.,.F.,
  .F.,(2,2),(5.25285354467,5.546904965659),.PIECEWISE_BEZIER_KNOTS.);
#3313 = CARTESIAN_POINT('',(-25.42597485145,-46.61418070123));
#3314 = CARTESIAN_POINT('',(-25.70736451697,-46.52882207939));
#3315 = ( GEOMETRIC_REPRESENTATION_CONTEXT(2) 
PARAMETRIC_REPRESENTATION_CONTEXT() REPRESENTATION_CONTEXT('2D SPACE',''
  ) );
#3316 = PCURVE('',#3317,#3322);
#3317 = PLANE('',#3318);
#3318 = AXIS2_PLACEMENT_3D('',#3319,#3320,#3321);
#3319 = CARTESIAN_POINT('',(-24.70736451697,-46.52882207939,-1.));
#3320 = DIRECTION('',(0.290284677254,0.956940335732,-0.));
#3321 = DIRECTION('',(0.956940335732,-0.290284677254,0.));
#3322 = DEFINITIONAL_REPRESENTATION('',(#3323),#3326);
#3323 = B_SPLINE_CURVE_WITH_KNOTS('',1,(#3324,#3325),.UNSPECIFIED.,.F.,
  .F.,(2,2),(5.25285354467,5.546904965659),.PIECEWISE_BEZIER_KNOTS.);
#3324 = CARTESIAN_POINT('',(0.294051420989,-1.));
#3325 = CARTESIAN_POINT('',(0.,-1.));
#3326 = ( GEOMETRIC_REPRESENTATION_CONTEXT(2) 
PARAMETRIC_REPRESENTATION_CONTEXT() REPRESENTATION_CONTEXT('2D SPACE',''
  ) );
#3327 = ORIENTED_EDGE('',*,*,#3328,.F.);
#3328 = EDGE_CURVE('',#3329,#3303,#3331,.T.);
#3329 = VERTEX_POINT('',#3330);
#3330 = CARTESIAN_POINT('',(-24.16664465047,-46.75279558154,0.));
#3331 = SURFACE_CURVE('',#3332,(#3336,#3342),.PCURVE_S1.);
#3332 = LINE('',#3333,#3334);
#3333 = CARTESIAN_POINT('',(-24.22757113421,-46.72022969751,0.));
#3334 = VECTOR('',#3335,1.);
#3335 = DIRECTION('',(-0.881921264348,0.471396736826,0.));
#3336 = PCURVE('',#694,#3337);
#3337 = DEFINITIONAL_REPRESENTATION('',(#3338),#3341);
#3338 = B_SPLINE_CURVE_WITH_KNOTS('',1,(#3339,#3340),.UNSPECIFIED.,.F.,
  .F.,(2,2),(-6.908381303695E-02,0.224967607952),
  .PIECEWISE_BEZIER_KNOTS.);
#3339 = CARTESIAN_POINT('',(-25.16664465047,-46.75279558154));
#3340 = CARTESIAN_POINT('',(-25.42597485145,-46.61418070123));
#3341 = ( GEOMETRIC_REPRESENTATION_CONTEXT(2) 
PARAMETRIC_REPRESENTATION_CONTEXT() REPRESENTATION_CONTEXT('2D SPACE',''
  ) );
#3342 = PCURVE('',#3343,#3348);
#3343 = PLANE('',#3344);
#3344 = AXIS2_PLACEMENT_3D('',#3345,#3346,#3347);
#3345 = CARTESIAN_POINT('',(-24.42597485145,-46.61418070123,-1.));
#3346 = DIRECTION('',(0.471396736826,0.881921264348,-0.));
#3347 = DIRECTION('',(0.881921264348,-0.471396736826,0.));
#3348 = DEFINITIONAL_REPRESENTATION('',(#3349),#3352);
#3349 = B_SPLINE_CURVE_WITH_KNOTS('',1,(#3350,#3351),.UNSPECIFIED.,.F.,
  .F.,(2,2),(-6.908381303695E-02,0.224967607952),
  .PIECEWISE_BEZIER_KNOTS.);
#3350 = CARTESIAN_POINT('',(0.294051420989,-1.));
#3351 = CARTESIAN_POINT('',(0.,-1.));
#3352 = ( GEOMETRIC_REPRESENTATION_CONTEXT(2) 
PARAMETRIC_REPRESENTATION_CONTEXT() REPRESENTATION_CONTEXT('2D SPACE',''
  ) );
#3353 = ORIENTED_EDGE('',*,*,#3354,.F.);
#3354 = EDGE_CURVE('',#3355,#3329,#3357,.T.);
#3355 = VERTEX_POINT('',#3356);
#3356 = CARTESIAN_POINT('',(-23.93933982822,-46.93933982822,0.));
#3357 = SURFACE_CURVE('',#3358,(#3362,#3368),.PCURVE_S1.);
#3358 = LINE('',#3359,#3360);
#3359 = CARTESIAN_POINT('',(-28.11115471664,-43.51561983002,
    1.110223024625E-16));
#3360 = VECTOR('',#3361,1.);
#3361 = DIRECTION('',(-0.773010453363,0.634393284164,0.));
#3362 = PCURVE('',#694,#3363);
#3363 = DEFINITIONAL_REPRESENTATION('',(#3364),#3367);
#3364 = B_SPLINE_CURVE_WITH_KNOTS('',1,(#3365,#3366),.UNSPECIFIED.,.F.,
  .F.,(2,2),(-5.396841491953,-5.102790070965),.PIECEWISE_BEZIER_KNOTS.);
#3365 = CARTESIAN_POINT('',(-24.93933982822,-46.93933982822));
#3366 = CARTESIAN_POINT('',(-25.16664465047,-46.75279558154));
#3367 = ( GEOMETRIC_REPRESENTATION_CONTEXT(2) 
PARAMETRIC_REPRESENTATION_CONTEXT() REPRESENTATION_CONTEXT('2D SPACE',''
  ) );
#3368 = PCURVE('',#3369,#3374);
#3369 = PLANE('',#3370);
#3370 = AXIS2_PLACEMENT_3D('',#3371,#3372,#3373);
#3371 = CARTESIAN_POINT('',(-24.16664465047,-46.75279558154,-1.));
#3372 = DIRECTION('',(0.634393284164,0.773010453363,-0.));
#3373 = DIRECTION('',(0.773010453363,-0.634393284164,0.));
#3374 = DEFINITIONAL_REPRESENTATION('',(#3375),#3378);
#3375 = B_SPLINE_CURVE_WITH_KNOTS('',1,(#3376,#3377),.UNSPECIFIED.,.F.,
  .F.,(2,2),(-5.396841491953,-5.102790070965),.PIECEWISE_BEZIER_KNOTS.);
#3376 = CARTESIAN_POINT('',(0.294051420989,-1.));
#3377 = CARTESIAN_POINT('',(0.,-1.));
#3378 = ( GEOMETRIC_REPRESENTATION_CONTEXT(2) 
PARAMETRIC_REPRESENTATION_CONTEXT() REPRESENTATION_CONTEXT('2D SPACE',''
  ) );
#3379 = ORIENTED_EDGE('',*,*,#3380,.F.);
#3380 = EDGE_CURVE('',#3381,#3355,#3383,.T.);
#3381 = VERTEX_POINT('',#3382);
#3382 = CARTESIAN_POINT('',(-23.75279558154,-47.16664465047,0.));
#3383 = SURFACE_CURVE('',#3384,(#3388,#3394),.PCURVE_S1.);
#3384 = LINE('',#3385,#3386);
#3385 = CARTESIAN_POINT('',(-30.43021422449,-39.03018649221,0.));
#3386 = VECTOR('',#3387,1.);
#3387 = DIRECTION('',(-0.634393284164,0.773010453363,0.));
#3388 = PCURVE('',#694,#3389);
#3389 = DEFINITIONAL_REPRESENTATION('',(#3390),#3393);
#3390 = B_SPLINE_CURVE_WITH_KNOTS('',1,(#3391,#3392),.UNSPECIFIED.,.F.,
  .F.,(2,2),(-10.52567675232,-10.23162533133),.PIECEWISE_BEZIER_KNOTS.);
#3391 = CARTESIAN_POINT('',(-24.75279558154,-47.16664465047));
#3392 = CARTESIAN_POINT('',(-24.93933982822,-46.93933982822));
#3393 = ( GEOMETRIC_REPRESENTATION_CONTEXT(2) 
PARAMETRIC_REPRESENTATION_CONTEXT() REPRESENTATION_CONTEXT('2D SPACE',''
  ) );
#3394 = PCURVE('',#3395,#3400);
#3395 = PLANE('',#3396);
#3396 = AXIS2_PLACEMENT_3D('',#3397,#3398,#3399);
#3397 = CARTESIAN_POINT('',(-23.93933982822,-46.93933982822,-1.));
#3398 = DIRECTION('',(0.773010453363,0.634393284164,-0.));
#3399 = DIRECTION('',(0.634393284164,-0.773010453363,0.));
#3400 = DEFINITIONAL_REPRESENTATION('',(#3401),#3404);
#3401 = B_SPLINE_CURVE_WITH_KNOTS('',1,(#3402,#3403),.UNSPECIFIED.,.F.,
  .F.,(2,2),(-10.52567675232,-10.23162533133),.PIECEWISE_BEZIER_KNOTS.);
#3402 = CARTESIAN_POINT('',(0.294051420989,-1.));
#3403 = CARTESIAN_POINT('',(0.,-1.));
#3404 = ( GEOMETRIC_REPRESENTATION_CONTEXT(2) 
PARAMETRIC_REPRESENTATION_CONTEXT() REPRESENTATION_CONTEXT('2D SPACE',''
  ) );
#3405 = ORIENTED_EDGE('',*,*,#3406,.F.);
#3406 = EDGE_CURVE('',#3407,#3381,#3409,.T.);
#3407 = VERTEX_POINT('',#3408);
#3408 = CARTESIAN_POINT('',(-23.61418070123,-47.42597485145,0.));
#3409 = SURFACE_CURVE('',#3410,(#3414,#3420),.PCURVE_S1.);
#3410 = LINE('',#3411,#3412);
#3411 = CARTESIAN_POINT('',(-30.80698372372,-33.96918688444,
    1.110223024625E-16));
#3412 = VECTOR('',#3413,1.);
#3413 = DIRECTION('',(-0.471396736826,0.881921264348,0.));
#3414 = PCURVE('',#694,#3415);
#3415 = DEFINITIONAL_REPRESENTATION('',(#3416),#3419);
#3416 = B_SPLINE_CURVE_WITH_KNOTS('',1,(#3417,#3418),.UNSPECIFIED.,.F.,
  .F.,(2,2),(-15.25849133136,-14.96443991037),.PIECEWISE_BEZIER_KNOTS.);
#3417 = CARTESIAN_POINT('',(-24.61418070123,-47.42597485145));
#3418 = CARTESIAN_POINT('',(-24.75279558154,-47.16664465047));
#3419 = ( GEOMETRIC_REPRESENTATION_CONTEXT(2) 
PARAMETRIC_REPRESENTATION_CONTEXT() REPRESENTATION_CONTEXT('2D SPACE',''
  ) );
#3420 = PCURVE('',#3421,#3426);
#3421 = PLANE('',#3422);
#3422 = AXIS2_PLACEMENT_3D('',#3423,#3424,#3425);
#3423 = CARTESIAN_POINT('',(-23.75279558154,-47.16664465047,-1.));
#3424 = DIRECTION('',(0.881921264348,0.471396736826,-0.));
#3425 = DIRECTION('',(0.471396736826,-0.881921264348,0.));
#3426 = DEFINITIONAL_REPRESENTATION('',(#3427),#3430);
#3427 = B_SPLINE_CURVE_WITH_KNOTS('',1,(#3428,#3429),.UNSPECIFIED.,.F.,
  .F.,(2,2),(-15.25849133136,-14.96443991037),.PIECEWISE_BEZIER_KNOTS.);
#3428 = CARTESIAN_POINT('',(0.294051420989,-1.));
#3429 = CARTESIAN_POINT('',(0.,-1.));
#3430 = ( GEOMETRIC_REPRESENTATION_CONTEXT(2) 
PARAMETRIC_REPRESENTATION_CONTEXT() REPRESENTATION_CONTEXT('2D SPACE',''
  ) );
#3431 = ORIENTED_EDGE('',*,*,#3432,.F.);
#3432 = EDGE_CURVE('',#3433,#3407,#3435,.T.);
#3433 = VERTEX_POINT('',#3434);
#3434 = CARTESIAN_POINT('',(-23.52882207939,-47.70736451697,0.));
#3435 = SURFACE_CURVE('',#3436,(#3440,#3446),.PCURVE_S1.);
#3436 = LINE('',#3437,#3438);
#3437 = CARTESIAN_POINT('',(-29.16423632197,-29.12989343483,0.));
#3438 = VECTOR('',#3439,1.);
#3439 = DIRECTION('',(-0.290284677254,0.956940335732,0.));
#3440 = PCURVE('',#694,#3441);
#3441 = DEFINITIONAL_REPRESENTATION('',(#3442),#3445);
#3442 = B_SPLINE_CURVE_WITH_KNOTS('',1,(#3443,#3444),.UNSPECIFIED.,.F.,
  .F.,(2,2),(-19.413405819,-19.11935439801),.PIECEWISE_BEZIER_KNOTS.);
#3443 = CARTESIAN_POINT('',(-24.52882207939,-47.70736451697));
#3444 = CARTESIAN_POINT('',(-24.61418070123,-47.42597485145));
#3445 = ( GEOMETRIC_REPRESENTATION_CONTEXT(2) 
PARAMETRIC_REPRESENTATION_CONTEXT() REPRESENTATION_CONTEXT('2D SPACE',''
  ) );
#3446 = PCURVE('',#3447,#3452);
#3447 = PLANE('',#3448);
#3448 = AXIS2_PLACEMENT_3D('',#3449,#3450,#3451);
#3449 = CARTESIAN_POINT('',(-23.61418070123,-47.42597485145,-1.));
#3450 = DIRECTION('',(0.956940335732,0.290284677254,-0.));
#3451 = DIRECTION('',(0.290284677254,-0.956940335732,0.));
#3452 = DEFINITIONAL_REPRESENTATION('',(#3453),#3456);
#3453 = B_SPLINE_CURVE_WITH_KNOTS('',1,(#3454,#3455),.UNSPECIFIED.,.F.,
  .F.,(2,2),(-19.413405819,-19.11935439801),.PIECEWISE_BEZIER_KNOTS.);
#3454 = CARTESIAN_POINT('',(0.294051420989,-1.));
#3455 = CARTESIAN_POINT('',(0.,-1.));
#3456 = ( GEOMETRIC_REPRESENTATION_CONTEXT(2) 
PARAMETRIC_REPRESENTATION_CONTEXT() REPRESENTATION_CONTEXT('2D SPACE',''
  ) );
#3457 = ORIENTED_EDGE('',*,*,#3458,.F.);
#3458 = EDGE_CURVE('',#3459,#3433,#3461,.T.);
#3459 = VERTEX_POINT('',#3460);
#3460 = CARTESIAN_POINT('',(-23.5,-48.,0.));
#3461 = SURFACE_CURVE('',#3462,(#3466,#3472),.PCURVE_S1.);
#3462 = LINE('',#3463,#3464);
#3463 = CARTESIAN_POINT('',(-25.73780474636,-25.27918711599,0.));
#3464 = VECTOR('',#3465,1.);
#3465 = DIRECTION('',(-9.801714032956E-02,0.995184726672,0.));
#3466 = PCURVE('',#694,#3467);
#3467 = DEFINITIONAL_REPRESENTATION('',(#3468),#3471);
#3468 = B_SPLINE_CURVE_WITH_KNOTS('',1,(#3469,#3470),.UNSPECIFIED.,.F.,
  .F.,(2,2),(-22.83074918159,-22.5366977606),.PIECEWISE_BEZIER_KNOTS.);
#3469 = CARTESIAN_POINT('',(-24.5,-48.));
#3470 = CARTESIAN_POINT('',(-24.52882207939,-47.70736451697));
#3471 = ( GEOMETRIC_REPRESENTATION_CONTEXT(2) 
PARAMETRIC_REPRESENTATION_CONTEXT() REPRESENTATION_CONTEXT('2D SPACE',''
  ) );
#3472 = PCURVE('',#3473,#3478);
#3473 = PLANE('',#3474);
#3474 = AXIS2_PLACEMENT_3D('',#3475,#3476,#3477);
#3475 = CARTESIAN_POINT('',(-23.52882207939,-47.70736451697,-1.));
#3476 = DIRECTION('',(0.995184726672,9.801714032956E-02,-0.));
#3477 = DIRECTION('',(9.801714032956E-02,-0.995184726672,0.));
#3478 = DEFINITIONAL_REPRESENTATION('',(#3479),#3482);
#3479 = B_SPLINE_CURVE_WITH_KNOTS('',1,(#3480,#3481),.UNSPECIFIED.,.F.,
  .F.,(2,2),(-22.83074918159,-22.5366977606),.PIECEWISE_BEZIER_KNOTS.);
#3480 = CARTESIAN_POINT('',(0.294051420989,-1.));
#3481 = CARTESIAN_POINT('',(0.,-1.));
#3482 = ( GEOMETRIC_REPRESENTATION_CONTEXT(2) 
PARAMETRIC_REPRESENTATION_CONTEXT() REPRESENTATION_CONTEXT('2D SPACE',''
  ) );
#3483 = ORIENTED_EDGE('',*,*,#3484,.F.);
#3484 = EDGE_CURVE('',#3485,#3459,#3487,.T.);
#3485 = VERTEX_POINT('',#3486);
#3486 = CARTESIAN_POINT('',(-23.5,-52.,0.));
#3487 = SURFACE_CURVE('',#3488,(#3492,#3498),.PCURVE_S1.);
#3488 = LINE('',#3489,#3490);
#3489 = CARTESIAN_POINT('',(-23.5,-24.,0.));
#3490 = VECTOR('',#3491,1.);
#3491 = DIRECTION('',(-0.,1.,0.));
#3492 = PCURVE('',#694,#3493);
#3493 = DEFINITIONAL_REPRESENTATION('',(#3494),#3497);
#3494 = B_SPLINE_CURVE_WITH_KNOTS('',1,(#3495,#3496),.UNSPECIFIED.,.F.,
  .F.,(2,2),(-28.,-24.),.PIECEWISE_BEZIER_KNOTS.);
#3495 = CARTESIAN_POINT('',(-24.5,-52.));
#3496 = CARTESIAN_POINT('',(-24.5,-48.));
#3497 = ( GEOMETRIC_REPRESENTATION_CONTEXT(2) 
PARAMETRIC_REPRESENTATION_CONTEXT() REPRESENTATION_CONTEXT('2D SPACE',''
  ) );
#3498 = PCURVE('',#3499,#3504);
#3499 = PLANE('',#3500);
#3500 = AXIS2_PLACEMENT_3D('',#3501,#3502,#3503);
#3501 = CARTESIAN_POINT('',(-23.5,-48.,-1.));
#3502 = DIRECTION('',(1.,0.,-0.));
#3503 = DIRECTION('',(0.,-1.,0.));
#3504 = DEFINITIONAL_REPRESENTATION('',(#3505),#3508);
#3505 = B_SPLINE_CURVE_WITH_KNOTS('',1,(#3506,#3507),.UNSPECIFIED.,.F.,
  .F.,(2,2),(-28.,-24.),.PIECEWISE_BEZIER_KNOTS.);
#3506 = CARTESIAN_POINT('',(4.,-1.));
#3507 = CARTESIAN_POINT('',(0.,-1.));
#3508 = ( GEOMETRIC_REPRESENTATION_CONTEXT(2) 
PARAMETRIC_REPRESENTATION_CONTEXT() REPRESENTATION_CONTEXT('2D SPACE',''
  ) );
#3509 = ORIENTED_EDGE('',*,*,#3510,.F.);
#3510 = EDGE_CURVE('',#3511,#3485,#3513,.T.);
#3511 = VERTEX_POINT('',#3512);
#3512 = CARTESIAN_POINT('',(-23.52882207939,-52.29263548302,0.));
#3513 = SURFACE_CURVE('',#3514,(#3518,#3524),.PCURVE_S1.);
#3514 = LINE('',#3515,#3516);
#3515 = CARTESIAN_POINT('',(-20.84613565626,-25.0548631324,0.));
#3516 = VECTOR('',#3517,1.);
#3517 = DIRECTION('',(9.801714032956E-02,0.995184726672,-0.));
#3518 = PCURVE('',#694,#3519);
#3519 = DEFINITIONAL_REPRESENTATION('',(#3520),#3523);
#3520 = B_SPLINE_CURVE_WITH_KNOTS('',1,(#3521,#3522),.UNSPECIFIED.,.F.,
  .F.,(2,2),(-27.3695642835,-27.07551286251),.PIECEWISE_BEZIER_KNOTS.);
#3521 = CARTESIAN_POINT('',(-24.52882207939,-52.29263548302));
#3522 = CARTESIAN_POINT('',(-24.5,-52.));
#3523 = ( GEOMETRIC_REPRESENTATION_CONTEXT(2) 
PARAMETRIC_REPRESENTATION_CONTEXT() REPRESENTATION_CONTEXT('2D SPACE',''
  ) );
#3524 = PCURVE('',#3525,#3530);
#3525 = PLANE('',#3526);
#3526 = AXIS2_PLACEMENT_3D('',#3527,#3528,#3529);
#3527 = CARTESIAN_POINT('',(-23.5,-52.,-1.));
#3528 = DIRECTION('',(0.995184726672,-9.801714032956E-02,0.));
#3529 = DIRECTION('',(-9.801714032956E-02,-0.995184726672,0.));
#3530 = DEFINITIONAL_REPRESENTATION('',(#3531),#3534);
#3531 = B_SPLINE_CURVE_WITH_KNOTS('',1,(#3532,#3533),.UNSPECIFIED.,.F.,
  .F.,(2,2),(-27.3695642835,-27.07551286251),.PIECEWISE_BEZIER_KNOTS.);
#3532 = CARTESIAN_POINT('',(0.294051420989,-1.));
#3533 = CARTESIAN_POINT('',(0.,-1.));
#3534 = ( GEOMETRIC_REPRESENTATION_CONTEXT(2) 
PARAMETRIC_REPRESENTATION_CONTEXT() REPRESENTATION_CONTEXT('2D SPACE',''
  ) );
#3535 = ORIENTED_EDGE('',*,*,#3536,.F.);
#3536 = EDGE_CURVE('',#3537,#3511,#3539,.T.);
#3537 = VERTEX_POINT('',#3538);
#3538 = CARTESIAN_POINT('',(-23.61418070123,-52.57402514854,0.));
#3539 = SURFACE_CURVE('',#3540,(#3544,#3550),.PCURVE_S1.);
#3540 = LINE('',#3541,#3542);
#3541 = CARTESIAN_POINT('',(-15.23230118556,-24.94267142484,0.));
#3542 = VECTOR('',#3543,1.);
#3543 = DIRECTION('',(0.290284677254,0.956940335732,-0.));
#3544 = PCURVE('',#694,#3545);
#3545 = DEFINITIONAL_REPRESENTATION('',(#3546),#3549);
#3546 = B_SPLINE_CURVE_WITH_KNOTS('',1,(#3547,#3548),.UNSPECIFIED.,.F.,
  .F.,(2,2),(-28.87468809908,-28.58063667809),.PIECEWISE_BEZIER_KNOTS.);
#3547 = CARTESIAN_POINT('',(-24.61418070123,-52.57402514854));
#3548 = CARTESIAN_POINT('',(-24.52882207939,-52.29263548302));
#3549 = ( GEOMETRIC_REPRESENTATION_CONTEXT(2) 
PARAMETRIC_REPRESENTATION_CONTEXT() REPRESENTATION_CONTEXT('2D SPACE',''
  ) );
#3550 = PCURVE('',#3551,#3556);
#3551 = PLANE('',#3552);
#3552 = AXIS2_PLACEMENT_3D('',#3553,#3554,#3555);
#3553 = CARTESIAN_POINT('',(-23.52882207939,-52.29263548302,-1.));
#3554 = DIRECTION('',(0.956940335732,-0.290284677254,0.));
#3555 = DIRECTION('',(-0.290284677254,-0.956940335732,0.));
#3556 = DEFINITIONAL_REPRESENTATION('',(#3557),#3560);
#3557 = B_SPLINE_CURVE_WITH_KNOTS('',1,(#3558,#3559),.UNSPECIFIED.,.F.,
  .F.,(2,2),(-28.87468809908,-28.58063667809),.PIECEWISE_BEZIER_KNOTS.);
#3558 = CARTESIAN_POINT('',(0.294051420989,-1.));
#3559 = CARTESIAN_POINT('',(0.,-1.));
#3560 = ( GEOMETRIC_REPRESENTATION_CONTEXT(2) 
PARAMETRIC_REPRESENTATION_CONTEXT() REPRESENTATION_CONTEXT('2D SPACE',''
  ) );
#3561 = ORIENTED_EDGE('',*,*,#3562,.F.);
#3562 = EDGE_CURVE('',#3563,#3537,#3565,.T.);
#3563 = VERTEX_POINT('',#3564);
#3564 = CARTESIAN_POINT('',(-23.75279558154,-52.83335534952,0.));
#3565 = SURFACE_CURVE('',#3566,(#3570,#3576),.PCURVE_S1.);
#3566 = LINE('',#3567,#3568);
#3567 = CARTESIAN_POINT('',(-9.950935976006,-27.01189218957,
    1.110223024625E-16));
#3568 = VECTOR('',#3569,1.);
#3569 = DIRECTION('',(0.471396736826,0.881921264348,-0.));
#3570 = PCURVE('',#694,#3571);
#3571 = DEFINITIONAL_REPRESENTATION('',(#3572),#3575);
#3572 = B_SPLINE_CURVE_WITH_KNOTS('',1,(#3573,#3574),.UNSPECIFIED.,.F.,
  .F.,(2,2),(-29.27864901753,-28.98459759654),.PIECEWISE_BEZIER_KNOTS.);
#3573 = CARTESIAN_POINT('',(-24.75279558154,-52.83335534952));
#3574 = CARTESIAN_POINT('',(-24.61418070123,-52.57402514854));
#3575 = ( GEOMETRIC_REPRESENTATION_CONTEXT(2) 
PARAMETRIC_REPRESENTATION_CONTEXT() REPRESENTATION_CONTEXT('2D SPACE',''
  ) );
#3576 = PCURVE('',#3577,#3582);
#3577 = PLANE('',#3578);
#3578 = AXIS2_PLACEMENT_3D('',#3579,#3580,#3581);
#3579 = CARTESIAN_POINT('',(-23.61418070123,-52.57402514854,-1.));
#3580 = DIRECTION('',(0.881921264348,-0.471396736826,0.));
#3581 = DIRECTION('',(-0.471396736826,-0.881921264348,0.));
#3582 = DEFINITIONAL_REPRESENTATION('',(#3583),#3586);
#3583 = B_SPLINE_CURVE_WITH_KNOTS('',1,(#3584,#3585),.UNSPECIFIED.,.F.,
  .F.,(2,2),(-29.27864901753,-28.98459759654),.PIECEWISE_BEZIER_KNOTS.);
#3584 = CARTESIAN_POINT('',(0.294051420989,-1.));
#3585 = CARTESIAN_POINT('',(0.,-1.));
#3586 = ( GEOMETRIC_REPRESENTATION_CONTEXT(2) 
PARAMETRIC_REPRESENTATION_CONTEXT() REPRESENTATION_CONTEXT('2D SPACE',''
  ) );
#3587 = ORIENTED_EDGE('',*,*,#3588,.F.);
#3588 = EDGE_CURVE('',#3589,#3563,#3591,.T.);
#3589 = VERTEX_POINT('',#3590);
#3590 = CARTESIAN_POINT('',(-23.93933982822,-53.06066017178,0.));
#3591 = SURFACE_CURVE('',#3592,(#3596,#3602),.PCURVE_S1.);
#3592 = LINE('',#3593,#3594);
#3593 = CARTESIAN_POINT('',(-5.817310091078,-30.97890304626,0.));
#3594 = VECTOR('',#3595,1.);
#3595 = DIRECTION('',(0.634393284164,0.773010453363,-0.));
#3596 = PCURVE('',#694,#3597);
#3597 = DEFINITIONAL_REPRESENTATION('',(#3598),#3601);
#3598 = B_SPLINE_CURVE_WITH_KNOTS('',1,(#3599,#3600),.UNSPECIFIED.,.F.,
  .F.,(2,2),(-28.5659230473,-28.27187162631),.PIECEWISE_BEZIER_KNOTS.);
#3599 = CARTESIAN_POINT('',(-24.93933982822,-53.06066017178));
#3600 = CARTESIAN_POINT('',(-24.75279558154,-52.83335534952));
#3601 = ( GEOMETRIC_REPRESENTATION_CONTEXT(2) 
PARAMETRIC_REPRESENTATION_CONTEXT() REPRESENTATION_CONTEXT('2D SPACE',''
  ) );
#3602 = PCURVE('',#3603,#3608);
#3603 = PLANE('',#3604);
#3604 = AXIS2_PLACEMENT_3D('',#3605,#3606,#3607);
#3605 = CARTESIAN_POINT('',(-23.75279558154,-52.83335534952,-1.));
#3606 = DIRECTION('',(0.773010453363,-0.634393284164,0.));
#3607 = DIRECTION('',(-0.634393284164,-0.773010453363,0.));
#3608 = DEFINITIONAL_REPRESENTATION('',(#3609),#3612);
#3609 = B_SPLINE_CURVE_WITH_KNOTS('',1,(#3610,#3611),.UNSPECIFIED.,.F.,
  .F.,(2,2),(-28.5659230473,-28.27187162631),.PIECEWISE_BEZIER_KNOTS.);
#3610 = CARTESIAN_POINT('',(0.294051420989,-1.));
#3611 = CARTESIAN_POINT('',(0.,-1.));
#3612 = ( GEOMETRIC_REPRESENTATION_CONTEXT(2) 
PARAMETRIC_REPRESENTATION_CONTEXT() REPRESENTATION_CONTEXT('2D SPACE',''
  ) );
#3613 = ORIENTED_EDGE('',*,*,#3614,.F.);
#3614 = EDGE_CURVE('',#3615,#3589,#3617,.T.);
#3615 = VERTEX_POINT('',#3616);
#3616 = CARTESIAN_POINT('',(-24.16664465047,-53.24720441845,0.));
#3617 = SURFACE_CURVE('',#3618,(#3622,#3628),.PCURVE_S1.);
#3618 = LINE('',#3619,#3620);
#3619 = CARTESIAN_POINT('',(-3.477870295436,-36.26836609703,
    1.110223024625E-16));
#3620 = VECTOR('',#3621,1.);
#3621 = DIRECTION('',(0.773010453363,0.634393284164,-0.));
#3622 = PCURVE('',#694,#3623);
#3623 = DEFINITIONAL_REPRESENTATION('',(#3624),#3627);
#3624 = B_SPLINE_CURVE_WITH_KNOTS('',1,(#3625,#3626),.UNSPECIFIED.,.F.,
  .F.,(2,2),(-26.76389984771,-26.46984842672),.PIECEWISE_BEZIER_KNOTS.);
#3625 = CARTESIAN_POINT('',(-25.16664465047,-53.24720441845));
#3626 = CARTESIAN_POINT('',(-24.93933982822,-53.06066017178));
#3627 = ( GEOMETRIC_REPRESENTATION_CONTEXT(2) 
PARAMETRIC_REPRESENTATION_CONTEXT() REPRESENTATION_CONTEXT('2D SPACE',''
  ) );
#3628 = PCURVE('',#3629,#3634);
#3629 = PLANE('',#3630);
#3630 = AXIS2_PLACEMENT_3D('',#3631,#3632,#3633);
#3631 = CARTESIAN_POINT('',(-23.93933982822,-53.06066017178,-1.));
#3632 = DIRECTION('',(0.634393284164,-0.773010453363,0.));
#3633 = DIRECTION('',(-0.773010453363,-0.634393284164,0.));
#3634 = DEFINITIONAL_REPRESENTATION('',(#3635),#3638);
#3635 = B_SPLINE_CURVE_WITH_KNOTS('',1,(#3636,#3637),.UNSPECIFIED.,.F.,
  .F.,(2,2),(-26.76389984771,-26.46984842672),.PIECEWISE_BEZIER_KNOTS.);
#3636 = CARTESIAN_POINT('',(0.294051420989,-1.));
#3637 = CARTESIAN_POINT('',(0.,-1.));
#3638 = ( GEOMETRIC_REPRESENTATION_CONTEXT(2) 
PARAMETRIC_REPRESENTATION_CONTEXT() REPRESENTATION_CONTEXT('2D SPACE',''
  ) );
#3639 = ORIENTED_EDGE('',*,*,#3640,.F.);
#3640 = EDGE_CURVE('',#3641,#3615,#3643,.T.);
#3641 = VERTEX_POINT('',#3642);
#3642 = CARTESIAN_POINT('',(-24.42597485145,-53.38581929876,0.));
#3643 = SURFACE_CURVE('',#3644,(#3648,#3654),.PCURVE_S1.);
#3644 = LINE('',#3645,#3646);
#3645 = CARTESIAN_POINT('',(-3.311165726156,-42.09971868782,0.));
#3646 = VECTOR('',#3647,1.);
#3647 = DIRECTION('',(0.881921264348,0.471396736826,-0.));
#3648 = PCURVE('',#694,#3649);
#3649 = DEFINITIONAL_REPRESENTATION('',(#3650),#3653);
#3650 = B_SPLINE_CURVE_WITH_KNOTS('',1,(#3651,#3652),.UNSPECIFIED.,.F.,
  .F.,(2,2),(-23.94183015974,-23.64777873875),.PIECEWISE_BEZIER_KNOTS.);
#3651 = CARTESIAN_POINT('',(-25.42597485145,-53.38581929876));
#3652 = CARTESIAN_POINT('',(-25.16664465047,-53.24720441845));
#3653 = ( GEOMETRIC_REPRESENTATION_CONTEXT(2) 
PARAMETRIC_REPRESENTATION_CONTEXT() REPRESENTATION_CONTEXT('2D SPACE',''
  ) );
#3654 = PCURVE('',#3655,#3660);
#3655 = PLANE('',#3656);
#3656 = AXIS2_PLACEMENT_3D('',#3657,#3658,#3659);
#3657 = CARTESIAN_POINT('',(-24.16664465047,-53.24720441845,-1.));
#3658 = DIRECTION('',(0.471396736826,-0.881921264348,0.));
#3659 = DIRECTION('',(-0.881921264348,-0.471396736826,0.));
#3660 = DEFINITIONAL_REPRESENTATION('',(#3661),#3664);
#3661 = B_SPLINE_CURVE_WITH_KNOTS('',1,(#3662,#3663),.UNSPECIFIED.,.F.,
  .F.,(2,2),(-23.94183015974,-23.64777873875),.PIECEWISE_BEZIER_KNOTS.);
#3662 = CARTESIAN_POINT('',(0.294051420989,-1.));
#3663 = CARTESIAN_POINT('',(0.,-1.));
#3664 = ( GEOMETRIC_REPRESENTATION_CONTEXT(2) 
PARAMETRIC_REPRESENTATION_CONTEXT() REPRESENTATION_CONTEXT('2D SPACE',''
  ) );
#3665 = ORIENTED_EDGE('',*,*,#3666,.F.);
#3666 = EDGE_CURVE('',#3667,#3641,#3669,.T.);
#3667 = VERTEX_POINT('',#3668);
#3668 = CARTESIAN_POINT('',(-24.70736451697,-53.4711779206,0.));
#3669 = SURFACE_CURVE('',#3670,(#3674,#3680),.PCURVE_S1.);
#3670 = LINE('',#3671,#3672);
#3671 = CARTESIAN_POINT('',(-5.369356758612,-47.60505739953,0.));
#3672 = VECTOR('',#3673,1.);
#3673 = DIRECTION('',(0.956940335732,0.290284677254,-0.));
#3674 = PCURVE('',#694,#3675);
#3675 = DEFINITIONAL_REPRESENTATION('',(#3676),#3679);
#3676 = B_SPLINE_CURVE_WITH_KNOTS('',1,(#3677,#3678),.UNSPECIFIED.,.F.,
  .F.,(2,2),(-20.20816453887,-19.91411311788),.PIECEWISE_BEZIER_KNOTS.);
#3677 = CARTESIAN_POINT('',(-25.70736451697,-53.4711779206));
#3678 = CARTESIAN_POINT('',(-25.42597485145,-53.38581929876));
#3679 = ( GEOMETRIC_REPRESENTATION_CONTEXT(2) 
PARAMETRIC_REPRESENTATION_CONTEXT() REPRESENTATION_CONTEXT('2D SPACE',''
  ) );
#3680 = PCURVE('',#3681,#3686);
#3681 = PLANE('',#3682);
#3682 = AXIS2_PLACEMENT_3D('',#3683,#3684,#3685);
#3683 = CARTESIAN_POINT('',(-24.42597485145,-53.38581929876,-1.));
#3684 = DIRECTION('',(0.290284677254,-0.956940335732,0.));
#3685 = DIRECTION('',(-0.956940335732,-0.290284677254,0.));
#3686 = DEFINITIONAL_REPRESENTATION('',(#3687),#3690);
#3687 = B_SPLINE_CURVE_WITH_KNOTS('',1,(#3688,#3689),.UNSPECIFIED.,.F.,
  .F.,(2,2),(-20.20816453887,-19.91411311788),.PIECEWISE_BEZIER_KNOTS.);
#3688 = CARTESIAN_POINT('',(0.294051420989,-1.));
#3689 = CARTESIAN_POINT('',(0.,-1.));
#3690 = ( GEOMETRIC_REPRESENTATION_CONTEXT(2) 
PARAMETRIC_REPRESENTATION_CONTEXT() REPRESENTATION_CONTEXT('2D SPACE',''
  ) );
#3691 = ORIENTED_EDGE('',*,*,#3692,.F.);
#3692 = EDGE_CURVE('',#3693,#3667,#3695,.T.);
#3693 = VERTEX_POINT('',#3694);
#3694 = CARTESIAN_POINT('',(-25.,-53.5,0.));
#3695 = SURFACE_CURVE('',#3696,(#3700,#3706),.PCURVE_S1.);
#3696 = LINE('',#3697,#3698);
#3697 = CARTESIAN_POINT('',(-9.369244878901,-51.96050499259,0.));
#3698 = VECTOR('',#3699,1.);
#3699 = DIRECTION('',(0.995184726672,9.801714032956E-02,-0.));
#3700 = PCURVE('',#694,#3701);
#3701 = DEFINITIONAL_REPRESENTATION('',(#3702),#3705);
#3702 = B_SPLINE_CURVE_WITH_KNOTS('',1,(#3703,#3704),.UNSPECIFIED.,.F.,
  .F.,(2,2),(-15.70638566104,-15.41233424006),.PIECEWISE_BEZIER_KNOTS.);
#3703 = CARTESIAN_POINT('',(-26.,-53.5));
#3704 = CARTESIAN_POINT('',(-25.70736451697,-53.4711779206));
#3705 = ( GEOMETRIC_REPRESENTATION_CONTEXT(2) 
PARAMETRIC_REPRESENTATION_CONTEXT() REPRESENTATION_CONTEXT('2D SPACE',''
  ) );
#3706 = PCURVE('',#3707,#3712);
#3707 = PLANE('',#3708);
#3708 = AXIS2_PLACEMENT_3D('',#3709,#3710,#3711);
#3709 = CARTESIAN_POINT('',(-24.70736451697,-53.4711779206,-1.));
#3710 = DIRECTION('',(9.801714032956E-02,-0.995184726672,0.));
#3711 = DIRECTION('',(-0.995184726672,-9.801714032956E-02,0.));
#3712 = DEFINITIONAL_REPRESENTATION('',(#3713),#3716);
#3713 = B_SPLINE_CURVE_WITH_KNOTS('',1,(#3714,#3715),.UNSPECIFIED.,.F.,
  .F.,(2,2),(-15.70638566104,-15.41233424006),.PIECEWISE_BEZIER_KNOTS.);
#3714 = CARTESIAN_POINT('',(0.294051420989,-1.));
#3715 = CARTESIAN_POINT('',(0.,-1.));
#3716 = ( GEOMETRIC_REPRESENTATION_CONTEXT(2) 
PARAMETRIC_REPRESENTATION_CONTEXT() REPRESENTATION_CONTEXT('2D SPACE',''
  ) );
#3717 = ORIENTED_EDGE('',*,*,#3718,.F.);
#3718 = EDGE_CURVE('',#3719,#3693,#3721,.T.);
#3719 = VERTEX_POINT('',#3720);
#3720 = CARTESIAN_POINT('',(-43.,-53.5,0.));
#3721 = SURFACE_CURVE('',#3722,(#3726,#3732),.PCURVE_S1.);
#3722 = LINE('',#3723,#3724);
#3723 = CARTESIAN_POINT('',(-12.,-53.5,0.));
#3724 = VECTOR('',#3725,1.);
#3725 = DIRECTION('',(1.,0.,-0.));
#3726 = PCURVE('',#694,#3727);
#3727 = DEFINITIONAL_REPRESENTATION('',(#3728),#3731);
#3728 = B_SPLINE_CURVE_WITH_KNOTS('',1,(#3729,#3730),.UNSPECIFIED.,.F.,
  .F.,(2,2),(-31.,-13.),.PIECEWISE_BEZIER_KNOTS.);
#3729 = CARTESIAN_POINT('',(-44.,-53.5));
#3730 = CARTESIAN_POINT('',(-26.,-53.5));
#3731 = ( GEOMETRIC_REPRESENTATION_CONTEXT(2) 
PARAMETRIC_REPRESENTATION_CONTEXT() REPRESENTATION_CONTEXT('2D SPACE',''
  ) );
#3732 = PCURVE('',#3733,#3738);
#3733 = PLANE('',#3734);
#3734 = AXIS2_PLACEMENT_3D('',#3735,#3736,#3737);
#3735 = CARTESIAN_POINT('',(-25.,-53.5,-1.));
#3736 = DIRECTION('',(0.,-1.,0.));
#3737 = DIRECTION('',(-1.,0.,0.));
#3738 = DEFINITIONAL_REPRESENTATION('',(#3739),#3742);
#3739 = B_SPLINE_CURVE_WITH_KNOTS('',1,(#3740,#3741),.UNSPECIFIED.,.F.,
  .F.,(2,2),(-31.,-13.),.PIECEWISE_BEZIER_KNOTS.);
#3740 = CARTESIAN_POINT('',(18.,-1.));
#3741 = CARTESIAN_POINT('',(0.,-1.));
#3742 = ( GEOMETRIC_REPRESENTATION_CONTEXT(2) 
PARAMETRIC_REPRESENTATION_CONTEXT() REPRESENTATION_CONTEXT('2D SPACE',''
  ) );
#3743 = ORIENTED_EDGE('',*,*,#3744,.F.);
#3744 = EDGE_CURVE('',#3745,#3719,#3747,.T.);
#3745 = VERTEX_POINT('',#3746);
#3746 = CARTESIAN_POINT('',(-43.29263548302,-53.4711779206,0.));
#3747 = SURFACE_CURVE('',#3748,(#3752,#3758),.PCURVE_S1.);
#3748 = LINE('',#3749,#3750);
#3749 = CARTESIAN_POINT('',(-23.82069497253,-55.38899666757,0.));
#3750 = VECTOR('',#3751,1.);
#3751 = DIRECTION('',(0.995184726672,-9.801714032956E-02,0.));
#3752 = PCURVE('',#694,#3753);
#3753 = DEFINITIONAL_REPRESENTATION('',(#3754),#3757);
#3754 = B_SPLINE_CURVE_WITH_KNOTS('',1,(#3755,#3756),.UNSPECIFIED.,.F.,
  .F.,(2,2),(-19.56615690396,-19.27210548297),.PIECEWISE_BEZIER_KNOTS.);
#3755 = CARTESIAN_POINT('',(-44.29263548302,-53.4711779206));
#3756 = CARTESIAN_POINT('',(-44.,-53.5));
#3757 = ( GEOMETRIC_REPRESENTATION_CONTEXT(2) 
PARAMETRIC_REPRESENTATION_CONTEXT() REPRESENTATION_CONTEXT('2D SPACE',''
  ) );
#3758 = PCURVE('',#3759,#3764);
#3759 = PLANE('',#3760);
#3760 = AXIS2_PLACEMENT_3D('',#3761,#3762,#3763);
#3761 = CARTESIAN_POINT('',(-43.,-53.5,-1.));
#3762 = DIRECTION('',(-9.801714032956E-02,-0.995184726672,0.));
#3763 = DIRECTION('',(-0.995184726672,9.801714032956E-02,0.));
#3764 = DEFINITIONAL_REPRESENTATION('',(#3765),#3768);
#3765 = B_SPLINE_CURVE_WITH_KNOTS('',1,(#3766,#3767),.UNSPECIFIED.,.F.,
  .F.,(2,2),(-19.56615690396,-19.27210548297),.PIECEWISE_BEZIER_KNOTS.);
#3766 = CARTESIAN_POINT('',(0.294051420989,-1.));
#3767 = CARTESIAN_POINT('',(0.,-1.));
#3768 = ( GEOMETRIC_REPRESENTATION_CONTEXT(2) 
PARAMETRIC_REPRESENTATION_CONTEXT() REPRESENTATION_CONTEXT('2D SPACE',''
  ) );
#3769 = ORIENTED_EDGE('',*,*,#3770,.F.);
#3770 = EDGE_CURVE('',#3771,#3745,#3773,.T.);
#3771 = VERTEX_POINT('',#3772);
#3772 = CARTESIAN_POINT('',(-43.57402514854,-53.38581929876,0.));
#3773 = SURFACE_CURVE('',#3774,(#3778,#3784),.PCURVE_S1.);
#3774 = LINE('',#3775,#3776);
#3775 = CARTESIAN_POINT('',(-30.43923019333,-57.37021578829,0.));
#3776 = VECTOR('',#3777,1.);
#3777 = DIRECTION('',(0.956940335732,-0.290284677254,0.));
#3778 = PCURVE('',#694,#3779);
#3779 = DEFINITIONAL_REPRESENTATION('',(#3780),#3783);
#3780 = B_SPLINE_CURVE_WITH_KNOTS('',1,(#3781,#3782),.UNSPECIFIED.,.F.,
  .F.,(2,2),(-13.72582434323,-13.43177292224),.PIECEWISE_BEZIER_KNOTS.);
#3781 = CARTESIAN_POINT('',(-44.57402514854,-53.38581929876));
#3782 = CARTESIAN_POINT('',(-44.29263548302,-53.4711779206));
#3783 = ( GEOMETRIC_REPRESENTATION_CONTEXT(2) 
PARAMETRIC_REPRESENTATION_CONTEXT() REPRESENTATION_CONTEXT('2D SPACE',''
  ) );
#3784 = PCURVE('',#3785,#3790);
#3785 = PLANE('',#3786);
#3786 = AXIS2_PLACEMENT_3D('',#3787,#3788,#3789);
#3787 = CARTESIAN_POINT('',(-43.29263548302,-53.4711779206,-1.));
#3788 = DIRECTION('',(-0.290284677254,-0.956940335732,0.));
#3789 = DIRECTION('',(-0.956940335732,0.290284677254,0.));
#3790 = DEFINITIONAL_REPRESENTATION('',(#3791),#3794);
#3791 = B_SPLINE_CURVE_WITH_KNOTS('',1,(#3792,#3793),.UNSPECIFIED.,.F.,
  .F.,(2,2),(-13.72582434323,-13.43177292224),.PIECEWISE_BEZIER_KNOTS.);
#3792 = CARTESIAN_POINT('',(0.294051420989,-1.));
#3793 = CARTESIAN_POINT('',(0.,-1.));
#3794 = ( GEOMETRIC_REPRESENTATION_CONTEXT(2) 
PARAMETRIC_REPRESENTATION_CONTEXT() REPRESENTATION_CONTEXT('2D SPACE',''
  ) );
#3795 = ORIENTED_EDGE('',*,*,#3796,.F.);
#3796 = EDGE_CURVE('',#3797,#3771,#3799,.T.);
#3797 = VERTEX_POINT('',#3798);
#3798 = CARTESIAN_POINT('',(-43.83335534952,-53.24720441845,0.));
#3799 = SURFACE_CURVE('',#3800,(#3804,#3810),.PCURVE_S1.);
#3800 = LINE('',#3801,#3802);
#3801 = CARTESIAN_POINT('',(-37.33669009551,-56.71974434327,
    1.110223024625E-16));
#3802 = VECTOR('',#3803,1.);
#3803 = DIRECTION('',(0.881921264348,-0.471396736826,0.));
#3804 = PCURVE('',#694,#3805);
#3805 = DEFINITIONAL_REPRESENTATION('',(#3806),#3809);
#3806 = B_SPLINE_CURVE_WITH_KNOTS('',1,(#3807,#3808),.UNSPECIFIED.,.F.,
  .F.,(2,2),(-7.366491223929,-7.072439802941),.PIECEWISE_BEZIER_KNOTS.);
#3807 = CARTESIAN_POINT('',(-44.83335534952,-53.24720441845));
#3808 = CARTESIAN_POINT('',(-44.57402514854,-53.38581929876));
#3809 = ( GEOMETRIC_REPRESENTATION_CONTEXT(2) 
PARAMETRIC_REPRESENTATION_CONTEXT() REPRESENTATION_CONTEXT('2D SPACE',''
  ) );
#3810 = PCURVE('',#3811,#3816);
#3811 = PLANE('',#3812);
#3812 = AXIS2_PLACEMENT_3D('',#3813,#3814,#3815);
#3813 = CARTESIAN_POINT('',(-43.57402514854,-53.38581929876,-1.));
#3814 = DIRECTION('',(-0.471396736826,-0.881921264348,0.));
#3815 = DIRECTION('',(-0.881921264348,0.471396736826,0.));
#3816 = DEFINITIONAL_REPRESENTATION('',(#3817),#3820);
#3817 = B_SPLINE_CURVE_WITH_KNOTS('',1,(#3818,#3819),.UNSPECIFIED.,.F.,
  .F.,(2,2),(-7.366491223929,-7.072439802941),.PIECEWISE_BEZIER_KNOTS.);
#3818 = CARTESIAN_POINT('',(0.294051420989,-1.));
#3819 = CARTESIAN_POINT('',(0.,-1.));
#3820 = ( GEOMETRIC_REPRESENTATION_CONTEXT(2) 
PARAMETRIC_REPRESENTATION_CONTEXT() REPRESENTATION_CONTEXT('2D SPACE',''
  ) );
#3821 = ORIENTED_EDGE('',*,*,#3822,.F.);
#3822 = EDGE_CURVE('',#3823,#3797,#3825,.T.);
#3823 = VERTEX_POINT('',#3824);
#3824 = CARTESIAN_POINT('',(-44.06066017178,-53.06066017178,0.));
#3825 = SURFACE_CURVE('',#3826,(#3830,#3836),.PCURVE_S1.);
#3826 = LINE('',#3827,#3828);
#3827 = CARTESIAN_POINT('',(-43.49439665815,-53.52538062743,0.));
#3828 = VECTOR('',#3829,1.);
#3829 = DIRECTION('',(0.773010453363,-0.634393284164,0.));
#3830 = PCURVE('',#694,#3831);
#3831 = DEFINITIONAL_REPRESENTATION('',(#3832),#3835);
#3832 = B_SPLINE_CURVE_WITH_KNOTS('',1,(#3833,#3834),.UNSPECIFIED.,.F.,
  .F.,(2,2),(-0.732543151467,-0.438491730478),.PIECEWISE_BEZIER_KNOTS.);
#3833 = CARTESIAN_POINT('',(-45.06066017178,-53.06066017178));
#3834 = CARTESIAN_POINT('',(-44.83335534952,-53.24720441845));
#3835 = ( GEOMETRIC_REPRESENTATION_CONTEXT(2) 
PARAMETRIC_REPRESENTATION_CONTEXT() REPRESENTATION_CONTEXT('2D SPACE',''
  ) );
#3836 = PCURVE('',#3837,#3842);
#3837 = PLANE('',#3838);
#3838 = AXIS2_PLACEMENT_3D('',#3839,#3840,#3841);
#3839 = CARTESIAN_POINT('',(-43.83335534952,-53.24720441845,-1.));
#3840 = DIRECTION('',(-0.634393284164,-0.773010453363,0.));
#3841 = DIRECTION('',(-0.773010453363,0.634393284164,0.));
#3842 = DEFINITIONAL_REPRESENTATION('',(#3843),#3846);
#3843 = B_SPLINE_CURVE_WITH_KNOTS('',1,(#3844,#3845),.UNSPECIFIED.,.F.,
  .F.,(2,2),(-0.732543151467,-0.438491730478),.PIECEWISE_BEZIER_KNOTS.);
#3844 = CARTESIAN_POINT('',(0.294051420989,-1.));
#3845 = CARTESIAN_POINT('',(0.,-1.));
#3846 = ( GEOMETRIC_REPRESENTATION_CONTEXT(2) 
PARAMETRIC_REPRESENTATION_CONTEXT() REPRESENTATION_CONTEXT('2D SPACE',''
  ) );
#3847 = ORIENTED_EDGE('',*,*,#3848,.F.);
#3848 = EDGE_CURVE('',#3849,#3823,#3851,.T.);
#3849 = VERTEX_POINT('',#3850);
#3850 = CARTESIAN_POINT('',(-44.24720441845,-52.83335534952,0.));
#3851 = SURFACE_CURVE('',#3852,(#3856,#3862),.PCURVE_S1.);
#3852 = LINE('',#3853,#3854);
#3853 = CARTESIAN_POINT('',(-48.00349842086,-48.25629786444,0.));
#3854 = VECTOR('',#3855,1.);
#3855 = DIRECTION('',(0.634393284164,-0.773010453363,0.));
#3856 = PCURVE('',#694,#3857);
#3857 = DEFINITIONAL_REPRESENTATION('',(#3858),#3861);
#3858 = B_SPLINE_CURVE_WITH_KNOTS('',1,(#3859,#3860),.UNSPECIFIED.,.F.,
  .F.,(2,2),(5.921080970089,6.215132391078),.PIECEWISE_BEZIER_KNOTS.);
#3859 = CARTESIAN_POINT('',(-45.24720441845,-52.83335534952));
#3860 = CARTESIAN_POINT('',(-45.06066017178,-53.06066017178));
#3861 = ( GEOMETRIC_REPRESENTATION_CONTEXT(2) 
PARAMETRIC_REPRESENTATION_CONTEXT() REPRESENTATION_CONTEXT('2D SPACE',''
  ) );
#3862 = PCURVE('',#3863,#3868);
#3863 = PLANE('',#3864);
#3864 = AXIS2_PLACEMENT_3D('',#3865,#3866,#3867);
#3865 = CARTESIAN_POINT('',(-44.06066017178,-53.06066017178,-1.));
#3866 = DIRECTION('',(-0.773010453363,-0.634393284164,0.));
#3867 = DIRECTION('',(-0.634393284164,0.773010453363,0.));
#3868 = DEFINITIONAL_REPRESENTATION('',(#3869),#3872);
#3869 = B_SPLINE_CURVE_WITH_KNOTS('',1,(#3870,#3871),.UNSPECIFIED.,.F.,
  .F.,(2,2),(5.921080970089,6.215132391078),.PIECEWISE_BEZIER_KNOTS.);
#3870 = CARTESIAN_POINT('',(0.294051420989,-1.));
#3871 = CARTESIAN_POINT('',(0.,-1.));
#3872 = ( GEOMETRIC_REPRESENTATION_CONTEXT(2) 
PARAMETRIC_REPRESENTATION_CONTEXT() REPRESENTATION_CONTEXT('2D SPACE',''
  ) );
#3873 = ORIENTED_EDGE('',*,*,#3874,.F.);
#3874 = EDGE_CURVE('',#3875,#3849,#3877,.T.);
#3875 = VERTEX_POINT('',#3876);
#3876 = CARTESIAN_POINT('',(-44.38581929876,-52.57402514854,0.));
#3877 = SURFACE_CURVE('',#3878,(#3882,#3888),.PCURVE_S1.);
#3878 = LINE('',#3879,#3880);
#3879 = CARTESIAN_POINT('',(-50.20223566168,-41.69227550535,
    1.110223024625E-16));
#3880 = VECTOR('',#3881,1.);
#3881 = DIRECTION('',(0.471396736826,-0.881921264348,0.));
#3882 = PCURVE('',#694,#3883);
#3883 = DEFINITIONAL_REPRESENTATION('',(#3884),#3887);
#3884 = B_SPLINE_CURVE_WITH_KNOTS('',1,(#3885,#3886),.UNSPECIFIED.,.F.,
  .F.,(2,2),(12.338686097144,12.632737518133),.PIECEWISE_BEZIER_KNOTS.);
#3885 = CARTESIAN_POINT('',(-45.38581929876,-52.57402514854));
#3886 = CARTESIAN_POINT('',(-45.24720441845,-52.83335534952));
#3887 = ( GEOMETRIC_REPRESENTATION_CONTEXT(2) 
PARAMETRIC_REPRESENTATION_CONTEXT() REPRESENTATION_CONTEXT('2D SPACE',''
  ) );
#3888 = PCURVE('',#3889,#3894);
#3889 = PLANE('',#3890);
#3890 = AXIS2_PLACEMENT_3D('',#3891,#3892,#3893);
#3891 = CARTESIAN_POINT('',(-44.24720441845,-52.83335534952,-1.));
#3892 = DIRECTION('',(-0.881921264348,-0.471396736826,0.));
#3893 = DIRECTION('',(-0.471396736826,0.881921264348,0.));
#3894 = DEFINITIONAL_REPRESENTATION('',(#3895),#3898);
#3895 = B_SPLINE_CURVE_WITH_KNOTS('',1,(#3896,#3897),.UNSPECIFIED.,.F.,
  .F.,(2,2),(12.338686097144,12.632737518133),.PIECEWISE_BEZIER_KNOTS.);
#3896 = CARTESIAN_POINT('',(0.294051420989,-1.));
#3897 = CARTESIAN_POINT('',(0.,-1.));
#3898 = ( GEOMETRIC_REPRESENTATION_CONTEXT(2) 
PARAMETRIC_REPRESENTATION_CONTEXT() REPRESENTATION_CONTEXT('2D SPACE',''
  ) );
#3899 = ORIENTED_EDGE('',*,*,#3900,.F.);
#3900 = EDGE_CURVE('',#3901,#3875,#3903,.T.);
#3901 = VERTEX_POINT('',#3902);
#3902 = CARTESIAN_POINT('',(-44.4711779206,-52.29263548302,0.));
#3903 = SURFACE_CURVE('',#3904,(#3908,#3914),.PCURVE_S1.);
#3904 = LINE('',#3905,#3906);
#3905 = CARTESIAN_POINT('',(-49.7757377188,-34.80584533544,0.));
#3906 = VECTOR('',#3907,1.);
#3907 = DIRECTION('',(0.290284677254,-0.956940335732,0.));
#3908 = PCURVE('',#694,#3909);
#3909 = DEFINITIONAL_REPRESENTATION('',(#3910),#3913);
#3910 = B_SPLINE_CURVE_WITH_KNOTS('',1,(#3911,#3912),.UNSPECIFIED.,.F.,
  .F.,(2,2),(18.273647263698,18.567698684687),.PIECEWISE_BEZIER_KNOTS.);
#3911 = CARTESIAN_POINT('',(-45.4711779206,-52.29263548302));
#3912 = CARTESIAN_POINT('',(-45.38581929876,-52.57402514854));
#3913 = ( GEOMETRIC_REPRESENTATION_CONTEXT(2) 
PARAMETRIC_REPRESENTATION_CONTEXT() REPRESENTATION_CONTEXT('2D SPACE',''
  ) );
#3914 = PCURVE('',#3915,#3920);
#3915 = PLANE('',#3916);
#3916 = AXIS2_PLACEMENT_3D('',#3917,#3918,#3919);
#3917 = CARTESIAN_POINT('',(-44.38581929876,-52.57402514854,-1.));
#3918 = DIRECTION('',(-0.956940335732,-0.290284677254,0.));
#3919 = DIRECTION('',(-0.290284677254,0.956940335732,0.));
#3920 = DEFINITIONAL_REPRESENTATION('',(#3921),#3924);
#3921 = B_SPLINE_CURVE_WITH_KNOTS('',1,(#3922,#3923),.UNSPECIFIED.,.F.,
  .F.,(2,2),(18.273647263698,18.567698684687),.PIECEWISE_BEZIER_KNOTS.);
#3922 = CARTESIAN_POINT('',(0.294051420989,-1.));
#3923 = CARTESIAN_POINT('',(0.,-1.));
#3924 = ( GEOMETRIC_REPRESENTATION_CONTEXT(2) 
PARAMETRIC_REPRESENTATION_CONTEXT() REPRESENTATION_CONTEXT('2D SPACE',''
  ) );
#3925 = ORIENTED_EDGE('',*,*,#3926,.F.);
#3926 = EDGE_CURVE('',#3927,#3901,#3929,.T.);
#3927 = VERTEX_POINT('',#3928);
#3928 = CARTESIAN_POINT('',(-44.5,-52.,0.));
#3929 = SURFACE_CURVE('',#3930,(#3934,#3940),.PCURVE_S1.);
#3930 = LINE('',#3931,#3932);
#3931 = CARTESIAN_POINT('',(-46.80319571109,-28.6152615092,0.));
#3932 = VECTOR('',#3933,1.);
#3933 = DIRECTION('',(9.801714032956E-02,-0.995184726672,0.));
#3934 = PCURVE('',#694,#3935);
#3935 = DEFINITIONAL_REPRESENTATION('',(#3936),#3939);
#3936 = B_SPLINE_CURVE_WITH_KNOTS('',1,(#3937,#3938),.UNSPECIFIED.,.F.,
  .F.,(2,2),(23.497887240485,23.791938661474),.PIECEWISE_BEZIER_KNOTS.);
#3937 = CARTESIAN_POINT('',(-45.5,-52.));
#3938 = CARTESIAN_POINT('',(-45.4711779206,-52.29263548302));
#3939 = ( GEOMETRIC_REPRESENTATION_CONTEXT(2) 
PARAMETRIC_REPRESENTATION_CONTEXT() REPRESENTATION_CONTEXT('2D SPACE',''
  ) );
#3940 = PCURVE('',#3941,#3946);
#3941 = PLANE('',#3942);
#3942 = AXIS2_PLACEMENT_3D('',#3943,#3944,#3945);
#3943 = CARTESIAN_POINT('',(-44.4711779206,-52.29263548302,-1.));
#3944 = DIRECTION('',(-0.995184726672,-9.801714032956E-02,0.));
#3945 = DIRECTION('',(-9.801714032956E-02,0.995184726672,0.));
#3946 = DEFINITIONAL_REPRESENTATION('',(#3947),#3950);
#3947 = B_SPLINE_CURVE_WITH_KNOTS('',1,(#3948,#3949),.UNSPECIFIED.,.F.,
  .F.,(2,2),(23.497887240485,23.791938661474),.PIECEWISE_BEZIER_KNOTS.);
#3948 = CARTESIAN_POINT('',(0.294051420989,-1.));
#3949 = CARTESIAN_POINT('',(0.,-1.));
#3950 = ( GEOMETRIC_REPRESENTATION_CONTEXT(2) 
PARAMETRIC_REPRESENTATION_CONTEXT() REPRESENTATION_CONTEXT('2D SPACE',''
  ) );
#3951 = ORIENTED_EDGE('',*,*,#3952,.F.);
#3952 = EDGE_CURVE('',#2575,#3927,#3953,.T.);
#3953 = SURFACE_CURVE('',#3954,(#3958,#3964),.PCURVE_S1.);
#3954 = LINE('',#3955,#3956);
#3955 = CARTESIAN_POINT('',(-44.5,-26.,0.));
#3956 = VECTOR('',#3957,1.);
#3957 = DIRECTION('',(0.,-1.,0.));
#3958 = PCURVE('',#694,#3959);
#3959 = DEFINITIONAL_REPRESENTATION('',(#3960),#3963);
#3960 = B_SPLINE_CURVE_WITH_KNOTS('',1,(#3961,#3962),.UNSPECIFIED.,.F.,
  .F.,(2,2),(25.,26.),.PIECEWISE_BEZIER_KNOTS.);
#3961 = CARTESIAN_POINT('',(-45.5,-51.));
#3962 = CARTESIAN_POINT('',(-45.5,-52.));
#3963 = ( GEOMETRIC_REPRESENTATION_CONTEXT(2) 
PARAMETRIC_REPRESENTATION_CONTEXT() REPRESENTATION_CONTEXT('2D SPACE',''
  ) );
#3964 = PCURVE('',#3965,#3970);
#3965 = PLANE('',#3966);
#3966 = AXIS2_PLACEMENT_3D('',#3967,#3968,#3969);
#3967 = CARTESIAN_POINT('',(-44.5,-52.,-1.));
#3968 = DIRECTION('',(-1.,0.,0.));
#3969 = DIRECTION('',(0.,1.,0.));
#3970 = DEFINITIONAL_REPRESENTATION('',(#3971),#3974);
#3971 = B_SPLINE_CURVE_WITH_KNOTS('',1,(#3972,#3973),.UNSPECIFIED.,.F.,
  .F.,(2,2),(25.,26.),.PIECEWISE_BEZIER_KNOTS.);
#3972 = CARTESIAN_POINT('',(1.,-1.));
#3973 = CARTESIAN_POINT('',(0.,-1.));
#3974 = ( GEOMETRIC_REPRESENTATION_CONTEXT(2) 
PARAMETRIC_REPRESENTATION_CONTEXT() REPRESENTATION_CONTEXT('2D SPACE',''
  ) );
#3975 = FACE_BOUND('',#3976,.F.);
#3976 = EDGE_LOOP('',(#3977));
#3977 = ORIENTED_EDGE('',*,*,#3978,.T.);
#3978 = EDGE_CURVE('',#3979,#3979,#3981,.T.);
#3979 = VERTEX_POINT('',#3980);
#3980 = CARTESIAN_POINT('',(-36.75,-42.,0.));
#3981 = SURFACE_CURVE('',#3982,(#3987,#3998),.PCURVE_S1.);
#3982 = CIRCLE('',#3983,3.5);
#3983 = AXIS2_PLACEMENT_3D('',#3984,#3985,#3986);
#3984 = CARTESIAN_POINT('',(-40.25,-42.,0.));
#3985 = DIRECTION('',(0.,0.,-1.));
#3986 = DIRECTION('',(1.,0.,0.));
#3987 = PCURVE('',#694,#3988);
#3988 = DEFINITIONAL_REPRESENTATION('',(#3989),#3997);
#3989 = ( BOUNDED_CURVE() B_SPLINE_CURVE(2,(#3990,#3991,#3992,#3993,
#3994,#3995,#3996),.UNSPECIFIED.,.T.,.F.) B_SPLINE_CURVE_WITH_KNOTS((1,2
    ,2,2,2,1),(-2.094395102393,0.,2.094395102393,4.188790204786,
6.28318530718,8.377580409573),.UNSPECIFIED.) CURVE() 
GEOMETRIC_REPRESENTATION_ITEM() RATIONAL_B_SPLINE_CURVE((1.,0.5,1.,0.5,
1.,0.5,1.)) REPRESENTATION_ITEM('') );
#3990 = CARTESIAN_POINT('',(-37.75,-42.));
#3991 = CARTESIAN_POINT('',(-37.75,-48.06217782649));
#3992 = CARTESIAN_POINT('',(-43.,-45.03108891324));
#3993 = CARTESIAN_POINT('',(-48.25,-42.));
#3994 = CARTESIAN_POINT('',(-43.,-38.96891108675));
#3995 = CARTESIAN_POINT('',(-37.75,-35.9378221735));
#3996 = CARTESIAN_POINT('',(-37.75,-42.));
#3997 = ( GEOMETRIC_REPRESENTATION_CONTEXT(2) 
PARAMETRIC_REPRESENTATION_CONTEXT() REPRESENTATION_CONTEXT('2D SPACE',''
  ) );
#3998 = PCURVE('',#3999,#4004);
#3999 = CYLINDRICAL_SURFACE('',#4000,3.5);
#4000 = AXIS2_PLACEMENT_3D('',#4001,#4002,#4003);
#4001 = CARTESIAN_POINT('',(-40.25,-42.,-1.));
#4002 = DIRECTION('',(-0.,-0.,-1.));
#4003 = DIRECTION('',(1.,0.,0.));
#4004 = DEFINITIONAL_REPRESENTATION('',(#4005),#4009);
#4005 = LINE('',#4006,#4007);
#4006 = CARTESIAN_POINT('',(-6.28318530718,-1.));
#4007 = VECTOR('',#4008,1.);
#4008 = DIRECTION('',(1.,-0.));
#4009 = ( GEOMETRIC_REPRESENTATION_CONTEXT(2) 
PARAMETRIC_REPRESENTATION_CONTEXT() REPRESENTATION_CONTEXT('2D SPACE',''
  ) );
#4010 = FACE_BOUND('',#4011,.F.);
#4011 = EDGE_LOOP('',(#4012));
#4012 = ORIENTED_EDGE('',*,*,#4013,.T.);
#4013 = EDGE_CURVE('',#4014,#4014,#4016,.T.);
#4014 = VERTEX_POINT('',#4015);
#4015 = CARTESIAN_POINT('',(45.75,-42.,0.));
#4016 = SURFACE_CURVE('',#4017,(#4022,#4033),.PCURVE_S1.);
#4017 = CIRCLE('',#4018,3.5);
#4018 = AXIS2_PLACEMENT_3D('',#4019,#4020,#4021);
#4019 = CARTESIAN_POINT('',(42.25,-42.,0.));
#4020 = DIRECTION('',(0.,0.,-1.));
#4021 = DIRECTION('',(1.,0.,0.));
#4022 = PCURVE('',#694,#4023);
#4023 = DEFINITIONAL_REPRESENTATION('',(#4024),#4032);
#4024 = ( BOUNDED_CURVE() B_SPLINE_CURVE(2,(#4025,#4026,#4027,#4028,
#4029,#4030,#4031),.UNSPECIFIED.,.T.,.F.) B_SPLINE_CURVE_WITH_KNOTS((1,2
    ,2,2,2,1),(-2.094395102393,0.,2.094395102393,4.188790204786,
6.28318530718,8.377580409573),.UNSPECIFIED.) CURVE() 
GEOMETRIC_REPRESENTATION_ITEM() RATIONAL_B_SPLINE_CURVE((1.,0.5,1.,0.5,
1.,0.5,1.)) REPRESENTATION_ITEM('') );
#4025 = CARTESIAN_POINT('',(44.75,-42.));
#4026 = CARTESIAN_POINT('',(44.75,-48.06217782649));
#4027 = CARTESIAN_POINT('',(39.5,-45.03108891324));
#4028 = CARTESIAN_POINT('',(34.25,-42.));
#4029 = CARTESIAN_POINT('',(39.5,-38.96891108675));
#4030 = CARTESIAN_POINT('',(44.75,-35.9378221735));
#4031 = CARTESIAN_POINT('',(44.75,-42.));
#4032 = ( GEOMETRIC_REPRESENTATION_CONTEXT(2) 
PARAMETRIC_REPRESENTATION_CONTEXT() REPRESENTATION_CONTEXT('2D SPACE',''
  ) );
#4033 = PCURVE('',#4034,#4039);
#4034 = CYLINDRICAL_SURFACE('',#4035,3.5);
#4035 = AXIS2_PLACEMENT_3D('',#4036,#4037,#4038);
#4036 = CARTESIAN_POINT('',(42.25,-42.,-1.));
#4037 = DIRECTION('',(-0.,-0.,-1.));
#4038 = DIRECTION('',(1.,0.,0.));
#4039 = DEFINITIONAL_REPRESENTATION('',(#4040),#4044);
#4040 = LINE('',#4041,#4042);
#4041 = CARTESIAN_POINT('',(-6.28318530718,-1.));
#4042 = VECTOR('',#4043,1.);
#4043 = DIRECTION('',(1.,-0.));
#4044 = ( GEOMETRIC_REPRESENTATION_CONTEXT(2) 
PARAMETRIC_REPRESENTATION_CONTEXT() REPRESENTATION_CONTEXT('2D SPACE',''
  ) );
#4045 = FACE_BOUND('',#4046,.F.);
#4046 = EDGE_LOOP('',(#4047));
#4047 = ORIENTED_EDGE('',*,*,#4048,.T.);
#4048 = EDGE_CURVE('',#4049,#4049,#4051,.T.);
#4049 = VERTEX_POINT('',#4050);
#4050 = CARTESIAN_POINT('',(45.,-0.75,0.));
#4051 = SURFACE_CURVE('',#4052,(#4057,#4068),.PCURVE_S1.);
#4052 = CIRCLE('',#4053,44.);
#4053 = AXIS2_PLACEMENT_3D('',#4054,#4055,#4056);
#4054 = CARTESIAN_POINT('',(1.,-0.75,0.));
#4055 = DIRECTION('',(0.,0.,-1.));
#4056 = DIRECTION('',(1.,0.,0.));
#4057 = PCURVE('',#694,#4058);
#4058 = DEFINITIONAL_REPRESENTATION('',(#4059),#4067);
#4059 = ( BOUNDED_CURVE() B_SPLINE_CURVE(2,(#4060,#4061,#4062,#4063,
#4064,#4065,#4066),.UNSPECIFIED.,.T.,.F.) B_SPLINE_CURVE_WITH_KNOTS((1,2
    ,2,2,2,1),(-2.094395102393,0.,2.094395102393,4.188790204786,
6.28318530718,8.377580409573),.UNSPECIFIED.) CURVE() 
GEOMETRIC_REPRESENTATION_ITEM() RATIONAL_B_SPLINE_CURVE((1.,0.5,1.,0.5,
1.,0.5,1.)) REPRESENTATION_ITEM('') );
#4060 = CARTESIAN_POINT('',(44.,-0.75));
#4061 = CARTESIAN_POINT('',(44.,-76.96023553303));
#4062 = CARTESIAN_POINT('',(-22.,-38.85511776651));
#4063 = CARTESIAN_POINT('',(-88.,-0.75));
#4064 = CARTESIAN_POINT('',(-22.,37.355117766515));
#4065 = CARTESIAN_POINT('',(44.,75.460235533031));
#4066 = CARTESIAN_POINT('',(44.,-0.75));
#4067 = ( GEOMETRIC_REPRESENTATION_CONTEXT(2) 
PARAMETRIC_REPRESENTATION_CONTEXT() REPRESENTATION_CONTEXT('2D SPACE',''
  ) );
#4068 = PCURVE('',#4069,#4074);
#4069 = CYLINDRICAL_SURFACE('',#4070,44.);
#4070 = AXIS2_PLACEMENT_3D('',#4071,#4072,#4073);
#4071 = CARTESIAN_POINT('',(1.,-0.75,-1.));
#4072 = DIRECTION('',(-0.,-0.,-1.));
#4073 = DIRECTION('',(1.,0.,0.));
#4074 = DEFINITIONAL_REPRESENTATION('',(#4075),#4079);
#4075 = LINE('',#4076,#4077);
#4076 = CARTESIAN_POINT('',(-6.28318530718,-1.));
#4077 = VECTOR('',#4078,1.);
#4078 = DIRECTION('',(1.,-0.));
#4079 = ( GEOMETRIC_REPRESENTATION_CONTEXT(2) 
PARAMETRIC_REPRESENTATION_CONTEXT() REPRESENTATION_CONTEXT('2D SPACE',''
  ) );
#4080 = FACE_BOUND('',#4081,.F.);
#4081 = EDGE_LOOP('',(#4082));
#4082 = ORIENTED_EDGE('',*,*,#4083,.T.);
#4083 = EDGE_CURVE('',#4084,#4084,#4086,.T.);
#4084 = VERTEX_POINT('',#4085);
#4085 = CARTESIAN_POINT('',(-36.75,40.5,0.));
#4086 = SURFACE_CURVE('',#4087,(#4092,#4103),.PCURVE_S1.);
#4087 = CIRCLE('',#4088,3.5);
#4088 = AXIS2_PLACEMENT_3D('',#4089,#4090,#4091);
#4089 = CARTESIAN_POINT('',(-40.25,40.5,0.));
#4090 = DIRECTION('',(0.,0.,-1.));
#4091 = DIRECTION('',(1.,0.,0.));
#4092 = PCURVE('',#694,#4093);
#4093 = DEFINITIONAL_REPRESENTATION('',(#4094),#4102);
#4094 = ( BOUNDED_CURVE() B_SPLINE_CURVE(2,(#4095,#4096,#4097,#4098,
#4099,#4100,#4101),.UNSPECIFIED.,.T.,.F.) B_SPLINE_CURVE_WITH_KNOTS((1,2
    ,2,2,2,1),(-2.094395102393,0.,2.094395102393,4.188790204786,
6.28318530718,8.377580409573),.UNSPECIFIED.) CURVE() 
GEOMETRIC_REPRESENTATION_ITEM() RATIONAL_B_SPLINE_CURVE((1.,0.5,1.,0.5,
1.,0.5,1.)) REPRESENTATION_ITEM('') );
#4095 = CARTESIAN_POINT('',(-37.75,40.5));
#4096 = CARTESIAN_POINT('',(-37.75,34.437822173509));
#4097 = CARTESIAN_POINT('',(-43.,37.468911086754));
#4098 = CARTESIAN_POINT('',(-48.25,40.5));
#4099 = CARTESIAN_POINT('',(-43.,43.531088913246));
#4100 = CARTESIAN_POINT('',(-37.75,46.562177826491));
#4101 = CARTESIAN_POINT('',(-37.75,40.5));
#4102 = ( GEOMETRIC_REPRESENTATION_CONTEXT(2) 
PARAMETRIC_REPRESENTATION_CONTEXT() REPRESENTATION_CONTEXT('2D SPACE',''
  ) );
#4103 = PCURVE('',#4104,#4109);
#4104 = CYLINDRICAL_SURFACE('',#4105,3.5);
#4105 = AXIS2_PLACEMENT_3D('',#4106,#4107,#4108);
#4106 = CARTESIAN_POINT('',(-40.25,40.5,-1.));
#4107 = DIRECTION('',(-0.,-0.,-1.));
#4108 = DIRECTION('',(1.,0.,0.));
#4109 = DEFINITIONAL_REPRESENTATION('',(#4110),#4114);
#4110 = LINE('',#4111,#4112);
#4111 = CARTESIAN_POINT('',(-6.28318530718,-1.));
#4112 = VECTOR('',#4113,1.);
#4113 = DIRECTION('',(1.,-0.));
#4114 = ( GEOMETRIC_REPRESENTATION_CONTEXT(2) 
PARAMETRIC_REPRESENTATION_CONTEXT() REPRESENTATION_CONTEXT('2D SPACE',''
  ) );
#4115 = FACE_BOUND('',#4116,.F.);
#4116 = EDGE_LOOP('',(#4117,#4145,#4171,#4197,#4223,#4249,#4275,#4301,
    #4327,#4353,#4379,#4405,#4431,#4457,#4483,#4509,#4535,#4561,#4587,
    #4613,#4639,#4665,#4691,#4717,#4743,#4769,#4795,#4821,#4847,#4873,
    #4899,#4925,#4951,#4977,#5003,#5029,#5055,#5081,#5107,#5133,#5159,
    #5185,#5211,#5237,#5263,#5289,#5315,#5341,#5367,#5393,#5419,#5445,
    #5471,#5497));
#4117 = ORIENTED_EDGE('',*,*,#4118,.T.);
#4118 = EDGE_CURVE('',#4119,#4121,#4123,.T.);
#4119 = VERTEX_POINT('',#4120);
#4120 = CARTESIAN_POINT('',(-44.38581929876,50.425974851452,0.));
#4121 = VERTEX_POINT('',#4122);
#4122 = CARTESIAN_POINT('',(-44.4711779206,50.707364516976,0.));
#4123 = SURFACE_CURVE('',#4124,(#4128,#4134),.PCURVE_S1.);
#4124 = LINE('',#4125,#4126);
#4125 = CARTESIAN_POINT('',(-35.51248352947,21.174506980522,0.));
#4126 = VECTOR('',#4127,1.);
#4127 = DIRECTION('',(-0.290284677254,0.956940335732,0.));
#4128 = PCURVE('',#694,#4129);
#4129 = DEFINITIONAL_REPRESENTATION('',(#4130),#4133);
#4130 = B_SPLINE_CURVE_WITH_KNOTS('',1,(#4131,#4132),.UNSPECIFIED.,.F.,
  .F.,(2,2),(30.567702895028,30.861754316017),.PIECEWISE_BEZIER_KNOTS.);
#4131 = CARTESIAN_POINT('',(-45.38581929876,50.425974851452));
#4132 = CARTESIAN_POINT('',(-45.4711779206,50.707364516976));
#4133 = ( GEOMETRIC_REPRESENTATION_CONTEXT(2) 
PARAMETRIC_REPRESENTATION_CONTEXT() REPRESENTATION_CONTEXT('2D SPACE',''
  ) );
#4134 = PCURVE('',#4135,#4140);
#4135 = PLANE('',#4136);
#4136 = AXIS2_PLACEMENT_3D('',#4137,#4138,#4139);
#4137 = CARTESIAN_POINT('',(-44.4711779206,50.707364516976,-1.));
#4138 = DIRECTION('',(0.956940335732,0.290284677254,-0.));
#4139 = DIRECTION('',(0.290284677254,-0.956940335732,0.));
#4140 = DEFINITIONAL_REPRESENTATION('',(#4141),#4144);
#4141 = B_SPLINE_CURVE_WITH_KNOTS('',1,(#4142,#4143),.UNSPECIFIED.,.F.,
  .F.,(2,2),(30.567702895028,30.861754316017),.PIECEWISE_BEZIER_KNOTS.);
#4142 = CARTESIAN_POINT('',(0.294051420989,-1.));
#4143 = CARTESIAN_POINT('',(0.,-1.));
#4144 = ( GEOMETRIC_REPRESENTATION_CONTEXT(2) 
PARAMETRIC_REPRESENTATION_CONTEXT() REPRESENTATION_CONTEXT('2D SPACE',''
  ) );
#4145 = ORIENTED_EDGE('',*,*,#4146,.T.);
#4146 = EDGE_CURVE('',#4121,#4147,#4149,.T.);
#4147 = VERTEX_POINT('',#4148);
#4148 = CARTESIAN_POINT('',(-44.5,51.,0.));
#4149 = SURFACE_CURVE('',#4150,(#4154,#4160),.PCURVE_S1.);
#4150 = LINE('',#4151,#4152);
#4151 = CARTESIAN_POINT('',(-41.79403095888,23.525835261925,0.));
#4152 = VECTOR('',#4153,1.);
#4153 = DIRECTION('',(-9.801714032956E-02,0.995184726672,0.));
#4154 = PCURVE('',#694,#4155);
#4155 = DEFINITIONAL_REPRESENTATION('',(#4156),#4159);
#4156 = B_SPLINE_CURVE_WITH_KNOTS('',1,(#4157,#4158),.UNSPECIFIED.,.F.,
  .F.,(2,2),(27.31304905165,27.607100472639),.PIECEWISE_BEZIER_KNOTS.);
#4157 = CARTESIAN_POINT('',(-45.4711779206,50.707364516976));
#4158 = CARTESIAN_POINT('',(-45.5,51.));
#4159 = ( GEOMETRIC_REPRESENTATION_CONTEXT(2) 
PARAMETRIC_REPRESENTATION_CONTEXT() REPRESENTATION_CONTEXT('2D SPACE',''
  ) );
#4160 = PCURVE('',#4161,#4166);
#4161 = PLANE('',#4162);
#4162 = AXIS2_PLACEMENT_3D('',#4163,#4164,#4165);
#4163 = CARTESIAN_POINT('',(-44.5,51.,-1.));
#4164 = DIRECTION('',(0.995184726672,9.801714032956E-02,-0.));
#4165 = DIRECTION('',(9.801714032956E-02,-0.995184726672,0.));
#4166 = DEFINITIONAL_REPRESENTATION('',(#4167),#4170);
#4167 = B_SPLINE_CURVE_WITH_KNOTS('',1,(#4168,#4169),.UNSPECIFIED.,.F.,
  .F.,(2,2),(27.31304905165,27.607100472639),.PIECEWISE_BEZIER_KNOTS.);
#4168 = CARTESIAN_POINT('',(0.294051420989,-1.));
#4169 = CARTESIAN_POINT('',(0.,-1.));
#4170 = ( GEOMETRIC_REPRESENTATION_CONTEXT(2) 
PARAMETRIC_REPRESENTATION_CONTEXT() REPRESENTATION_CONTEXT('2D SPACE',''
  ) );
#4171 = ORIENTED_EDGE('',*,*,#4172,.T.);
#4172 = EDGE_CURVE('',#4147,#4173,#4175,.T.);
#4173 = VERTEX_POINT('',#4174);
#4174 = CARTESIAN_POINT('',(-44.5,52.,0.));
#4175 = SURFACE_CURVE('',#4176,(#4180,#4186),.PCURVE_S1.);
#4176 = LINE('',#4177,#4178);
#4177 = CARTESIAN_POINT('',(-44.5,26.,0.));
#4178 = VECTOR('',#4179,1.);
#4179 = DIRECTION('',(-0.,1.,0.));
#4180 = PCURVE('',#694,#4181);
#4181 = DEFINITIONAL_REPRESENTATION('',(#4182),#4185);
#4182 = B_SPLINE_CURVE_WITH_KNOTS('',1,(#4183,#4184),.UNSPECIFIED.,.F.,
  .F.,(2,2),(25.,26.),.PIECEWISE_BEZIER_KNOTS.);
#4183 = CARTESIAN_POINT('',(-45.5,51.));
#4184 = CARTESIAN_POINT('',(-45.5,52.));
#4185 = ( GEOMETRIC_REPRESENTATION_CONTEXT(2) 
PARAMETRIC_REPRESENTATION_CONTEXT() REPRESENTATION_CONTEXT('2D SPACE',''
  ) );
#4186 = PCURVE('',#4187,#4192);
#4187 = PLANE('',#4188);
#4188 = AXIS2_PLACEMENT_3D('',#4189,#4190,#4191);
#4189 = CARTESIAN_POINT('',(-44.5,52.,-1.));
#4190 = DIRECTION('',(1.,0.,-0.));
#4191 = DIRECTION('',(0.,-1.,0.));
#4192 = DEFINITIONAL_REPRESENTATION('',(#4193),#4196);
#4193 = B_SPLINE_CURVE_WITH_KNOTS('',1,(#4194,#4195),.UNSPECIFIED.,.F.,
  .F.,(2,2),(25.,26.),.PIECEWISE_BEZIER_KNOTS.);
#4194 = CARTESIAN_POINT('',(1.,-1.));
#4195 = CARTESIAN_POINT('',(0.,-1.));
#4196 = ( GEOMETRIC_REPRESENTATION_CONTEXT(2) 
PARAMETRIC_REPRESENTATION_CONTEXT() REPRESENTATION_CONTEXT('2D SPACE',''
  ) );
#4197 = ORIENTED_EDGE('',*,*,#4198,.T.);
#4198 = EDGE_CURVE('',#4173,#4199,#4201,.T.);
#4199 = VERTEX_POINT('',#4200);
#4200 = CARTESIAN_POINT('',(-44.4711779206,52.292635483024,0.));
#4201 = SURFACE_CURVE('',#4202,(#4206,#4212),.PCURVE_S1.);
#4202 = LINE('',#4203,#4204);
#4203 = CARTESIAN_POINT('',(-46.80319571109,28.615261509204,0.));
#4204 = VECTOR('',#4205,1.);
#4205 = DIRECTION('',(9.801714032956E-02,0.995184726672,-0.));
#4206 = PCURVE('',#694,#4207);
#4207 = DEFINITIONAL_REPRESENTATION('',(#4208),#4211);
#4208 = B_SPLINE_CURVE_WITH_KNOTS('',1,(#4209,#4210),.UNSPECIFIED.,.F.,
  .F.,(2,2),(23.497887240485,23.791938661474),.PIECEWISE_BEZIER_KNOTS.);
#4209 = CARTESIAN_POINT('',(-45.5,52.));
#4210 = CARTESIAN_POINT('',(-45.4711779206,52.292635483024));
#4211 = ( GEOMETRIC_REPRESENTATION_CONTEXT(2) 
PARAMETRIC_REPRESENTATION_CONTEXT() REPRESENTATION_CONTEXT('2D SPACE',''
  ) );
#4212 = PCURVE('',#4213,#4218);
#4213 = PLANE('',#4214);
#4214 = AXIS2_PLACEMENT_3D('',#4215,#4216,#4217);
#4215 = CARTESIAN_POINT('',(-44.4711779206,52.292635483024,-1.));
#4216 = DIRECTION('',(0.995184726672,-9.801714032956E-02,0.));
#4217 = DIRECTION('',(-9.801714032956E-02,-0.995184726672,0.));
#4218 = DEFINITIONAL_REPRESENTATION('',(#4219),#4222);
#4219 = B_SPLINE_CURVE_WITH_KNOTS('',1,(#4220,#4221),.UNSPECIFIED.,.F.,
  .F.,(2,2),(23.497887240485,23.791938661474),.PIECEWISE_BEZIER_KNOTS.);
#4220 = CARTESIAN_POINT('',(0.294051420989,-1.));
#4221 = CARTESIAN_POINT('',(0.,-1.));
#4222 = ( GEOMETRIC_REPRESENTATION_CONTEXT(2) 
PARAMETRIC_REPRESENTATION_CONTEXT() REPRESENTATION_CONTEXT('2D SPACE',''
  ) );
#4223 = ORIENTED_EDGE('',*,*,#4224,.T.);
#4224 = EDGE_CURVE('',#4199,#4225,#4227,.T.);
#4225 = VERTEX_POINT('',#4226);
#4226 = CARTESIAN_POINT('',(-44.38581929876,52.574025148548,0.));
#4227 = SURFACE_CURVE('',#4228,(#4232,#4238),.PCURVE_S1.);
#4228 = LINE('',#4229,#4230);
#4229 = CARTESIAN_POINT('',(-49.7757377188,34.805845335449,0.));
#4230 = VECTOR('',#4231,1.);
#4231 = DIRECTION('',(0.290284677254,0.956940335732,-0.));
#4232 = PCURVE('',#694,#4233);
#4233 = DEFINITIONAL_REPRESENTATION('',(#4234),#4237);
#4234 = B_SPLINE_CURVE_WITH_KNOTS('',1,(#4235,#4236),.UNSPECIFIED.,.F.,
  .F.,(2,2),(18.273647263698,18.567698684687),.PIECEWISE_BEZIER_KNOTS.);
#4235 = CARTESIAN_POINT('',(-45.4711779206,52.292635483024));
#4236 = CARTESIAN_POINT('',(-45.38581929876,52.574025148548));
#4237 = ( GEOMETRIC_REPRESENTATION_CONTEXT(2) 
PARAMETRIC_REPRESENTATION_CONTEXT() REPRESENTATION_CONTEXT('2D SPACE',''
  ) );
#4238 = PCURVE('',#4239,#4244);
#4239 = PLANE('',#4240);
#4240 = AXIS2_PLACEMENT_3D('',#4241,#4242,#4243);
#4241 = CARTESIAN_POINT('',(-44.38581929876,52.574025148548,-1.));
#4242 = DIRECTION('',(0.956940335732,-0.290284677254,0.));
#4243 = DIRECTION('',(-0.290284677254,-0.956940335732,0.));
#4244 = DEFINITIONAL_REPRESENTATION('',(#4245),#4248);
#4245 = B_SPLINE_CURVE_WITH_KNOTS('',1,(#4246,#4247),.UNSPECIFIED.,.F.,
  .F.,(2,2),(18.273647263698,18.567698684687),.PIECEWISE_BEZIER_KNOTS.);
#4246 = CARTESIAN_POINT('',(0.294051420989,-1.));
#4247 = CARTESIAN_POINT('',(0.,-1.));
#4248 = ( GEOMETRIC_REPRESENTATION_CONTEXT(2) 
PARAMETRIC_REPRESENTATION_CONTEXT() REPRESENTATION_CONTEXT('2D SPACE',''
  ) );
#4249 = ORIENTED_EDGE('',*,*,#4250,.T.);
#4250 = EDGE_CURVE('',#4225,#4251,#4253,.T.);
#4251 = VERTEX_POINT('',#4252);
#4252 = CARTESIAN_POINT('',(-44.24720441845,52.833355349529,0.));
#4253 = SURFACE_CURVE('',#4254,(#4258,#4264),.PCURVE_S1.);
#4254 = LINE('',#4255,#4256);
#4255 = CARTESIAN_POINT('',(-50.20223566168,41.692275505357,
    1.110223024625E-16));
#4256 = VECTOR('',#4257,1.);
#4257 = DIRECTION('',(0.471396736826,0.881921264348,-0.));
#4258 = PCURVE('',#694,#4259);
#4259 = DEFINITIONAL_REPRESENTATION('',(#4260),#4263);
#4260 = B_SPLINE_CURVE_WITH_KNOTS('',1,(#4261,#4262),.UNSPECIFIED.,.F.,
  .F.,(2,2),(12.338686097144,12.632737518133),.PIECEWISE_BEZIER_KNOTS.);
#4261 = CARTESIAN_POINT('',(-45.38581929876,52.574025148548));
#4262 = CARTESIAN_POINT('',(-45.24720441845,52.833355349529));
#4263 = ( GEOMETRIC_REPRESENTATION_CONTEXT(2) 
PARAMETRIC_REPRESENTATION_CONTEXT() REPRESENTATION_CONTEXT('2D SPACE',''
  ) );
#4264 = PCURVE('',#4265,#4270);
#4265 = PLANE('',#4266);
#4266 = AXIS2_PLACEMENT_3D('',#4267,#4268,#4269);
#4267 = CARTESIAN_POINT('',(-44.24720441845,52.833355349529,-1.));
#4268 = DIRECTION('',(0.881921264348,-0.471396736826,0.));
#4269 = DIRECTION('',(-0.471396736826,-0.881921264348,0.));
#4270 = DEFINITIONAL_REPRESENTATION('',(#4271),#4274);
#4271 = B_SPLINE_CURVE_WITH_KNOTS('',1,(#4272,#4273),.UNSPECIFIED.,.F.,
  .F.,(2,2),(12.338686097144,12.632737518133),.PIECEWISE_BEZIER_KNOTS.);
#4272 = CARTESIAN_POINT('',(0.294051420989,-1.));
#4273 = CARTESIAN_POINT('',(0.,-1.));
#4274 = ( GEOMETRIC_REPRESENTATION_CONTEXT(2) 
PARAMETRIC_REPRESENTATION_CONTEXT() REPRESENTATION_CONTEXT('2D SPACE',''
  ) );
#4275 = ORIENTED_EDGE('',*,*,#4276,.T.);
#4276 = EDGE_CURVE('',#4251,#4277,#4279,.T.);
#4277 = VERTEX_POINT('',#4278);
#4278 = CARTESIAN_POINT('',(-44.06066017178,53.06066017178,0.));
#4279 = SURFACE_CURVE('',#4280,(#4284,#4290),.PCURVE_S1.);
#4280 = LINE('',#4281,#4282);
#4281 = CARTESIAN_POINT('',(-48.00349842086,48.256297864443,0.));
#4282 = VECTOR('',#4283,1.);
#4283 = DIRECTION('',(0.634393284164,0.773010453363,-0.));
#4284 = PCURVE('',#694,#4285);
#4285 = DEFINITIONAL_REPRESENTATION('',(#4286),#4289);
#4286 = B_SPLINE_CURVE_WITH_KNOTS('',1,(#4287,#4288),.UNSPECIFIED.,.F.,
  .F.,(2,2),(5.921080970089,6.215132391078),.PIECEWISE_BEZIER_KNOTS.);
#4287 = CARTESIAN_POINT('',(-45.24720441845,52.833355349529));
#4288 = CARTESIAN_POINT('',(-45.06066017178,53.06066017178));
#4289 = ( GEOMETRIC_REPRESENTATION_CONTEXT(2) 
PARAMETRIC_REPRESENTATION_CONTEXT() REPRESENTATION_CONTEXT('2D SPACE',''
  ) );
#4290 = PCURVE('',#4291,#4296);
#4291 = PLANE('',#4292);
#4292 = AXIS2_PLACEMENT_3D('',#4293,#4294,#4295);
#4293 = CARTESIAN_POINT('',(-44.06066017178,53.06066017178,-1.));
#4294 = DIRECTION('',(0.773010453363,-0.634393284164,0.));
#4295 = DIRECTION('',(-0.634393284164,-0.773010453363,0.));
#4296 = DEFINITIONAL_REPRESENTATION('',(#4297),#4300);
#4297 = B_SPLINE_CURVE_WITH_KNOTS('',1,(#4298,#4299),.UNSPECIFIED.,.F.,
  .F.,(2,2),(5.921080970089,6.215132391078),.PIECEWISE_BEZIER_KNOTS.);
#4298 = CARTESIAN_POINT('',(0.294051420989,-1.));
#4299 = CARTESIAN_POINT('',(0.,-1.));
#4300 = ( GEOMETRIC_REPRESENTATION_CONTEXT(2) 
PARAMETRIC_REPRESENTATION_CONTEXT() REPRESENTATION_CONTEXT('2D SPACE',''
  ) );
#4301 = ORIENTED_EDGE('',*,*,#4302,.T.);
#4302 = EDGE_CURVE('',#4277,#4303,#4305,.T.);
#4303 = VERTEX_POINT('',#4304);
#4304 = CARTESIAN_POINT('',(-43.83335534952,53.247204418454,0.));
#4305 = SURFACE_CURVE('',#4306,(#4310,#4316),.PCURVE_S1.);
#4306 = LINE('',#4307,#4308);
#4307 = CARTESIAN_POINT('',(-43.49439665815,53.52538062743,0.));
#4308 = VECTOR('',#4309,1.);
#4309 = DIRECTION('',(0.773010453363,0.634393284164,-0.));
#4310 = PCURVE('',#694,#4311);
#4311 = DEFINITIONAL_REPRESENTATION('',(#4312),#4315);
#4312 = B_SPLINE_CURVE_WITH_KNOTS('',1,(#4313,#4314),.UNSPECIFIED.,.F.,
  .F.,(2,2),(-0.732543151467,-0.438491730478),.PIECEWISE_BEZIER_KNOTS.);
#4313 = CARTESIAN_POINT('',(-45.06066017178,53.06066017178));
#4314 = CARTESIAN_POINT('',(-44.83335534952,53.247204418454));
#4315 = ( GEOMETRIC_REPRESENTATION_CONTEXT(2) 
PARAMETRIC_REPRESENTATION_CONTEXT() REPRESENTATION_CONTEXT('2D SPACE',''
  ) );
#4316 = PCURVE('',#4317,#4322);
#4317 = PLANE('',#4318);
#4318 = AXIS2_PLACEMENT_3D('',#4319,#4320,#4321);
#4319 = CARTESIAN_POINT('',(-43.83335534952,53.247204418454,-1.));
#4320 = DIRECTION('',(0.634393284164,-0.773010453363,0.));
#4321 = DIRECTION('',(-0.773010453363,-0.634393284164,0.));
#4322 = DEFINITIONAL_REPRESENTATION('',(#4323),#4326);
#4323 = B_SPLINE_CURVE_WITH_KNOTS('',1,(#4324,#4325),.UNSPECIFIED.,.F.,
  .F.,(2,2),(-0.732543151467,-0.438491730478),.PIECEWISE_BEZIER_KNOTS.);
#4324 = CARTESIAN_POINT('',(0.294051420989,-1.));
#4325 = CARTESIAN_POINT('',(0.,-1.));
#4326 = ( GEOMETRIC_REPRESENTATION_CONTEXT(2) 
PARAMETRIC_REPRESENTATION_CONTEXT() REPRESENTATION_CONTEXT('2D SPACE',''
  ) );
#4327 = ORIENTED_EDGE('',*,*,#4328,.T.);
#4328 = EDGE_CURVE('',#4303,#4329,#4331,.T.);
#4329 = VERTEX_POINT('',#4330);
#4330 = CARTESIAN_POINT('',(-43.57402514854,53.385819298767,0.));
#4331 = SURFACE_CURVE('',#4332,(#4336,#4342),.PCURVE_S1.);
#4332 = LINE('',#4333,#4334);
#4333 = CARTESIAN_POINT('',(-37.33669009551,56.719744343272,
    1.110223024625E-16));
#4334 = VECTOR('',#4335,1.);
#4335 = DIRECTION('',(0.881921264348,0.471396736826,-0.));
#4336 = PCURVE('',#694,#4337);
#4337 = DEFINITIONAL_REPRESENTATION('',(#4338),#4341);
#4338 = B_SPLINE_CURVE_WITH_KNOTS('',1,(#4339,#4340),.UNSPECIFIED.,.F.,
  .F.,(2,2),(-7.366491223929,-7.072439802941),.PIECEWISE_BEZIER_KNOTS.);
#4339 = CARTESIAN_POINT('',(-44.83335534952,53.247204418454));
#4340 = CARTESIAN_POINT('',(-44.57402514854,53.385819298767));
#4341 = ( GEOMETRIC_REPRESENTATION_CONTEXT(2) 
PARAMETRIC_REPRESENTATION_CONTEXT() REPRESENTATION_CONTEXT('2D SPACE',''
  ) );
#4342 = PCURVE('',#4343,#4348);
#4343 = PLANE('',#4344);
#4344 = AXIS2_PLACEMENT_3D('',#4345,#4346,#4347);
#4345 = CARTESIAN_POINT('',(-43.57402514854,53.385819298767,-1.));
#4346 = DIRECTION('',(0.471396736826,-0.881921264348,0.));
#4347 = DIRECTION('',(-0.881921264348,-0.471396736826,0.));
#4348 = DEFINITIONAL_REPRESENTATION('',(#4349),#4352);
#4349 = B_SPLINE_CURVE_WITH_KNOTS('',1,(#4350,#4351),.UNSPECIFIED.,.F.,
  .F.,(2,2),(-7.366491223929,-7.072439802941),.PIECEWISE_BEZIER_KNOTS.);
#4350 = CARTESIAN_POINT('',(0.294051420989,-1.));
#4351 = CARTESIAN_POINT('',(0.,-1.));
#4352 = ( GEOMETRIC_REPRESENTATION_CONTEXT(2) 
PARAMETRIC_REPRESENTATION_CONTEXT() REPRESENTATION_CONTEXT('2D SPACE',''
  ) );
#4353 = ORIENTED_EDGE('',*,*,#4354,.T.);
#4354 = EDGE_CURVE('',#4329,#4355,#4357,.T.);
#4355 = VERTEX_POINT('',#4356);
#4356 = CARTESIAN_POINT('',(-43.29263548302,53.471177920605,0.));
#4357 = SURFACE_CURVE('',#4358,(#4362,#4368),.PCURVE_S1.);
#4358 = LINE('',#4359,#4360);
#4359 = CARTESIAN_POINT('',(-30.43923019333,57.370215788294,0.));
#4360 = VECTOR('',#4361,1.);
#4361 = DIRECTION('',(0.956940335732,0.290284677254,-0.));
#4362 = PCURVE('',#694,#4363);
#4363 = DEFINITIONAL_REPRESENTATION('',(#4364),#4367);
#4364 = B_SPLINE_CURVE_WITH_KNOTS('',1,(#4365,#4366),.UNSPECIFIED.,.F.,
  .F.,(2,2),(-13.72582434323,-13.43177292224),.PIECEWISE_BEZIER_KNOTS.);
#4365 = CARTESIAN_POINT('',(-44.57402514854,53.385819298767));
#4366 = CARTESIAN_POINT('',(-44.29263548302,53.471177920605));
#4367 = ( GEOMETRIC_REPRESENTATION_CONTEXT(2) 
PARAMETRIC_REPRESENTATION_CONTEXT() REPRESENTATION_CONTEXT('2D SPACE',''
  ) );
#4368 = PCURVE('',#4369,#4374);
#4369 = PLANE('',#4370);
#4370 = AXIS2_PLACEMENT_3D('',#4371,#4372,#4373);
#4371 = CARTESIAN_POINT('',(-43.29263548302,53.471177920605,-1.));
#4372 = DIRECTION('',(0.290284677254,-0.956940335732,0.));
#4373 = DIRECTION('',(-0.956940335732,-0.290284677254,0.));
#4374 = DEFINITIONAL_REPRESENTATION('',(#4375),#4378);
#4375 = B_SPLINE_CURVE_WITH_KNOTS('',1,(#4376,#4377),.UNSPECIFIED.,.F.,
  .F.,(2,2),(-13.72582434323,-13.43177292224),.PIECEWISE_BEZIER_KNOTS.);
#4376 = CARTESIAN_POINT('',(0.294051420989,-1.));
#4377 = CARTESIAN_POINT('',(0.,-1.));
#4378 = ( GEOMETRIC_REPRESENTATION_CONTEXT(2) 
PARAMETRIC_REPRESENTATION_CONTEXT() REPRESENTATION_CONTEXT('2D SPACE',''
  ) );
#4379 = ORIENTED_EDGE('',*,*,#4380,.T.);
#4380 = EDGE_CURVE('',#4355,#4381,#4383,.T.);
#4381 = VERTEX_POINT('',#4382);
#4382 = CARTESIAN_POINT('',(-43.,53.5,0.));
#4383 = SURFACE_CURVE('',#4384,(#4388,#4394),.PCURVE_S1.);
#4384 = LINE('',#4385,#4386);
#4385 = CARTESIAN_POINT('',(-23.82069497253,55.388996667571,0.));
#4386 = VECTOR('',#4387,1.);
#4387 = DIRECTION('',(0.995184726672,9.801714032956E-02,-0.));
#4388 = PCURVE('',#694,#4389);
#4389 = DEFINITIONAL_REPRESENTATION('',(#4390),#4393);
#4390 = B_SPLINE_CURVE_WITH_KNOTS('',1,(#4391,#4392),.UNSPECIFIED.,.F.,
  .F.,(2,2),(-19.56615690396,-19.27210548297),.PIECEWISE_BEZIER_KNOTS.);
#4391 = CARTESIAN_POINT('',(-44.29263548302,53.471177920605));
#4392 = CARTESIAN_POINT('',(-44.,53.5));
#4393 = ( GEOMETRIC_REPRESENTATION_CONTEXT(2) 
PARAMETRIC_REPRESENTATION_CONTEXT() REPRESENTATION_CONTEXT('2D SPACE',''
  ) );
#4394 = PCURVE('',#4395,#4400);
#4395 = PLANE('',#4396);
#4396 = AXIS2_PLACEMENT_3D('',#4397,#4398,#4399);
#4397 = CARTESIAN_POINT('',(-43.,53.5,-1.));
#4398 = DIRECTION('',(9.801714032956E-02,-0.995184726672,0.));
#4399 = DIRECTION('',(-0.995184726672,-9.801714032956E-02,0.));
#4400 = DEFINITIONAL_REPRESENTATION('',(#4401),#4404);
#4401 = B_SPLINE_CURVE_WITH_KNOTS('',1,(#4402,#4403),.UNSPECIFIED.,.F.,
  .F.,(2,2),(-19.56615690396,-19.27210548297),.PIECEWISE_BEZIER_KNOTS.);
#4402 = CARTESIAN_POINT('',(0.294051420989,-1.));
#4403 = CARTESIAN_POINT('',(0.,-1.));
#4404 = ( GEOMETRIC_REPRESENTATION_CONTEXT(2) 
PARAMETRIC_REPRESENTATION_CONTEXT() REPRESENTATION_CONTEXT('2D SPACE',''
  ) );
#4405 = ORIENTED_EDGE('',*,*,#4406,.T.);
#4406 = EDGE_CURVE('',#4381,#4407,#4409,.T.);
#4407 = VERTEX_POINT('',#4408);
#4408 = CARTESIAN_POINT('',(-25.,53.5,0.));
#4409 = SURFACE_CURVE('',#4410,(#4414,#4420),.PCURVE_S1.);
#4410 = LINE('',#4411,#4412);
#4411 = CARTESIAN_POINT('',(-12.,53.5,0.));
#4412 = VECTOR('',#4413,1.);
#4413 = DIRECTION('',(1.,0.,-0.));
#4414 = PCURVE('',#694,#4415);
#4415 = DEFINITIONAL_REPRESENTATION('',(#4416),#4419);
#4416 = B_SPLINE_CURVE_WITH_KNOTS('',1,(#4417,#4418),.UNSPECIFIED.,.F.,
  .F.,(2,2),(-31.,-13.),.PIECEWISE_BEZIER_KNOTS.);
#4417 = CARTESIAN_POINT('',(-44.,53.5));
#4418 = CARTESIAN_POINT('',(-26.,53.5));
#4419 = ( GEOMETRIC_REPRESENTATION_CONTEXT(2) 
PARAMETRIC_REPRESENTATION_CONTEXT() REPRESENTATION_CONTEXT('2D SPACE',''
  ) );
#4420 = PCURVE('',#4421,#4426);
#4421 = PLANE('',#4422);
#4422 = AXIS2_PLACEMENT_3D('',#4423,#4424,#4425);
#4423 = CARTESIAN_POINT('',(-25.,53.5,-1.));
#4424 = DIRECTION('',(0.,-1.,0.));
#4425 = DIRECTION('',(-1.,0.,0.));
#4426 = DEFINITIONAL_REPRESENTATION('',(#4427),#4430);
#4427 = B_SPLINE_CURVE_WITH_KNOTS('',1,(#4428,#4429),.UNSPECIFIED.,.F.,
  .F.,(2,2),(-31.,-13.),.PIECEWISE_BEZIER_KNOTS.);
#4428 = CARTESIAN_POINT('',(18.,-1.));
#4429 = CARTESIAN_POINT('',(0.,-1.));
#4430 = ( GEOMETRIC_REPRESENTATION_CONTEXT(2) 
PARAMETRIC_REPRESENTATION_CONTEXT() REPRESENTATION_CONTEXT('2D SPACE',''
  ) );
#4431 = ORIENTED_EDGE('',*,*,#4432,.T.);
#4432 = EDGE_CURVE('',#4407,#4433,#4435,.T.);
#4433 = VERTEX_POINT('',#4434);
#4434 = CARTESIAN_POINT('',(-24.70736451697,53.471177920605,0.));
#4435 = SURFACE_CURVE('',#4436,(#4440,#4446),.PCURVE_S1.);
#4436 = LINE('',#4437,#4438);
#4437 = CARTESIAN_POINT('',(-9.369244878901,51.960504992591,0.));
#4438 = VECTOR('',#4439,1.);
#4439 = DIRECTION('',(0.995184726672,-9.801714032956E-02,0.));
#4440 = PCURVE('',#694,#4441);
#4441 = DEFINITIONAL_REPRESENTATION('',(#4442),#4445);
#4442 = B_SPLINE_CURVE_WITH_KNOTS('',1,(#4443,#4444),.UNSPECIFIED.,.F.,
  .F.,(2,2),(-15.70638566104,-15.41233424006),.PIECEWISE_BEZIER_KNOTS.);
#4443 = CARTESIAN_POINT('',(-26.,53.5));
#4444 = CARTESIAN_POINT('',(-25.70736451697,53.471177920605));
#4445 = ( GEOMETRIC_REPRESENTATION_CONTEXT(2) 
PARAMETRIC_REPRESENTATION_CONTEXT() REPRESENTATION_CONTEXT('2D SPACE',''
  ) );
#4446 = PCURVE('',#4447,#4452);
#4447 = PLANE('',#4448);
#4448 = AXIS2_PLACEMENT_3D('',#4449,#4450,#4451);
#4449 = CARTESIAN_POINT('',(-24.70736451697,53.471177920605,-1.));
#4450 = DIRECTION('',(-9.801714032956E-02,-0.995184726672,0.));
#4451 = DIRECTION('',(-0.995184726672,9.801714032956E-02,0.));
#4452 = DEFINITIONAL_REPRESENTATION('',(#4453),#4456);
#4453 = B_SPLINE_CURVE_WITH_KNOTS('',1,(#4454,#4455),.UNSPECIFIED.,.F.,
  .F.,(2,2),(-15.70638566104,-15.41233424006),.PIECEWISE_BEZIER_KNOTS.);
#4454 = CARTESIAN_POINT('',(0.294051420989,-1.));
#4455 = CARTESIAN_POINT('',(0.,-1.));
#4456 = ( GEOMETRIC_REPRESENTATION_CONTEXT(2) 
PARAMETRIC_REPRESENTATION_CONTEXT() REPRESENTATION_CONTEXT('2D SPACE',''
  ) );
#4457 = ORIENTED_EDGE('',*,*,#4458,.T.);
#4458 = EDGE_CURVE('',#4433,#4459,#4461,.T.);
#4459 = VERTEX_POINT('',#4460);
#4460 = CARTESIAN_POINT('',(-24.42597485145,53.385819298767,0.));
#4461 = SURFACE_CURVE('',#4462,(#4466,#4472),.PCURVE_S1.);
#4462 = LINE('',#4463,#4464);
#4463 = CARTESIAN_POINT('',(-5.369356758612,47.605057399532,0.));
#4464 = VECTOR('',#4465,1.);
#4465 = DIRECTION('',(0.956940335732,-0.290284677254,0.));
#4466 = PCURVE('',#694,#4467);
#4467 = DEFINITIONAL_REPRESENTATION('',(#4468),#4471);
#4468 = B_SPLINE_CURVE_WITH_KNOTS('',1,(#4469,#4470),.UNSPECIFIED.,.F.,
  .F.,(2,2),(-20.20816453887,-19.91411311788),.PIECEWISE_BEZIER_KNOTS.);
#4469 = CARTESIAN_POINT('',(-25.70736451697,53.471177920605));
#4470 = CARTESIAN_POINT('',(-25.42597485145,53.385819298767));
#4471 = ( GEOMETRIC_REPRESENTATION_CONTEXT(2) 
PARAMETRIC_REPRESENTATION_CONTEXT() REPRESENTATION_CONTEXT('2D SPACE',''
  ) );
#4472 = PCURVE('',#4473,#4478);
#4473 = PLANE('',#4474);
#4474 = AXIS2_PLACEMENT_3D('',#4475,#4476,#4477);
#4475 = CARTESIAN_POINT('',(-24.42597485145,53.385819298767,-1.));
#4476 = DIRECTION('',(-0.290284677254,-0.956940335732,0.));
#4477 = DIRECTION('',(-0.956940335732,0.290284677254,0.));
#4478 = DEFINITIONAL_REPRESENTATION('',(#4479),#4482);
#4479 = B_SPLINE_CURVE_WITH_KNOTS('',1,(#4480,#4481),.UNSPECIFIED.,.F.,
  .F.,(2,2),(-20.20816453887,-19.91411311788),.PIECEWISE_BEZIER_KNOTS.);
#4480 = CARTESIAN_POINT('',(0.294051420989,-1.));
#4481 = CARTESIAN_POINT('',(0.,-1.));
#4482 = ( GEOMETRIC_REPRESENTATION_CONTEXT(2) 
PARAMETRIC_REPRESENTATION_CONTEXT() REPRESENTATION_CONTEXT('2D SPACE',''
  ) );
#4483 = ORIENTED_EDGE('',*,*,#4484,.T.);
#4484 = EDGE_CURVE('',#4459,#4485,#4487,.T.);
#4485 = VERTEX_POINT('',#4486);
#4486 = CARTESIAN_POINT('',(-24.16664465047,53.247204418454,0.));
#4487 = SURFACE_CURVE('',#4488,(#4492,#4498),.PCURVE_S1.);
#4488 = LINE('',#4489,#4490);
#4489 = CARTESIAN_POINT('',(-3.311165726156,42.09971868782,0.));
#4490 = VECTOR('',#4491,1.);
#4491 = DIRECTION('',(0.881921264348,-0.471396736826,0.));
#4492 = PCURVE('',#694,#4493);
#4493 = DEFINITIONAL_REPRESENTATION('',(#4494),#4497);
#4494 = B_SPLINE_CURVE_WITH_KNOTS('',1,(#4495,#4496),.UNSPECIFIED.,.F.,
  .F.,(2,2),(-23.94183015974,-23.64777873875),.PIECEWISE_BEZIER_KNOTS.);
#4495 = CARTESIAN_POINT('',(-25.42597485145,53.385819298767));
#4496 = CARTESIAN_POINT('',(-25.16664465047,53.247204418454));
#4497 = ( GEOMETRIC_REPRESENTATION_CONTEXT(2) 
PARAMETRIC_REPRESENTATION_CONTEXT() REPRESENTATION_CONTEXT('2D SPACE',''
  ) );
#4498 = PCURVE('',#4499,#4504);
#4499 = PLANE('',#4500);
#4500 = AXIS2_PLACEMENT_3D('',#4501,#4502,#4503);
#4501 = CARTESIAN_POINT('',(-24.16664465047,53.247204418454,-1.));
#4502 = DIRECTION('',(-0.471396736826,-0.881921264348,0.));
#4503 = DIRECTION('',(-0.881921264348,0.471396736826,0.));
#4504 = DEFINITIONAL_REPRESENTATION('',(#4505),#4508);
#4505 = B_SPLINE_CURVE_WITH_KNOTS('',1,(#4506,#4507),.UNSPECIFIED.,.F.,
  .F.,(2,2),(-23.94183015974,-23.64777873875),.PIECEWISE_BEZIER_KNOTS.);
#4506 = CARTESIAN_POINT('',(0.294051420989,-1.));
#4507 = CARTESIAN_POINT('',(0.,-1.));
#4508 = ( GEOMETRIC_REPRESENTATION_CONTEXT(2) 
PARAMETRIC_REPRESENTATION_CONTEXT() REPRESENTATION_CONTEXT('2D SPACE',''
  ) );
#4509 = ORIENTED_EDGE('',*,*,#4510,.T.);
#4510 = EDGE_CURVE('',#4485,#4511,#4513,.T.);
#4511 = VERTEX_POINT('',#4512);
#4512 = CARTESIAN_POINT('',(-23.93933982822,53.06066017178,0.));
#4513 = SURFACE_CURVE('',#4514,(#4518,#4524),.PCURVE_S1.);
#4514 = LINE('',#4515,#4516);
#4515 = CARTESIAN_POINT('',(-3.477870295436,36.268366097037,
    1.110223024625E-16));
#4516 = VECTOR('',#4517,1.);
#4517 = DIRECTION('',(0.773010453363,-0.634393284164,0.));
#4518 = PCURVE('',#694,#4519);
#4519 = DEFINITIONAL_REPRESENTATION('',(#4520),#4523);
#4520 = B_SPLINE_CURVE_WITH_KNOTS('',1,(#4521,#4522),.UNSPECIFIED.,.F.,
  .F.,(2,2),(-26.76389984771,-26.46984842672),.PIECEWISE_BEZIER_KNOTS.);
#4521 = CARTESIAN_POINT('',(-25.16664465047,53.247204418454));
#4522 = CARTESIAN_POINT('',(-24.93933982822,53.06066017178));
#4523 = ( GEOMETRIC_REPRESENTATION_CONTEXT(2) 
PARAMETRIC_REPRESENTATION_CONTEXT() REPRESENTATION_CONTEXT('2D SPACE',''
  ) );
#4524 = PCURVE('',#4525,#4530);
#4525 = PLANE('',#4526);
#4526 = AXIS2_PLACEMENT_3D('',#4527,#4528,#4529);
#4527 = CARTESIAN_POINT('',(-23.93933982822,53.06066017178,-1.));
#4528 = DIRECTION('',(-0.634393284164,-0.773010453363,0.));
#4529 = DIRECTION('',(-0.773010453363,0.634393284164,0.));
#4530 = DEFINITIONAL_REPRESENTATION('',(#4531),#4534);
#4531 = B_SPLINE_CURVE_WITH_KNOTS('',1,(#4532,#4533),.UNSPECIFIED.,.F.,
  .F.,(2,2),(-26.76389984771,-26.46984842672),.PIECEWISE_BEZIER_KNOTS.);
#4532 = CARTESIAN_POINT('',(0.294051420989,-1.));
#4533 = CARTESIAN_POINT('',(0.,-1.));
#4534 = ( GEOMETRIC_REPRESENTATION_CONTEXT(2) 
PARAMETRIC_REPRESENTATION_CONTEXT() REPRESENTATION_CONTEXT('2D SPACE',''
  ) );
#4535 = ORIENTED_EDGE('',*,*,#4536,.T.);
#4536 = EDGE_CURVE('',#4511,#4537,#4539,.T.);
#4537 = VERTEX_POINT('',#4538);
#4538 = CARTESIAN_POINT('',(-23.75279558154,52.833355349529,0.));
#4539 = SURFACE_CURVE('',#4540,(#4544,#4550),.PCURVE_S1.);
#4540 = LINE('',#4541,#4542);
#4541 = CARTESIAN_POINT('',(-5.817310091078,30.978903046261,0.));
#4542 = VECTOR('',#4543,1.);
#4543 = DIRECTION('',(0.634393284164,-0.773010453363,0.));
#4544 = PCURVE('',#694,#4545);
#4545 = DEFINITIONAL_REPRESENTATION('',(#4546),#4549);
#4546 = B_SPLINE_CURVE_WITH_KNOTS('',1,(#4547,#4548),.UNSPECIFIED.,.F.,
  .F.,(2,2),(-28.5659230473,-28.27187162631),.PIECEWISE_BEZIER_KNOTS.);
#4547 = CARTESIAN_POINT('',(-24.93933982822,53.06066017178));
#4548 = CARTESIAN_POINT('',(-24.75279558154,52.833355349529));
#4549 = ( GEOMETRIC_REPRESENTATION_CONTEXT(2) 
PARAMETRIC_REPRESENTATION_CONTEXT() REPRESENTATION_CONTEXT('2D SPACE',''
  ) );
#4550 = PCURVE('',#4551,#4556);
#4551 = PLANE('',#4552);
#4552 = AXIS2_PLACEMENT_3D('',#4553,#4554,#4555);
#4553 = CARTESIAN_POINT('',(-23.75279558154,52.833355349529,-1.));
#4554 = DIRECTION('',(-0.773010453363,-0.634393284164,0.));
#4555 = DIRECTION('',(-0.634393284164,0.773010453363,0.));
#4556 = DEFINITIONAL_REPRESENTATION('',(#4557),#4560);
#4557 = B_SPLINE_CURVE_WITH_KNOTS('',1,(#4558,#4559),.UNSPECIFIED.,.F.,
  .F.,(2,2),(-28.5659230473,-28.27187162631),.PIECEWISE_BEZIER_KNOTS.);
#4558 = CARTESIAN_POINT('',(0.294051420989,-1.));
#4559 = CARTESIAN_POINT('',(0.,-1.));
#4560 = ( GEOMETRIC_REPRESENTATION_CONTEXT(2) 
PARAMETRIC_REPRESENTATION_CONTEXT() REPRESENTATION_CONTEXT('2D SPACE',''
  ) );
#4561 = ORIENTED_EDGE('',*,*,#4562,.T.);
#4562 = EDGE_CURVE('',#4537,#4563,#4565,.T.);
#4563 = VERTEX_POINT('',#4564);
#4564 = CARTESIAN_POINT('',(-23.61418070123,52.574025148548,0.));
#4565 = SURFACE_CURVE('',#4566,(#4570,#4576),.PCURVE_S1.);
#4566 = LINE('',#4567,#4568);
#4567 = CARTESIAN_POINT('',(-9.950935976006,27.011892189572,
    1.110223024625E-16));
#4568 = VECTOR('',#4569,1.);
#4569 = DIRECTION('',(0.471396736826,-0.881921264348,0.));
#4570 = PCURVE('',#694,#4571);
#4571 = DEFINITIONAL_REPRESENTATION('',(#4572),#4575);
#4572 = B_SPLINE_CURVE_WITH_KNOTS('',1,(#4573,#4574),.UNSPECIFIED.,.F.,
  .F.,(2,2),(-29.27864901753,-28.98459759654),.PIECEWISE_BEZIER_KNOTS.);
#4573 = CARTESIAN_POINT('',(-24.75279558154,52.833355349529));
#4574 = CARTESIAN_POINT('',(-24.61418070123,52.574025148548));
#4575 = ( GEOMETRIC_REPRESENTATION_CONTEXT(2) 
PARAMETRIC_REPRESENTATION_CONTEXT() REPRESENTATION_CONTEXT('2D SPACE',''
  ) );
#4576 = PCURVE('',#4577,#4582);
#4577 = PLANE('',#4578);
#4578 = AXIS2_PLACEMENT_3D('',#4579,#4580,#4581);
#4579 = CARTESIAN_POINT('',(-23.61418070123,52.574025148548,-1.));
#4580 = DIRECTION('',(-0.881921264348,-0.471396736826,0.));
#4581 = DIRECTION('',(-0.471396736826,0.881921264348,0.));
#4582 = DEFINITIONAL_REPRESENTATION('',(#4583),#4586);
#4583 = B_SPLINE_CURVE_WITH_KNOTS('',1,(#4584,#4585),.UNSPECIFIED.,.F.,
  .F.,(2,2),(-29.27864901753,-28.98459759654),.PIECEWISE_BEZIER_KNOTS.);
#4584 = CARTESIAN_POINT('',(0.294051420989,-1.));
#4585 = CARTESIAN_POINT('',(0.,-1.));
#4586 = ( GEOMETRIC_REPRESENTATION_CONTEXT(2) 
PARAMETRIC_REPRESENTATION_CONTEXT() REPRESENTATION_CONTEXT('2D SPACE',''
  ) );
#4587 = ORIENTED_EDGE('',*,*,#4588,.T.);
#4588 = EDGE_CURVE('',#4563,#4589,#4591,.T.);
#4589 = VERTEX_POINT('',#4590);
#4590 = CARTESIAN_POINT('',(-23.52882207939,52.292635483024,0.));
#4591 = SURFACE_CURVE('',#4592,(#4596,#4602),.PCURVE_S1.);
#4592 = LINE('',#4593,#4594);
#4593 = CARTESIAN_POINT('',(-15.23230118556,24.942671424845,0.));
#4594 = VECTOR('',#4595,1.);
#4595 = DIRECTION('',(0.290284677254,-0.956940335732,0.));
#4596 = PCURVE('',#694,#4597);
#4597 = DEFINITIONAL_REPRESENTATION('',(#4598),#4601);
#4598 = B_SPLINE_CURVE_WITH_KNOTS('',1,(#4599,#4600),.UNSPECIFIED.,.F.,
  .F.,(2,2),(-28.87468809908,-28.58063667809),.PIECEWISE_BEZIER_KNOTS.);
#4599 = CARTESIAN_POINT('',(-24.61418070123,52.574025148548));
#4600 = CARTESIAN_POINT('',(-24.52882207939,52.292635483024));
#4601 = ( GEOMETRIC_REPRESENTATION_CONTEXT(2) 
PARAMETRIC_REPRESENTATION_CONTEXT() REPRESENTATION_CONTEXT('2D SPACE',''
  ) );
#4602 = PCURVE('',#4603,#4608);
#4603 = PLANE('',#4604);
#4604 = AXIS2_PLACEMENT_3D('',#4605,#4606,#4607);
#4605 = CARTESIAN_POINT('',(-23.52882207939,52.292635483024,-1.));
#4606 = DIRECTION('',(-0.956940335732,-0.290284677254,0.));
#4607 = DIRECTION('',(-0.290284677254,0.956940335732,0.));
#4608 = DEFINITIONAL_REPRESENTATION('',(#4609),#4612);
#4609 = B_SPLINE_CURVE_WITH_KNOTS('',1,(#4610,#4611),.UNSPECIFIED.,.F.,
  .F.,(2,2),(-28.87468809908,-28.58063667809),.PIECEWISE_BEZIER_KNOTS.);
#4610 = CARTESIAN_POINT('',(0.294051420989,-1.));
#4611 = CARTESIAN_POINT('',(0.,-1.));
#4612 = ( GEOMETRIC_REPRESENTATION_CONTEXT(2) 
PARAMETRIC_REPRESENTATION_CONTEXT() REPRESENTATION_CONTEXT('2D SPACE',''
  ) );
#4613 = ORIENTED_EDGE('',*,*,#4614,.T.);
#4614 = EDGE_CURVE('',#4589,#4615,#4617,.T.);
#4615 = VERTEX_POINT('',#4616);
#4616 = CARTESIAN_POINT('',(-23.5,52.,0.));
#4617 = SURFACE_CURVE('',#4618,(#4622,#4628),.PCURVE_S1.);
#4618 = LINE('',#4619,#4620);
#4619 = CARTESIAN_POINT('',(-20.84613565626,25.054863132409,0.));
#4620 = VECTOR('',#4621,1.);
#4621 = DIRECTION('',(9.801714032956E-02,-0.995184726672,0.));
#4622 = PCURVE('',#694,#4623);
#4623 = DEFINITIONAL_REPRESENTATION('',(#4624),#4627);
#4624 = B_SPLINE_CURVE_WITH_KNOTS('',1,(#4625,#4626),.UNSPECIFIED.,.F.,
  .F.,(2,2),(-27.3695642835,-27.07551286251),.PIECEWISE_BEZIER_KNOTS.);
#4625 = CARTESIAN_POINT('',(-24.52882207939,52.292635483024));
#4626 = CARTESIAN_POINT('',(-24.5,52.));
#4627 = ( GEOMETRIC_REPRESENTATION_CONTEXT(2) 
PARAMETRIC_REPRESENTATION_CONTEXT() REPRESENTATION_CONTEXT('2D SPACE',''
  ) );
#4628 = PCURVE('',#4629,#4634);
#4629 = PLANE('',#4630);
#4630 = AXIS2_PLACEMENT_3D('',#4631,#4632,#4633);
#4631 = CARTESIAN_POINT('',(-23.5,52.,-1.));
#4632 = DIRECTION('',(-0.995184726672,-9.801714032956E-02,0.));
#4633 = DIRECTION('',(-9.801714032956E-02,0.995184726672,0.));
#4634 = DEFINITIONAL_REPRESENTATION('',(#4635),#4638);
#4635 = B_SPLINE_CURVE_WITH_KNOTS('',1,(#4636,#4637),.UNSPECIFIED.,.F.,
  .F.,(2,2),(-27.3695642835,-27.07551286251),.PIECEWISE_BEZIER_KNOTS.);
#4636 = CARTESIAN_POINT('',(0.294051420989,-1.));
#4637 = CARTESIAN_POINT('',(0.,-1.));
#4638 = ( GEOMETRIC_REPRESENTATION_CONTEXT(2) 
PARAMETRIC_REPRESENTATION_CONTEXT() REPRESENTATION_CONTEXT('2D SPACE',''
  ) );
#4639 = ORIENTED_EDGE('',*,*,#4640,.T.);
#4640 = EDGE_CURVE('',#4615,#4641,#4643,.T.);
#4641 = VERTEX_POINT('',#4642);
#4642 = CARTESIAN_POINT('',(-23.5,46.5,0.));
#4643 = SURFACE_CURVE('',#4644,(#4648,#4654),.PCURVE_S1.);
#4644 = LINE('',#4645,#4646);
#4645 = CARTESIAN_POINT('',(-23.5,23.25,0.));
#4646 = VECTOR('',#4647,1.);
#4647 = DIRECTION('',(0.,-1.,0.));
#4648 = PCURVE('',#694,#4649);
#4649 = DEFINITIONAL_REPRESENTATION('',(#4650),#4653);
#4650 = B_SPLINE_CURVE_WITH_KNOTS('',1,(#4651,#4652),.UNSPECIFIED.,.F.,
  .F.,(2,2),(-28.75,-23.25),.PIECEWISE_BEZIER_KNOTS.);
#4651 = CARTESIAN_POINT('',(-24.5,52.));
#4652 = CARTESIAN_POINT('',(-24.5,46.5));
#4653 = ( GEOMETRIC_REPRESENTATION_CONTEXT(2) 
PARAMETRIC_REPRESENTATION_CONTEXT() REPRESENTATION_CONTEXT('2D SPACE',''
  ) );
#4654 = PCURVE('',#4655,#4660);
#4655 = PLANE('',#4656);
#4656 = AXIS2_PLACEMENT_3D('',#4657,#4658,#4659);
#4657 = CARTESIAN_POINT('',(-23.5,46.5,-1.));
#4658 = DIRECTION('',(-1.,0.,0.));
#4659 = DIRECTION('',(0.,1.,0.));
#4660 = DEFINITIONAL_REPRESENTATION('',(#4661),#4664);
#4661 = B_SPLINE_CURVE_WITH_KNOTS('',1,(#4662,#4663),.UNSPECIFIED.,.F.,
  .F.,(2,2),(-28.75,-23.25),.PIECEWISE_BEZIER_KNOTS.);
#4662 = CARTESIAN_POINT('',(5.5,-1.));
#4663 = CARTESIAN_POINT('',(0.,-1.));
#4664 = ( GEOMETRIC_REPRESENTATION_CONTEXT(2) 
PARAMETRIC_REPRESENTATION_CONTEXT() REPRESENTATION_CONTEXT('2D SPACE',''
  ) );
#4665 = ORIENTED_EDGE('',*,*,#4666,.T.);
#4666 = EDGE_CURVE('',#4641,#4667,#4669,.T.);
#4667 = VERTEX_POINT('',#4668);
#4668 = CARTESIAN_POINT('',(-23.52882207939,46.207364516976,0.));
#4669 = SURFACE_CURVE('',#4670,(#4674,#4680),.PCURVE_S1.);
#4670 = LINE('',#4671,#4672);
#4671 = CARTESIAN_POINT('',(-25.6646458756,24.521981596149,0.));
#4672 = VECTOR('',#4673,1.);
#4673 = DIRECTION('',(-9.801714032956E-02,-0.995184726672,0.));
#4674 = PCURVE('',#694,#4675);
#4675 = DEFINITIONAL_REPRESENTATION('',(#4676),#4679);
#4676 = B_SPLINE_CURVE_WITH_KNOTS('',1,(#4677,#4678),.UNSPECIFIED.,.F.,
  .F.,(2,2),(-22.08436063658,-21.79030921559),.PIECEWISE_BEZIER_KNOTS.);
#4677 = CARTESIAN_POINT('',(-24.5,46.5));
#4678 = CARTESIAN_POINT('',(-24.52882207939,46.207364516976));
#4679 = ( GEOMETRIC_REPRESENTATION_CONTEXT(2) 
PARAMETRIC_REPRESENTATION_CONTEXT() REPRESENTATION_CONTEXT('2D SPACE',''
  ) );
#4680 = PCURVE('',#4681,#4686);
#4681 = PLANE('',#4682);
#4682 = AXIS2_PLACEMENT_3D('',#4683,#4684,#4685);
#4683 = CARTESIAN_POINT('',(-23.52882207939,46.207364516976,-1.));
#4684 = DIRECTION('',(-0.995184726672,9.801714032956E-02,0.));
#4685 = DIRECTION('',(9.801714032956E-02,0.995184726672,0.));
#4686 = DEFINITIONAL_REPRESENTATION('',(#4687),#4690);
#4687 = B_SPLINE_CURVE_WITH_KNOTS('',1,(#4688,#4689),.UNSPECIFIED.,.F.,
  .F.,(2,2),(-22.08436063658,-21.79030921559),.PIECEWISE_BEZIER_KNOTS.);
#4688 = CARTESIAN_POINT('',(0.294051420989,-1.));
#4689 = CARTESIAN_POINT('',(0.,-1.));
#4690 = ( GEOMETRIC_REPRESENTATION_CONTEXT(2) 
PARAMETRIC_REPRESENTATION_CONTEXT() REPRESENTATION_CONTEXT('2D SPACE',''
  ) );
#4691 = ORIENTED_EDGE('',*,*,#4692,.T.);
#4692 = EDGE_CURVE('',#4667,#4693,#4695,.T.);
#4693 = VERTEX_POINT('',#4694);
#4694 = CARTESIAN_POINT('',(-23.61418070123,45.925974851452,0.));
#4695 = SURFACE_CURVE('',#4696,(#4700,#4706),.PCURVE_S1.);
#4696 = LINE('',#4697,#4698);
#4697 = CARTESIAN_POINT('',(-28.95589748459,28.316694539444,0.));
#4698 = VECTOR('',#4699,1.);
#4699 = DIRECTION('',(-0.290284677254,-0.956940335732,0.));
#4700 = PCURVE('',#694,#4701);
#4701 = DEFINITIONAL_REPRESENTATION('',(#4702),#4705);
#4702 = B_SPLINE_CURVE_WITH_KNOTS('',1,(#4703,#4704),.UNSPECIFIED.,.F.,
  .F.,(2,2),(-18.6957005672,-18.40164914621),.PIECEWISE_BEZIER_KNOTS.);
#4703 = CARTESIAN_POINT('',(-24.52882207939,46.207364516976));
#4704 = CARTESIAN_POINT('',(-24.61418070123,45.925974851452));
#4705 = ( GEOMETRIC_REPRESENTATION_CONTEXT(2) 
PARAMETRIC_REPRESENTATION_CONTEXT() REPRESENTATION_CONTEXT('2D SPACE',''
  ) );
#4706 = PCURVE('',#4707,#4712);
#4707 = PLANE('',#4708);
#4708 = AXIS2_PLACEMENT_3D('',#4709,#4710,#4711);
#4709 = CARTESIAN_POINT('',(-23.61418070123,45.925974851452,-1.));
#4710 = DIRECTION('',(-0.956940335732,0.290284677254,0.));
#4711 = DIRECTION('',(0.290284677254,0.956940335732,0.));
#4712 = DEFINITIONAL_REPRESENTATION('',(#4713),#4716);
#4713 = B_SPLINE_CURVE_WITH_KNOTS('',1,(#4714,#4715),.UNSPECIFIED.,.F.,
  .F.,(2,2),(-18.6957005672,-18.40164914621),.PIECEWISE_BEZIER_KNOTS.);
#4714 = CARTESIAN_POINT('',(0.294051420989,-1.));
#4715 = CARTESIAN_POINT('',(0.,-1.));
#4716 = ( GEOMETRIC_REPRESENTATION_CONTEXT(2) 
PARAMETRIC_REPRESENTATION_CONTEXT() REPRESENTATION_CONTEXT('2D SPACE',''
  ) );
#4717 = ORIENTED_EDGE('',*,*,#4718,.T.);
#4718 = EDGE_CURVE('',#4693,#4719,#4721,.T.);
#4719 = VERTEX_POINT('',#4720);
#4720 = CARTESIAN_POINT('',(-23.75279558154,45.666644650471,0.));
#4721 = SURFACE_CURVE('',#4722,(#4726,#4732),.PCURVE_S1.);
#4722 = LINE('',#4723,#4724);
#4723 = CARTESIAN_POINT('',(-30.49518261911,33.052525721829,
    1.110223024625E-16));
#4724 = VECTOR('',#4725,1.);
#4725 = DIRECTION('',(-0.471396736826,-0.881921264348,0.));
#4726 = PCURVE('',#694,#4727);
#4727 = DEFINITIONAL_REPRESENTATION('',(#4728),#4731);
#4728 = B_SPLINE_CURVE_WITH_KNOTS('',1,(#4729,#4730),.UNSPECIFIED.,.F.,
  .F.,(2,2),(-14.5970503831,-14.30299896211),.PIECEWISE_BEZIER_KNOTS.);
#4729 = CARTESIAN_POINT('',(-24.61418070123,45.925974851452));
#4730 = CARTESIAN_POINT('',(-24.75279558154,45.666644650471));
#4731 = ( GEOMETRIC_REPRESENTATION_CONTEXT(2) 
PARAMETRIC_REPRESENTATION_CONTEXT() REPRESENTATION_CONTEXT('2D SPACE',''
  ) );
#4732 = PCURVE('',#4733,#4738);
#4733 = PLANE('',#4734);
#4734 = AXIS2_PLACEMENT_3D('',#4735,#4736,#4737);
#4735 = CARTESIAN_POINT('',(-23.75279558154,45.666644650471,-1.));
#4736 = DIRECTION('',(-0.881921264348,0.471396736826,0.));
#4737 = DIRECTION('',(0.471396736826,0.881921264348,0.));
#4738 = DEFINITIONAL_REPRESENTATION('',(#4739),#4742);
#4739 = B_SPLINE_CURVE_WITH_KNOTS('',1,(#4740,#4741),.UNSPECIFIED.,.F.,
  .F.,(2,2),(-14.5970503831,-14.30299896211),.PIECEWISE_BEZIER_KNOTS.);
#4740 = CARTESIAN_POINT('',(0.294051420989,-1.));
#4741 = CARTESIAN_POINT('',(0.,-1.));
#4742 = ( GEOMETRIC_REPRESENTATION_CONTEXT(2) 
PARAMETRIC_REPRESENTATION_CONTEXT() REPRESENTATION_CONTEXT('2D SPACE',''
  ) );
#4743 = ORIENTED_EDGE('',*,*,#4744,.T.);
#4744 = EDGE_CURVE('',#4719,#4745,#4747,.T.);
#4745 = VERTEX_POINT('',#4746);
#4746 = CARTESIAN_POINT('',(-23.93933982822,45.43933982822,0.));
#4747 = SURFACE_CURVE('',#4748,(#4752,#4758),.PCURVE_S1.);
#4748 = LINE('',#4749,#4750);
#4749 = CARTESIAN_POINT('',(-30.06241974434,37.978345362966,0.));
#4750 = VECTOR('',#4751,1.);
#4751 = DIRECTION('',(-0.634393284164,-0.773010453363,0.));
#4752 = PCURVE('',#694,#4753);
#4753 = DEFINITIONAL_REPRESENTATION('',(#4754),#4757);
#4754 = B_SPLINE_CURVE_WITH_KNOTS('',1,(#4755,#4756),.UNSPECIFIED.,.F.,
  .F.,(2,2),(-9.945918912298,-9.651867491309),.PIECEWISE_BEZIER_KNOTS.);
#4755 = CARTESIAN_POINT('',(-24.75279558154,45.666644650471));
#4756 = CARTESIAN_POINT('',(-24.93933982822,45.43933982822));
#4757 = ( GEOMETRIC_REPRESENTATION_CONTEXT(2) 
PARAMETRIC_REPRESENTATION_CONTEXT() REPRESENTATION_CONTEXT('2D SPACE',''
  ) );
#4758 = PCURVE('',#4759,#4764);
#4759 = PLANE('',#4760);
#4760 = AXIS2_PLACEMENT_3D('',#4761,#4762,#4763);
#4761 = CARTESIAN_POINT('',(-23.93933982822,45.43933982822,-1.));
#4762 = DIRECTION('',(-0.773010453363,0.634393284164,0.));
#4763 = DIRECTION('',(0.634393284164,0.773010453363,0.));
#4764 = DEFINITIONAL_REPRESENTATION('',(#4765),#4768);
#4765 = B_SPLINE_CURVE_WITH_KNOTS('',1,(#4766,#4767),.UNSPECIFIED.,.F.,
  .F.,(2,2),(-9.945918912298,-9.651867491309),.PIECEWISE_BEZIER_KNOTS.);
#4766 = CARTESIAN_POINT('',(0.294051420989,-1.));
#4767 = CARTESIAN_POINT('',(0.,-1.));
#4768 = ( GEOMETRIC_REPRESENTATION_CONTEXT(2) 
PARAMETRIC_REPRESENTATION_CONTEXT() REPRESENTATION_CONTEXT('2D SPACE',''
  ) );
#4769 = ORIENTED_EDGE('',*,*,#4770,.T.);
#4770 = EDGE_CURVE('',#4745,#4771,#4773,.T.);
#4771 = VERTEX_POINT('',#4772);
#4772 = CARTESIAN_POINT('',(-24.16664465047,45.252795581546,0.));
#4773 = SURFACE_CURVE('',#4774,(#4778,#4784),.PCURVE_S1.);
#4774 = LINE('',#4775,#4776);
#4775 = CARTESIAN_POINT('',(-27.74336023649,42.317460959273,
    1.110223024625E-16));
#4776 = VECTOR('',#4777,1.);
#4777 = DIRECTION('',(-0.773010453363,-0.634393284164,0.));
#4778 = PCURVE('',#694,#4779);
#4779 = DEFINITIONAL_REPRESENTATION('',(#4780),#4783);
#4780 = B_SPLINE_CURVE_WITH_KNOTS('',1,(#4781,#4782),.UNSPECIFIED.,.F.,
  .F.,(2,2),(-4.921046528831,-4.626995107842),.PIECEWISE_BEZIER_KNOTS.);
#4781 = CARTESIAN_POINT('',(-24.93933982822,45.43933982822));
#4782 = CARTESIAN_POINT('',(-25.16664465047,45.252795581546));
#4783 = ( GEOMETRIC_REPRESENTATION_CONTEXT(2) 
PARAMETRIC_REPRESENTATION_CONTEXT() REPRESENTATION_CONTEXT('2D SPACE',''
  ) );
#4784 = PCURVE('',#4785,#4790);
#4785 = PLANE('',#4786);
#4786 = AXIS2_PLACEMENT_3D('',#4787,#4788,#4789);
#4787 = CARTESIAN_POINT('',(-24.16664465047,45.252795581546,-1.));
#4788 = DIRECTION('',(-0.634393284164,0.773010453363,0.));
#4789 = DIRECTION('',(0.773010453363,0.634393284164,0.));
#4790 = DEFINITIONAL_REPRESENTATION('',(#4791),#4794);
#4791 = B_SPLINE_CURVE_WITH_KNOTS('',1,(#4792,#4793),.UNSPECIFIED.,.F.,
  .F.,(2,2),(-4.921046528831,-4.626995107842),.PIECEWISE_BEZIER_KNOTS.);
#4792 = CARTESIAN_POINT('',(0.294051420989,-1.));
#4793 = CARTESIAN_POINT('',(0.,-1.));
#4794 = ( GEOMETRIC_REPRESENTATION_CONTEXT(2) 
PARAMETRIC_REPRESENTATION_CONTEXT() REPRESENTATION_CONTEXT('2D SPACE',''
  ) );
#4795 = ORIENTED_EDGE('',*,*,#4796,.T.);
#4796 = EDGE_CURVE('',#4771,#4797,#4799,.T.);
#4797 = VERTEX_POINT('',#4798);
#4798 = CARTESIAN_POINT('',(-24.42597485145,45.114180701233,0.));
#4799 = SURFACE_CURVE('',#4800,(#4804,#4810),.PCURVE_S1.);
#4800 = LINE('',#4801,#4802);
#4801 = CARTESIAN_POINT('',(-23.91577002959,45.386890860131,0.));
#4802 = VECTOR('',#4803,1.);
#4803 = DIRECTION('',(-0.881921264348,-0.471396736826,0.));
#4804 = PCURVE('',#694,#4805);
#4805 = DEFINITIONAL_REPRESENTATION('',(#4806),#4809);
#4806 = B_SPLINE_CURVE_WITH_KNOTS('',1,(#4807,#4808),.UNSPECIFIED.,.F.,
  .F.,(2,2),(0.284463739583,0.578515160571),.PIECEWISE_BEZIER_KNOTS.);
#4807 = CARTESIAN_POINT('',(-25.16664465047,45.252795581546));
#4808 = CARTESIAN_POINT('',(-25.42597485145,45.114180701233));
#4809 = ( GEOMETRIC_REPRESENTATION_CONTEXT(2) 
PARAMETRIC_REPRESENTATION_CONTEXT() REPRESENTATION_CONTEXT('2D SPACE',''
  ) );
#4810 = PCURVE('',#4811,#4816);
#4811 = PLANE('',#4812);
#4812 = AXIS2_PLACEMENT_3D('',#4813,#4814,#4815);
#4813 = CARTESIAN_POINT('',(-24.42597485145,45.114180701233,-1.));
#4814 = DIRECTION('',(-0.471396736826,0.881921264348,0.));
#4815 = DIRECTION('',(0.881921264348,0.471396736826,0.));
#4816 = DEFINITIONAL_REPRESENTATION('',(#4817),#4820);
#4817 = B_SPLINE_CURVE_WITH_KNOTS('',1,(#4818,#4819),.UNSPECIFIED.,.F.,
  .F.,(2,2),(0.284463739583,0.578515160571),.PIECEWISE_BEZIER_KNOTS.);
#4818 = CARTESIAN_POINT('',(0.294051420989,-1.));
#4819 = CARTESIAN_POINT('',(0.,-1.));
#4820 = ( GEOMETRIC_REPRESENTATION_CONTEXT(2) 
PARAMETRIC_REPRESENTATION_CONTEXT() REPRESENTATION_CONTEXT('2D SPACE',''
  ) );
#4821 = ORIENTED_EDGE('',*,*,#4822,.T.);
#4822 = EDGE_CURVE('',#4797,#4823,#4825,.T.);
#4823 = VERTEX_POINT('',#4824);
#4824 = CARTESIAN_POINT('',(-24.70736451697,45.028822079395,0.));
#4825 = SURFACE_CURVE('',#4826,(#4830,#4836),.PCURVE_S1.);
#4826 = LINE('',#4827,#4828);
#4827 = CARTESIAN_POINT('',(-19.19096857948,46.702202492499,0.));
#4828 = VECTOR('',#4829,1.);
#4829 = DIRECTION('',(-0.956940335732,-0.290284677254,0.));
#4830 = PCURVE('',#694,#4831);
#4831 = DEFINITIONAL_REPRESENTATION('',(#4832),#4835);
#4832 = B_SPLINE_CURVE_WITH_KNOTS('',1,(#4833,#4834),.UNSPECIFIED.,.F.,
  .F.,(2,2),(5.470567052611,5.7646184736),.PIECEWISE_BEZIER_KNOTS.);
#4833 = CARTESIAN_POINT('',(-25.42597485145,45.114180701233));
#4834 = CARTESIAN_POINT('',(-25.70736451697,45.028822079395));
#4835 = ( GEOMETRIC_REPRESENTATION_CONTEXT(2) 
PARAMETRIC_REPRESENTATION_CONTEXT() REPRESENTATION_CONTEXT('2D SPACE',''
  ) );
#4836 = PCURVE('',#4837,#4842);
#4837 = PLANE('',#4838);
#4838 = AXIS2_PLACEMENT_3D('',#4839,#4840,#4841);
#4839 = CARTESIAN_POINT('',(-24.70736451697,45.028822079395,-1.));
#4840 = DIRECTION('',(-0.290284677254,0.956940335732,0.));
#4841 = DIRECTION('',(0.956940335732,0.290284677254,0.));
#4842 = DEFINITIONAL_REPRESENTATION('',(#4843),#4846);
#4843 = B_SPLINE_CURVE_WITH_KNOTS('',1,(#4844,#4845),.UNSPECIFIED.,.F.,
  .F.,(2,2),(5.470567052611,5.7646184736),.PIECEWISE_BEZIER_KNOTS.);
#4844 = CARTESIAN_POINT('',(0.294051420989,-1.));
#4845 = CARTESIAN_POINT('',(0.,-1.));
#4846 = ( GEOMETRIC_REPRESENTATION_CONTEXT(2) 
PARAMETRIC_REPRESENTATION_CONTEXT() REPRESENTATION_CONTEXT('2D SPACE',''
  ) );
#4847 = ORIENTED_EDGE('',*,*,#4848,.T.);
#4848 = EDGE_CURVE('',#4823,#4849,#4851,.T.);
#4849 = VERTEX_POINT('',#4850);
#4850 = CARTESIAN_POINT('',(-25.,45.,0.));
#4851 = SURFACE_CURVE('',#4852,(#4856,#4862),.PCURVE_S1.);
#4852 = LINE('',#4853,#4854);
#4853 = CARTESIAN_POINT('',(-14.31966180006,46.051921497641,0.));
#4854 = VECTOR('',#4855,1.);
#4855 = DIRECTION('',(-0.995184726672,-9.801714032956E-02,0.));
#4856 = PCURVE('',#694,#4857);
#4857 = DEFINITIONAL_REPRESENTATION('',(#4858),#4861);
#4858 = B_SPLINE_CURVE_WITH_KNOTS('',1,(#4859,#4860),.UNSPECIFIED.,.F.,
  .F.,(2,2),(10.437964368335,10.732015789323),.PIECEWISE_BEZIER_KNOTS.);
#4859 = CARTESIAN_POINT('',(-25.70736451697,45.028822079395));
#4860 = CARTESIAN_POINT('',(-26.,45.));
#4861 = ( GEOMETRIC_REPRESENTATION_CONTEXT(2) 
PARAMETRIC_REPRESENTATION_CONTEXT() REPRESENTATION_CONTEXT('2D SPACE',''
  ) );
#4862 = PCURVE('',#4863,#4868);
#4863 = PLANE('',#4864);
#4864 = AXIS2_PLACEMENT_3D('',#4865,#4866,#4867);
#4865 = CARTESIAN_POINT('',(-25.,45.,-1.));
#4866 = DIRECTION('',(-9.801714032956E-02,0.995184726672,0.));
#4867 = DIRECTION('',(0.995184726672,9.801714032956E-02,0.));
#4868 = DEFINITIONAL_REPRESENTATION('',(#4869),#4872);
#4869 = B_SPLINE_CURVE_WITH_KNOTS('',1,(#4870,#4871),.UNSPECIFIED.,.F.,
  .F.,(2,2),(10.437964368335,10.732015789323),.PIECEWISE_BEZIER_KNOTS.);
#4870 = CARTESIAN_POINT('',(0.294051420989,-1.));
#4871 = CARTESIAN_POINT('',(0.,-1.));
#4872 = ( GEOMETRIC_REPRESENTATION_CONTEXT(2) 
PARAMETRIC_REPRESENTATION_CONTEXT() REPRESENTATION_CONTEXT('2D SPACE',''
  ) );
#4873 = ORIENTED_EDGE('',*,*,#4874,.T.);
#4874 = EDGE_CURVE('',#4849,#4875,#4877,.T.);
#4875 = VERTEX_POINT('',#4876);
#4876 = CARTESIAN_POINT('',(-34.,45.,0.));
#4877 = SURFACE_CURVE('',#4878,(#4882,#4888),.PCURVE_S1.);
#4878 = LINE('',#4879,#4880);
#4879 = CARTESIAN_POINT('',(-16.5,45.,0.));
#4880 = VECTOR('',#4881,1.);
#4881 = DIRECTION('',(-1.,0.,0.));
#4882 = PCURVE('',#694,#4883);
#4883 = DEFINITIONAL_REPRESENTATION('',(#4884),#4887);
#4884 = B_SPLINE_CURVE_WITH_KNOTS('',1,(#4885,#4886),.UNSPECIFIED.,.F.,
  .F.,(2,2),(8.5,17.5),.PIECEWISE_BEZIER_KNOTS.);
#4885 = CARTESIAN_POINT('',(-26.,45.));
#4886 = CARTESIAN_POINT('',(-35.,45.));
#4887 = ( GEOMETRIC_REPRESENTATION_CONTEXT(2) 
PARAMETRIC_REPRESENTATION_CONTEXT() REPRESENTATION_CONTEXT('2D SPACE',''
  ) );
#4888 = PCURVE('',#4889,#4894);
#4889 = PLANE('',#4890);
#4890 = AXIS2_PLACEMENT_3D('',#4891,#4892,#4893);
#4891 = CARTESIAN_POINT('',(-34.,45.,-1.));
#4892 = DIRECTION('',(0.,1.,0.));
#4893 = DIRECTION('',(1.,0.,0.));
#4894 = DEFINITIONAL_REPRESENTATION('',(#4895),#4898);
#4895 = B_SPLINE_CURVE_WITH_KNOTS('',1,(#4896,#4897),.UNSPECIFIED.,.F.,
  .F.,(2,2),(8.5,17.5),.PIECEWISE_BEZIER_KNOTS.);
#4896 = CARTESIAN_POINT('',(9.,-1.));
#4897 = CARTESIAN_POINT('',(0.,-1.));
#4898 = ( GEOMETRIC_REPRESENTATION_CONTEXT(2) 
PARAMETRIC_REPRESENTATION_CONTEXT() REPRESENTATION_CONTEXT('2D SPACE',''
  ) );
#4899 = ORIENTED_EDGE('',*,*,#4900,.T.);
#4900 = EDGE_CURVE('',#4875,#4901,#4903,.T.);
#4901 = VERTEX_POINT('',#4902);
#4902 = CARTESIAN_POINT('',(-34.29263548302,45.028822079395,0.));
#4903 = SURFACE_CURVE('',#4904,(#4908,#4914),.PCURVE_S1.);
#4904 = LINE('',#4905,#4906);
#4905 = CARTESIAN_POINT('',(-14.6196804153,43.091205126593,0.));
#4906 = VECTOR('',#4907,1.);
#4907 = DIRECTION('',(-0.995184726672,9.801714032956E-02,0.));
#4908 = PCURVE('',#694,#4909);
#4909 = DEFINITIONAL_REPRESENTATION('',(#4910),#4913);
#4910 = B_SPLINE_CURVE_WITH_KNOTS('',1,(#4911,#4912),.UNSPECIFIED.,.F.,
  .F.,(2,2),(19.474092663684,19.768144084673),.PIECEWISE_BEZIER_KNOTS.);
#4911 = CARTESIAN_POINT('',(-35.,45.));
#4912 = CARTESIAN_POINT('',(-35.29263548302,45.028822079395));
#4913 = ( GEOMETRIC_REPRESENTATION_CONTEXT(2) 
PARAMETRIC_REPRESENTATION_CONTEXT() REPRESENTATION_CONTEXT('2D SPACE',''
  ) );
#4914 = PCURVE('',#4915,#4920);
#4915 = PLANE('',#4916);
#4916 = AXIS2_PLACEMENT_3D('',#4917,#4918,#4919);
#4917 = CARTESIAN_POINT('',(-34.29263548302,45.028822079395,-1.));
#4918 = DIRECTION('',(9.801714032956E-02,0.995184726672,-0.));
#4919 = DIRECTION('',(0.995184726672,-9.801714032956E-02,0.));
#4920 = DEFINITIONAL_REPRESENTATION('',(#4921),#4924);
#4921 = B_SPLINE_CURVE_WITH_KNOTS('',1,(#4922,#4923),.UNSPECIFIED.,.F.,
  .F.,(2,2),(19.474092663684,19.768144084673),.PIECEWISE_BEZIER_KNOTS.);
#4922 = CARTESIAN_POINT('',(0.294051420989,-1.));
#4923 = CARTESIAN_POINT('',(0.,-1.));
#4924 = ( GEOMETRIC_REPRESENTATION_CONTEXT(2) 
PARAMETRIC_REPRESENTATION_CONTEXT() REPRESENTATION_CONTEXT('2D SPACE',''
  ) );
#4925 = ORIENTED_EDGE('',*,*,#4926,.T.);
#4926 = EDGE_CURVE('',#4901,#4927,#4929,.T.);
#4927 = VERTEX_POINT('',#4928);
#4928 = CARTESIAN_POINT('',(-34.57402514854,45.114180701233,0.));
#4929 = SURFACE_CURVE('',#4930,(#4934,#4940),.PCURVE_S1.);
#4930 = LINE('',#4931,#4932);
#4931 = CARTESIAN_POINT('',(-12.01981466566,38.272435749869,0.));
#4932 = VECTOR('',#4933,1.);
#4933 = DIRECTION('',(-0.956940335732,0.290284677254,0.));
#4934 = PCURVE('',#694,#4935);
#4935 = DEFINITIONAL_REPRESENTATION('',(#4936),#4939);
#4936 = B_SPLINE_CURVE_WITH_KNOTS('',1,(#4937,#4938),.UNSPECIFIED.,.F.,
  .F.,(2,2),(23.275036055738,23.569087476727),.PIECEWISE_BEZIER_KNOTS.);
#4937 = CARTESIAN_POINT('',(-35.29263548302,45.028822079395));
#4938 = CARTESIAN_POINT('',(-35.57402514854,45.114180701233));
#4939 = ( GEOMETRIC_REPRESENTATION_CONTEXT(2) 
PARAMETRIC_REPRESENTATION_CONTEXT() REPRESENTATION_CONTEXT('2D SPACE',''
  ) );
#4940 = PCURVE('',#4941,#4946);
#4941 = PLANE('',#4942);
#4942 = AXIS2_PLACEMENT_3D('',#4943,#4944,#4945);
#4943 = CARTESIAN_POINT('',(-34.57402514854,45.114180701233,-1.));
#4944 = DIRECTION('',(0.290284677254,0.956940335732,-0.));
#4945 = DIRECTION('',(0.956940335732,-0.290284677254,0.));
#4946 = DEFINITIONAL_REPRESENTATION('',(#4947),#4950);
#4947 = B_SPLINE_CURVE_WITH_KNOTS('',1,(#4948,#4949),.UNSPECIFIED.,.F.,
  .F.,(2,2),(23.275036055738,23.569087476727),.PIECEWISE_BEZIER_KNOTS.);
#4948 = CARTESIAN_POINT('',(0.294051420989,-1.));
#4949 = CARTESIAN_POINT('',(0.,-1.));
#4950 = ( GEOMETRIC_REPRESENTATION_CONTEXT(2) 
PARAMETRIC_REPRESENTATION_CONTEXT() REPRESENTATION_CONTEXT('2D SPACE',''
  ) );
#4951 = ORIENTED_EDGE('',*,*,#4952,.T.);
#4952 = EDGE_CURVE('',#4927,#4953,#4955,.T.);
#4953 = VERTEX_POINT('',#4954);
#4954 = CARTESIAN_POINT('',(-34.83335534952,45.252795581546,0.));
#4955 = SURFACE_CURVE('',#4956,(#4960,#4966),.PCURVE_S1.);
#4956 = LINE('',#4957,#4958);
#4957 = CARTESIAN_POINT('',(-11.49144901734,32.776286712674,
    1.110223024625E-16));
#4958 = VECTOR('',#4959,1.);
#4959 = DIRECTION('',(-0.881921264348,0.471396736826,0.));
#4960 = PCURVE('',#694,#4961);
#4961 = DEFINITIONAL_REPRESENTATION('',(#4962),#4965);
#4962 = B_SPLINE_CURVE_WITH_KNOTS('',1,(#4963,#4964),.UNSPECIFIED.,.F.,
  .F.,(2,2),(26.173057691559,26.467109112548),.PIECEWISE_BEZIER_KNOTS.);
#4963 = CARTESIAN_POINT('',(-35.57402514854,45.114180701233));
#4964 = CARTESIAN_POINT('',(-35.83335534952,45.252795581546));
#4965 = ( GEOMETRIC_REPRESENTATION_CONTEXT(2) 
PARAMETRIC_REPRESENTATION_CONTEXT() REPRESENTATION_CONTEXT('2D SPACE',''
  ) );
#4966 = PCURVE('',#4967,#4972);
#4967 = PLANE('',#4968);
#4968 = AXIS2_PLACEMENT_3D('',#4969,#4970,#4971);
#4969 = CARTESIAN_POINT('',(-34.83335534952,45.252795581546,-1.));
#4970 = DIRECTION('',(0.471396736826,0.881921264348,-0.));
#4971 = DIRECTION('',(0.881921264348,-0.471396736826,0.));
#4972 = DEFINITIONAL_REPRESENTATION('',(#4973),#4976);
#4973 = B_SPLINE_CURVE_WITH_KNOTS('',1,(#4974,#4975),.UNSPECIFIED.,.F.,
  .F.,(2,2),(26.173057691559,26.467109112548),.PIECEWISE_BEZIER_KNOTS.);
#4974 = CARTESIAN_POINT('',(0.294051420989,-1.));
#4975 = CARTESIAN_POINT('',(0.,-1.));
#4976 = ( GEOMETRIC_REPRESENTATION_CONTEXT(2) 
PARAMETRIC_REPRESENTATION_CONTEXT() REPRESENTATION_CONTEXT('2D SPACE',''
  ) );
#4977 = ORIENTED_EDGE('',*,*,#4978,.T.);
#4978 = EDGE_CURVE('',#4953,#4979,#4981,.T.);
#4979 = VERTEX_POINT('',#4980);
#4980 = CARTESIAN_POINT('',(-35.06066017178,45.43933982822,0.));
#4981 = SURFACE_CURVE('',#4982,(#4986,#4992),.PCURVE_S1.);
#4982 = LINE('',#4983,#4984);
#4983 = CARTESIAN_POINT('',(-13.14516476388,27.453757556461,0.));
#4984 = VECTOR('',#4985,1.);
#4985 = DIRECTION('',(-0.773010453363,0.634393284164,0.));
#4986 = PCURVE('',#694,#4987);
#4987 = DEFINITIONAL_REPRESENTATION('',(#4988),#4991);
#4988 = B_SPLINE_CURVE_WITH_KNOTS('',1,(#4989,#4990),.UNSPECIFIED.,.F.,
  .F.,(2,2),(28.056788224911,28.3508396459),.PIECEWISE_BEZIER_KNOTS.);
#4989 = CARTESIAN_POINT('',(-35.83335534952,45.252795581546));
#4990 = CARTESIAN_POINT('',(-36.06066017178,45.43933982822));
#4991 = ( GEOMETRIC_REPRESENTATION_CONTEXT(2) 
PARAMETRIC_REPRESENTATION_CONTEXT() REPRESENTATION_CONTEXT('2D SPACE',''
  ) );
#4992 = PCURVE('',#4993,#4998);
#4993 = PLANE('',#4994);
#4994 = AXIS2_PLACEMENT_3D('',#4995,#4996,#4997);
#4995 = CARTESIAN_POINT('',(-35.06066017178,45.43933982822,-1.));
#4996 = DIRECTION('',(0.634393284164,0.773010453363,-0.));
#4997 = DIRECTION('',(0.773010453363,-0.634393284164,0.));
#4998 = DEFINITIONAL_REPRESENTATION('',(#4999),#5002);
#4999 = B_SPLINE_CURVE_WITH_KNOTS('',1,(#5000,#5001),.UNSPECIFIED.,.F.,
  .F.,(2,2),(28.056788224911,28.3508396459),.PIECEWISE_BEZIER_KNOTS.);
#5000 = CARTESIAN_POINT('',(0.294051420989,-1.));
#5001 = CARTESIAN_POINT('',(0.,-1.));
#5002 = ( GEOMETRIC_REPRESENTATION_CONTEXT(2) 
PARAMETRIC_REPRESENTATION_CONTEXT() REPRESENTATION_CONTEXT('2D SPACE',''
  ) );
#5003 = ORIENTED_EDGE('',*,*,#5004,.T.);
#5004 = EDGE_CURVE('',#4979,#5005,#5007,.T.);
#5005 = VERTEX_POINT('',#5006);
#5006 = CARTESIAN_POINT('',(-35.24720441845,45.666644650471,0.));
#5007 = SURFACE_CURVE('',#5008,(#5012,#5018),.PCURVE_S1.);
#5008 = LINE('',#5009,#5010);
#5009 = CARTESIAN_POINT('',(-16.75597978973,23.135022247942,0.));
#5010 = VECTOR('',#5011,1.);
#5011 = DIRECTION('',(-0.634393284164,0.773010453363,0.));
#5012 = PCURVE('',#694,#5013);
#5013 = DEFINITIONAL_REPRESENTATION('',(#5014),#5017);
#5014 = B_SPLINE_CURVE_WITH_KNOTS('',1,(#5015,#5016),.UNSPECIFIED.,.F.,
  .F.,(2,2),(28.853836947806,29.147888368795),.PIECEWISE_BEZIER_KNOTS.);
#5015 = CARTESIAN_POINT('',(-36.06066017178,45.43933982822));
#5016 = CARTESIAN_POINT('',(-36.24720441845,45.666644650471));
#5017 = ( GEOMETRIC_REPRESENTATION_CONTEXT(2) 
PARAMETRIC_REPRESENTATION_CONTEXT() REPRESENTATION_CONTEXT('2D SPACE',''
  ) );
#5018 = PCURVE('',#5019,#5024);
#5019 = PLANE('',#5020);
#5020 = AXIS2_PLACEMENT_3D('',#5021,#5022,#5023);
#5021 = CARTESIAN_POINT('',(-35.24720441845,45.666644650471,-1.));
#5022 = DIRECTION('',(0.773010453363,0.634393284164,-0.));
#5023 = DIRECTION('',(0.634393284164,-0.773010453363,0.));
#5024 = DEFINITIONAL_REPRESENTATION('',(#5025),#5028);
#5025 = B_SPLINE_CURVE_WITH_KNOTS('',1,(#5026,#5027),.UNSPECIFIED.,.F.,
  .F.,(2,2),(28.853836947806,29.147888368795),.PIECEWISE_BEZIER_KNOTS.);
#5026 = CARTESIAN_POINT('',(0.294051420989,-1.));
#5027 = CARTESIAN_POINT('',(0.,-1.));
#5028 = ( GEOMETRIC_REPRESENTATION_CONTEXT(2) 
PARAMETRIC_REPRESENTATION_CONTEXT() REPRESENTATION_CONTEXT('2D SPACE',''
  ) );
#5029 = ORIENTED_EDGE('',*,*,#5030,.T.);
#5030 = EDGE_CURVE('',#5005,#5031,#5033,.T.);
#5031 = VERTEX_POINT('',#5032);
#5032 = CARTESIAN_POINT('',(-35.38581929876,45.925974851452,0.));
#5033 = SURFACE_CURVE('',#5034,(#5038,#5044),.PCURVE_S1.);
#5034 = LINE('',#5035,#5036);
#5035 = CARTESIAN_POINT('',(-21.79657087459,20.502279234707,
    1.110223024625E-16));
#5036 = VECTOR('',#5037,1.);
#5037 = DIRECTION('',(-0.471396736826,0.881921264348,0.));
#5038 = PCURVE('',#694,#5039);
#5039 = DEFINITIONAL_REPRESENTATION('',(#5040),#5043);
#5040 = B_SPLINE_CURVE_WITH_KNOTS('',1,(#5041,#5042),.UNSPECIFIED.,.F.,
  .F.,(2,2),(28.533573724813,28.827625145801),.PIECEWISE_BEZIER_KNOTS.);
#5041 = CARTESIAN_POINT('',(-36.24720441845,45.666644650471));
#5042 = CARTESIAN_POINT('',(-36.38581929876,45.925974851452));
#5043 = ( GEOMETRIC_REPRESENTATION_CONTEXT(2) 
PARAMETRIC_REPRESENTATION_CONTEXT() REPRESENTATION_CONTEXT('2D SPACE',''
  ) );
#5044 = PCURVE('',#5045,#5050);
#5045 = PLANE('',#5046);
#5046 = AXIS2_PLACEMENT_3D('',#5047,#5048,#5049);
#5047 = CARTESIAN_POINT('',(-35.38581929876,45.925974851452,-1.));
#5048 = DIRECTION('',(0.881921264348,0.471396736826,-0.));
#5049 = DIRECTION('',(0.471396736826,-0.881921264348,0.));
#5050 = DEFINITIONAL_REPRESENTATION('',(#5051),#5054);
#5051 = B_SPLINE_CURVE_WITH_KNOTS('',1,(#5052,#5053),.UNSPECIFIED.,.F.,
  .F.,(2,2),(28.533573724813,28.827625145801),.PIECEWISE_BEZIER_KNOTS.);
#5052 = CARTESIAN_POINT('',(0.294051420989,-1.));
#5053 = CARTESIAN_POINT('',(0.,-1.));
#5054 = ( GEOMETRIC_REPRESENTATION_CONTEXT(2) 
PARAMETRIC_REPRESENTATION_CONTEXT() REPRESENTATION_CONTEXT('2D SPACE',''
  ) );
#5055 = ORIENTED_EDGE('',*,*,#5056,.T.);
#5056 = EDGE_CURVE('',#5031,#5057,#5059,.T.);
#5057 = VERTEX_POINT('',#5058);
#5058 = CARTESIAN_POINT('',(-35.4711779206,46.207364516976,0.));
#5059 = SURFACE_CURVE('',#5060,(#5064,#5070),.PCURVE_S1.);
#5060 = LINE('',#5061,#5062);
#5061 = CARTESIAN_POINT('',(-27.51669341394,19.984943318656,0.));
#5062 = VECTOR('',#5063,1.);
#5063 = DIRECTION('',(-0.290284677254,0.956940335732,0.));
#5064 = PCURVE('',#694,#5065);
#5065 = DEFINITIONAL_REPRESENTATION('',(#5066),#5069);
#5066 = B_SPLINE_CURVE_WITH_KNOTS('',1,(#5067,#5068),.UNSPECIFIED.,.F.,
  .F.,(2,2),(27.108306091985,27.402357512974),.PIECEWISE_BEZIER_KNOTS.);
#5067 = CARTESIAN_POINT('',(-36.38581929876,45.925974851452));
#5068 = CARTESIAN_POINT('',(-36.4711779206,46.207364516976));
#5069 = ( GEOMETRIC_REPRESENTATION_CONTEXT(2) 
PARAMETRIC_REPRESENTATION_CONTEXT() REPRESENTATION_CONTEXT('2D SPACE',''
  ) );
#5070 = PCURVE('',#5071,#5076);
#5071 = PLANE('',#5072);
#5072 = AXIS2_PLACEMENT_3D('',#5073,#5074,#5075);
#5073 = CARTESIAN_POINT('',(-35.4711779206,46.207364516976,-1.));
#5074 = DIRECTION('',(0.956940335732,0.290284677254,-0.));
#5075 = DIRECTION('',(0.290284677254,-0.956940335732,0.));
#5076 = DEFINITIONAL_REPRESENTATION('',(#5077),#5080);
#5077 = B_SPLINE_CURVE_WITH_KNOTS('',1,(#5078,#5079),.UNSPECIFIED.,.F.,
  .F.,(2,2),(27.108306091985,27.402357512974),.PIECEWISE_BEZIER_KNOTS.);
#5078 = CARTESIAN_POINT('',(0.294051420989,-1.));
#5079 = CARTESIAN_POINT('',(0.,-1.));
#5080 = ( GEOMETRIC_REPRESENTATION_CONTEXT(2) 
PARAMETRIC_REPRESENTATION_CONTEXT() REPRESENTATION_CONTEXT('2D SPACE',''
  ) );
#5081 = ORIENTED_EDGE('',*,*,#5082,.T.);
#5082 = EDGE_CURVE('',#5057,#5083,#5085,.T.);
#5083 = VERTEX_POINT('',#5084);
#5084 = CARTESIAN_POINT('',(-35.5,46.5,0.));
#5085 = SURFACE_CURVE('',#5086,(#5090,#5096),.PCURVE_S1.);
#5086 = LINE('',#5087,#5088);
#5087 = CARTESIAN_POINT('',(-33.05674069024,21.693171926915,0.));
#5088 = VECTOR('',#5089,1.);
#5089 = DIRECTION('',(-9.801714032956E-02,0.995184726672,0.));
#5090 = PCURVE('',#694,#5091);
#5091 = DEFINITIONAL_REPRESENTATION('',(#5092),#5095);
#5092 = B_SPLINE_CURVE_WITH_KNOTS('',1,(#5093,#5094),.UNSPECIFIED.,.F.,
  .F.,(2,2),(24.632806285154,24.926857706143),.PIECEWISE_BEZIER_KNOTS.);
#5093 = CARTESIAN_POINT('',(-36.4711779206,46.207364516976));
#5094 = CARTESIAN_POINT('',(-36.5,46.5));
#5095 = ( GEOMETRIC_REPRESENTATION_CONTEXT(2) 
PARAMETRIC_REPRESENTATION_CONTEXT() REPRESENTATION_CONTEXT('2D SPACE',''
  ) );
#5096 = PCURVE('',#5097,#5102);
#5097 = PLANE('',#5098);
#5098 = AXIS2_PLACEMENT_3D('',#5099,#5100,#5101);
#5099 = CARTESIAN_POINT('',(-35.5,46.5,-1.));
#5100 = DIRECTION('',(0.995184726672,9.801714032956E-02,-0.));
#5101 = DIRECTION('',(9.801714032956E-02,-0.995184726672,0.));
#5102 = DEFINITIONAL_REPRESENTATION('',(#5103),#5106);
#5103 = B_SPLINE_CURVE_WITH_KNOTS('',1,(#5104,#5105),.UNSPECIFIED.,.F.,
  .F.,(2,2),(24.632806285154,24.926857706143),.PIECEWISE_BEZIER_KNOTS.);
#5104 = CARTESIAN_POINT('',(0.294051420989,-1.));
#5105 = CARTESIAN_POINT('',(0.,-1.));
#5106 = ( GEOMETRIC_REPRESENTATION_CONTEXT(2) 
PARAMETRIC_REPRESENTATION_CONTEXT() REPRESENTATION_CONTEXT('2D SPACE',''
  ) );
#5107 = ORIENTED_EDGE('',*,*,#5108,.T.);
#5108 = EDGE_CURVE('',#5083,#5109,#5111,.T.);
#5109 = VERTEX_POINT('',#5110);
#5110 = CARTESIAN_POINT('',(-35.5,48.,0.));
#5111 = SURFACE_CURVE('',#5112,(#5116,#5122),.PCURVE_S1.);
#5112 = LINE('',#5113,#5114);
#5113 = CARTESIAN_POINT('',(-35.5,24.,0.));
#5114 = VECTOR('',#5115,1.);
#5115 = DIRECTION('',(-0.,1.,0.));
#5116 = PCURVE('',#694,#5117);
#5117 = DEFINITIONAL_REPRESENTATION('',(#5118),#5121);
#5118 = B_SPLINE_CURVE_WITH_KNOTS('',1,(#5119,#5120),.UNSPECIFIED.,.F.,
  .F.,(2,2),(22.5,24.),.PIECEWISE_BEZIER_KNOTS.);
#5119 = CARTESIAN_POINT('',(-36.5,46.5));
#5120 = CARTESIAN_POINT('',(-36.5,48.));
#5121 = ( GEOMETRIC_REPRESENTATION_CONTEXT(2) 
PARAMETRIC_REPRESENTATION_CONTEXT() REPRESENTATION_CONTEXT('2D SPACE',''
  ) );
#5122 = PCURVE('',#5123,#5128);
#5123 = PLANE('',#5124);
#5124 = AXIS2_PLACEMENT_3D('',#5125,#5126,#5127);
#5125 = CARTESIAN_POINT('',(-35.5,48.,-1.));
#5126 = DIRECTION('',(1.,0.,-0.));
#5127 = DIRECTION('',(0.,-1.,0.));
#5128 = DEFINITIONAL_REPRESENTATION('',(#5129),#5132);
#5129 = B_SPLINE_CURVE_WITH_KNOTS('',1,(#5130,#5131),.UNSPECIFIED.,.F.,
  .F.,(2,2),(22.5,24.),.PIECEWISE_BEZIER_KNOTS.);
#5130 = CARTESIAN_POINT('',(1.5,-1.));
#5131 = CARTESIAN_POINT('',(0.,-1.));
#5132 = ( GEOMETRIC_REPRESENTATION_CONTEXT(2) 
PARAMETRIC_REPRESENTATION_CONTEXT() REPRESENTATION_CONTEXT('2D SPACE',''
  ) );
#5133 = ORIENTED_EDGE('',*,*,#5134,.T.);
#5134 = EDGE_CURVE('',#5109,#5135,#5137,.T.);
#5135 = VERTEX_POINT('',#5136);
#5136 = CARTESIAN_POINT('',(-35.52882207939,48.292635483024,0.));
#5137 = SURFACE_CURVE('',#5138,(#5142,#5148),.PCURVE_S1.);
#5138 = LINE('',#5139,#5140);
#5139 = CARTESIAN_POINT('',(-32.99799285918,22.596695188276,0.));
#5140 = VECTOR('',#5141,1.);
#5141 = DIRECTION('',(-9.801714032956E-02,0.995184726672,0.));
#5142 = PCURVE('',#694,#5143);
#5143 = DEFINITIONAL_REPRESENTATION('',(#5144),#5147);
#5144 = B_SPLINE_CURVE_WITH_KNOTS('',1,(#5145,#5146),.UNSPECIFIED.,.F.,
  .F.,(2,2),(25.526220540653,25.820271961642),.PIECEWISE_BEZIER_KNOTS.);
#5145 = CARTESIAN_POINT('',(-36.5,48.));
#5146 = CARTESIAN_POINT('',(-36.52882207939,48.292635483024));
#5147 = ( GEOMETRIC_REPRESENTATION_CONTEXT(2) 
PARAMETRIC_REPRESENTATION_CONTEXT() REPRESENTATION_CONTEXT('2D SPACE',''
  ) );
#5148 = PCURVE('',#5149,#5154);
#5149 = PLANE('',#5150);
#5150 = AXIS2_PLACEMENT_3D('',#5151,#5152,#5153);
#5151 = CARTESIAN_POINT('',(-35.52882207939,48.292635483024,-1.));
#5152 = DIRECTION('',(0.995184726672,9.801714032956E-02,-0.));
#5153 = DIRECTION('',(9.801714032956E-02,-0.995184726672,0.));
#5154 = DEFINITIONAL_REPRESENTATION('',(#5155),#5158);
#5155 = B_SPLINE_CURVE_WITH_KNOTS('',1,(#5156,#5157),.UNSPECIFIED.,.F.,
  .F.,(2,2),(25.526220540653,25.820271961642),.PIECEWISE_BEZIER_KNOTS.);
#5156 = CARTESIAN_POINT('',(0.294051420989,-1.));
#5157 = CARTESIAN_POINT('',(0.,-1.));
#5158 = ( GEOMETRIC_REPRESENTATION_CONTEXT(2) 
PARAMETRIC_REPRESENTATION_CONTEXT() REPRESENTATION_CONTEXT('2D SPACE',''
  ) );
#5159 = ORIENTED_EDGE('',*,*,#5160,.T.);
#5160 = EDGE_CURVE('',#5135,#5161,#5163,.T.);
#5161 = VERTEX_POINT('',#5162);
#5162 = CARTESIAN_POINT('',(-35.61418070123,48.574025148548,0.));
#5163 = SURFACE_CURVE('',#5164,(#5168,#5174),.PCURVE_S1.);
#5164 = LINE('',#5165,#5166);
#5165 = CARTESIAN_POINT('',(-27.32495956641,21.24812517085,0.));
#5166 = VECTOR('',#5167,1.);
#5167 = DIRECTION('',(-0.290284677254,0.956940335732,0.));
#5168 = PCURVE('',#694,#5169);
#5169 = DEFINITIONAL_REPRESENTATION('',(#5170),#5173);
#5170 = B_SPLINE_CURVE_WITH_KNOTS('',1,(#5171,#5172),.UNSPECIFIED.,.F.,
  .F.,(2,2),(28.261438359666,28.555489780655),.PIECEWISE_BEZIER_KNOTS.);
#5171 = CARTESIAN_POINT('',(-36.52882207939,48.292635483024));
#5172 = CARTESIAN_POINT('',(-36.61418070123,48.574025148548));
#5173 = ( GEOMETRIC_REPRESENTATION_CONTEXT(2) 
PARAMETRIC_REPRESENTATION_CONTEXT() REPRESENTATION_CONTEXT('2D SPACE',''
  ) );
#5174 = PCURVE('',#5175,#5180);
#5175 = PLANE('',#5176);
#5176 = AXIS2_PLACEMENT_3D('',#5177,#5178,#5179);
#5177 = CARTESIAN_POINT('',(-35.61418070123,48.574025148548,-1.));
#5178 = DIRECTION('',(0.956940335732,0.290284677254,-0.));
#5179 = DIRECTION('',(0.290284677254,-0.956940335732,0.));
#5180 = DEFINITIONAL_REPRESENTATION('',(#5181),#5184);
#5181 = B_SPLINE_CURVE_WITH_KNOTS('',1,(#5182,#5183),.UNSPECIFIED.,.F.,
  .F.,(2,2),(28.261438359666,28.555489780655),.PIECEWISE_BEZIER_KNOTS.);
#5182 = CARTESIAN_POINT('',(0.294051420989,-1.));
#5183 = CARTESIAN_POINT('',(0.,-1.));
#5184 = ( GEOMETRIC_REPRESENTATION_CONTEXT(2) 
PARAMETRIC_REPRESENTATION_CONTEXT() REPRESENTATION_CONTEXT('2D SPACE',''
  ) );
#5185 = ORIENTED_EDGE('',*,*,#5186,.T.);
#5186 = EDGE_CURVE('',#5161,#5187,#5189,.T.);
#5187 = VERTEX_POINT('',#5188);
#5188 = CARTESIAN_POINT('',(-35.75279558154,48.833355349529,0.));
#5189 = SURFACE_CURVE('',#5190,(#5194,#5200),.PCURVE_S1.);
#5190 = LINE('',#5191,#5192);
#5191 = CARTESIAN_POINT('',(-21.51842372752,22.202718686175,
    1.110223024625E-16));
#5192 = VECTOR('',#5193,1.);
#5193 = DIRECTION('',(-0.471396736826,0.881921264348,0.));
#5194 = PCURVE('',#694,#5195);
#5195 = DEFINITIONAL_REPRESENTATION('',(#5196),#5199);
#5196 = B_SPLINE_CURVE_WITH_KNOTS('',1,(#5197,#5198),.UNSPECIFIED.,.F.,
  .F.,(2,2),(29.902109778313,30.196161199302),.PIECEWISE_BEZIER_KNOTS.);
#5197 = CARTESIAN_POINT('',(-36.61418070123,48.574025148548));
#5198 = CARTESIAN_POINT('',(-36.75279558154,48.833355349529));
#5199 = ( GEOMETRIC_REPRESENTATION_CONTEXT(2) 
PARAMETRIC_REPRESENTATION_CONTEXT() REPRESENTATION_CONTEXT('2D SPACE',''
  ) );
#5200 = PCURVE('',#5201,#5206);
#5201 = PLANE('',#5202);
#5202 = AXIS2_PLACEMENT_3D('',#5203,#5204,#5205);
#5203 = CARTESIAN_POINT('',(-35.75279558154,48.833355349529,-1.));
#5204 = DIRECTION('',(0.881921264348,0.471396736826,-0.));
#5205 = DIRECTION('',(0.471396736826,-0.881921264348,0.));
#5206 = DEFINITIONAL_REPRESENTATION('',(#5207),#5210);
#5207 = B_SPLINE_CURVE_WITH_KNOTS('',1,(#5208,#5209),.UNSPECIFIED.,.F.,
  .F.,(2,2),(29.902109778313,30.196161199302),.PIECEWISE_BEZIER_KNOTS.);
#5208 = CARTESIAN_POINT('',(0.294051420989,-1.));
#5209 = CARTESIAN_POINT('',(0.,-1.));
#5210 = ( GEOMETRIC_REPRESENTATION_CONTEXT(2) 
PARAMETRIC_REPRESENTATION_CONTEXT() REPRESENTATION_CONTEXT('2D SPACE',''
  ) );
#5211 = ORIENTED_EDGE('',*,*,#5212,.T.);
#5212 = EDGE_CURVE('',#5187,#5213,#5215,.T.);
#5213 = VERTEX_POINT('',#5214);
#5214 = CARTESIAN_POINT('',(-35.93933982822,49.06066017178,0.));
#5215 = SURFACE_CURVE('',#5216,(#5220,#5226),.PCURVE_S1.);
#5216 = LINE('',#5217,#5218);
#5217 = CARTESIAN_POINT('',(-16.47663846086,25.345289938193,0.));
#5218 = VECTOR('',#5219,1.);
#5219 = DIRECTION('',(-0.634393284164,0.773010453363,0.));
#5220 = PCURVE('',#694,#5221);
#5221 = DEFINITIONAL_REPRESENTATION('',(#5222),#5225);
#5222 = B_SPLINE_CURVE_WITH_KNOTS('',1,(#5223,#5224),.UNSPECIFIED.,.F.,
  .F.,(2,2),(30.385184714073,30.679236135062),.PIECEWISE_BEZIER_KNOTS.);
#5223 = CARTESIAN_POINT('',(-36.75279558154,48.833355349529));
#5224 = CARTESIAN_POINT('',(-36.93933982822,49.06066017178));
#5225 = ( GEOMETRIC_REPRESENTATION_CONTEXT(2) 
PARAMETRIC_REPRESENTATION_CONTEXT() REPRESENTATION_CONTEXT('2D SPACE',''
  ) );
#5226 = PCURVE('',#5227,#5232);
#5227 = PLANE('',#5228);
#5228 = AXIS2_PLACEMENT_3D('',#5229,#5230,#5231);
#5229 = CARTESIAN_POINT('',(-35.93933982822,49.06066017178,-1.));
#5230 = DIRECTION('',(0.773010453363,0.634393284164,-0.));
#5231 = DIRECTION('',(0.634393284164,-0.773010453363,0.));
#5232 = DEFINITIONAL_REPRESENTATION('',(#5233),#5236);
#5233 = B_SPLINE_CURVE_WITH_KNOTS('',1,(#5234,#5235),.UNSPECIFIED.,.F.,
  .F.,(2,2),(30.385184714073,30.679236135062),.PIECEWISE_BEZIER_KNOTS.);
#5234 = CARTESIAN_POINT('',(0.294051420989,-1.));
#5235 = CARTESIAN_POINT('',(0.,-1.));
#5236 = ( GEOMETRIC_REPRESENTATION_CONTEXT(2) 
PARAMETRIC_REPRESENTATION_CONTEXT() REPRESENTATION_CONTEXT('2D SPACE',''
  ) );
#5237 = ORIENTED_EDGE('',*,*,#5238,.T.);
#5238 = EDGE_CURVE('',#5213,#5239,#5241,.T.);
#5239 = VERTEX_POINT('',#5240);
#5240 = CARTESIAN_POINT('',(-36.16664465047,49.247204418454,0.));
#5241 = SURFACE_CURVE('',#5242,(#5246,#5252),.PCURVE_S1.);
#5242 = LINE('',#5243,#5244);
#5243 = CARTESIAN_POINT('',(-12.98703702091,30.224192057148,0.));
#5244 = VECTOR('',#5245,1.);
#5245 = DIRECTION('',(-0.773010453363,0.634393284164,0.));
#5246 = PCURVE('',#694,#5247);
#5247 = DEFINITIONAL_REPRESENTATION('',(#5248),#5251);
#5248 = B_SPLINE_CURVE_WITH_KNOTS('',1,(#5249,#5250),.UNSPECIFIED.,.F.,
  .F.,(2,2),(29.692098868078,29.986150289067),.PIECEWISE_BEZIER_KNOTS.);
#5249 = CARTESIAN_POINT('',(-36.93933982822,49.06066017178));
#5250 = CARTESIAN_POINT('',(-37.16664465047,49.247204418454));
#5251 = ( GEOMETRIC_REPRESENTATION_CONTEXT(2) 
PARAMETRIC_REPRESENTATION_CONTEXT() REPRESENTATION_CONTEXT('2D SPACE',''
  ) );
#5252 = PCURVE('',#5253,#5258);
#5253 = PLANE('',#5254);
#5254 = AXIS2_PLACEMENT_3D('',#5255,#5256,#5257);
#5255 = CARTESIAN_POINT('',(-36.16664465047,49.247204418454,-1.));
#5256 = DIRECTION('',(0.634393284164,0.773010453363,-0.));
#5257 = DIRECTION('',(0.773010453363,-0.634393284164,0.));
#5258 = DEFINITIONAL_REPRESENTATION('',(#5259),#5262);
#5259 = B_SPLINE_CURVE_WITH_KNOTS('',1,(#5260,#5261),.UNSPECIFIED.,.F.,
  .F.,(2,2),(29.692098868078,29.986150289067),.PIECEWISE_BEZIER_KNOTS.);
#5260 = CARTESIAN_POINT('',(0.294051420989,-1.));
#5261 = CARTESIAN_POINT('',(0.,-1.));
#5262 = ( GEOMETRIC_REPRESENTATION_CONTEXT(2) 
PARAMETRIC_REPRESENTATION_CONTEXT() REPRESENTATION_CONTEXT('2D SPACE',''
  ) );
#5263 = ORIENTED_EDGE('',*,*,#5264,.T.);
#5264 = EDGE_CURVE('',#5239,#5265,#5267,.T.);
#5265 = VERTEX_POINT('',#5266);
#5266 = CARTESIAN_POINT('',(-36.42597485145,49.385819298767,0.));
#5267 = SURFACE_CURVE('',#5268,(#5272,#5278),.PCURVE_S1.);
#5268 = LINE('',#5269,#5270);
#5269 = CARTESIAN_POINT('',(-11.60558973989,36.11904705805,
    1.110223024625E-16));
#5270 = VECTOR('',#5271,1.);
#5271 = DIRECTION('',(-0.881921264348,0.471396736826,0.));
#5272 = PCURVE('',#694,#5273);
#5273 = DEFINITIONAL_REPRESENTATION('',(#5274),#5277);
#5274 = B_SPLINE_CURVE_WITH_KNOTS('',1,(#5275,#5276),.UNSPECIFIED.,.F.,
  .F.,(2,2),(27.849487140701,28.14353856169),.PIECEWISE_BEZIER_KNOTS.);
#5275 = CARTESIAN_POINT('',(-37.16664465047,49.247204418454));
#5276 = CARTESIAN_POINT('',(-37.42597485145,49.385819298767));
#5277 = ( GEOMETRIC_REPRESENTATION_CONTEXT(2) 
PARAMETRIC_REPRESENTATION_CONTEXT() REPRESENTATION_CONTEXT('2D SPACE',''
  ) );
#5278 = PCURVE('',#5279,#5284);
#5279 = PLANE('',#5280);
#5280 = AXIS2_PLACEMENT_3D('',#5281,#5282,#5283);
#5281 = CARTESIAN_POINT('',(-36.42597485145,49.385819298767,-1.));
#5282 = DIRECTION('',(0.471396736826,0.881921264348,-0.));
#5283 = DIRECTION('',(0.881921264348,-0.471396736826,0.));
#5284 = DEFINITIONAL_REPRESENTATION('',(#5285),#5288);
#5285 = B_SPLINE_CURVE_WITH_KNOTS('',1,(#5286,#5287),.UNSPECIFIED.,.F.,
  .F.,(2,2),(27.849487140701,28.14353856169),.PIECEWISE_BEZIER_KNOTS.);
#5286 = CARTESIAN_POINT('',(0.294051420989,-1.));
#5287 = CARTESIAN_POINT('',(0.,-1.));
#5288 = ( GEOMETRIC_REPRESENTATION_CONTEXT(2) 
PARAMETRIC_REPRESENTATION_CONTEXT() REPRESENTATION_CONTEXT('2D SPACE',''
  ) );
#5289 = ORIENTED_EDGE('',*,*,#5290,.T.);
#5290 = EDGE_CURVE('',#5265,#5291,#5293,.T.);
#5291 = VERTEX_POINT('',#5292);
#5292 = CARTESIAN_POINT('',(-36.70736451697,49.471177920605,0.));
#5293 = SURFACE_CURVE('',#5294,(#5298,#5304),.PCURVE_S1.);
#5294 = LINE('',#5295,#5296);
#5295 = CARTESIAN_POINT('',(-12.57121298748,42.14955639909,0.));
#5296 = VECTOR('',#5297,1.);
#5297 = DIRECTION('',(-0.956940335732,0.290284677254,0.));
#5298 = PCURVE('',#694,#5299);
#5299 = DEFINITIONAL_REPRESENTATION('',(#5300),#5303);
#5300 = B_SPLINE_CURVE_WITH_KNOTS('',1,(#5301,#5302),.UNSPECIFIED.,.F.,
  .F.,(2,2),(24.928160067277,25.222211488266),.PIECEWISE_BEZIER_KNOTS.);
#5301 = CARTESIAN_POINT('',(-37.42597485145,49.385819298767));
#5302 = CARTESIAN_POINT('',(-37.70736451697,49.471177920605));
#5303 = ( GEOMETRIC_REPRESENTATION_CONTEXT(2) 
PARAMETRIC_REPRESENTATION_CONTEXT() REPRESENTATION_CONTEXT('2D SPACE',''
  ) );
#5304 = PCURVE('',#5305,#5310);
#5305 = PLANE('',#5306);
#5306 = AXIS2_PLACEMENT_3D('',#5307,#5308,#5309);
#5307 = CARTESIAN_POINT('',(-36.70736451697,49.471177920605,-1.));
#5308 = DIRECTION('',(0.290284677254,0.956940335732,-0.));
#5309 = DIRECTION('',(0.956940335732,-0.290284677254,0.));
#5310 = DEFINITIONAL_REPRESENTATION('',(#5311),#5314);
#5311 = B_SPLINE_CURVE_WITH_KNOTS('',1,(#5312,#5313),.UNSPECIFIED.,.F.,
  .F.,(2,2),(24.928160067277,25.222211488266),.PIECEWISE_BEZIER_KNOTS.);
#5312 = CARTESIAN_POINT('',(0.294051420989,-1.));
#5313 = CARTESIAN_POINT('',(0.,-1.));
#5314 = ( GEOMETRIC_REPRESENTATION_CONTEXT(2) 
PARAMETRIC_REPRESENTATION_CONTEXT() REPRESENTATION_CONTEXT('2D SPACE',''
  ) );
#5315 = ORIENTED_EDGE('',*,*,#5316,.T.);
#5316 = EDGE_CURVE('',#5291,#5317,#5319,.T.);
#5317 = VERTEX_POINT('',#5318);
#5318 = CARTESIAN_POINT('',(-37.,49.5,0.));
#5319 = SURFACE_CURVE('',#5320,(#5324,#5330),.PCURVE_S1.);
#5320 = LINE('',#5321,#5322);
#5321 = CARTESIAN_POINT('',(-15.76829710122,47.408859785837,0.));
#5322 = VECTOR('',#5323,1.);
#5323 = DIRECTION('',(-0.995184726672,9.801714032956E-02,0.));
#5324 = PCURVE('',#694,#5325);
#5325 = DEFINITIONAL_REPRESENTATION('',(#5326),#5329);
#5326 = B_SPLINE_CURVE_WITH_KNOTS('',1,(#5327,#5328),.UNSPECIFIED.,.F.,
  .F.,(2,2),(21.04038260894,21.334434029928),.PIECEWISE_BEZIER_KNOTS.);
#5327 = CARTESIAN_POINT('',(-37.70736451697,49.471177920605));
#5328 = CARTESIAN_POINT('',(-38.,49.5));
#5329 = ( GEOMETRIC_REPRESENTATION_CONTEXT(2) 
PARAMETRIC_REPRESENTATION_CONTEXT() REPRESENTATION_CONTEXT('2D SPACE',''
  ) );
#5330 = PCURVE('',#5331,#5336);
#5331 = PLANE('',#5332);
#5332 = AXIS2_PLACEMENT_3D('',#5333,#5334,#5335);
#5333 = CARTESIAN_POINT('',(-37.,49.5,-1.));
#5334 = DIRECTION('',(9.801714032956E-02,0.995184726672,-0.));
#5335 = DIRECTION('',(0.995184726672,-9.801714032956E-02,0.));
#5336 = DEFINITIONAL_REPRESENTATION('',(#5337),#5340);
#5337 = B_SPLINE_CURVE_WITH_KNOTS('',1,(#5338,#5339),.UNSPECIFIED.,.F.,
  .F.,(2,2),(21.04038260894,21.334434029928),.PIECEWISE_BEZIER_KNOTS.);
#5338 = CARTESIAN_POINT('',(0.294051420989,-1.));
#5339 = CARTESIAN_POINT('',(0.,-1.));
#5340 = ( GEOMETRIC_REPRESENTATION_CONTEXT(2) 
PARAMETRIC_REPRESENTATION_CONTEXT() REPRESENTATION_CONTEXT('2D SPACE',''
  ) );
#5341 = ORIENTED_EDGE('',*,*,#5342,.T.);
#5342 = EDGE_CURVE('',#5317,#5343,#5345,.T.);
#5343 = VERTEX_POINT('',#5344);
#5344 = CARTESIAN_POINT('',(-43.,49.5,0.));
#5345 = SURFACE_CURVE('',#5346,(#5350,#5356),.PCURVE_S1.);
#5346 = LINE('',#5347,#5348);
#5347 = CARTESIAN_POINT('',(-21.,49.5,0.));
#5348 = VECTOR('',#5349,1.);
#5349 = DIRECTION('',(-1.,0.,0.));
#5350 = PCURVE('',#694,#5351);
#5351 = DEFINITIONAL_REPRESENTATION('',(#5352),#5355);
#5352 = B_SPLINE_CURVE_WITH_KNOTS('',1,(#5353,#5354),.UNSPECIFIED.,.F.,
  .F.,(2,2),(16.,22.),.PIECEWISE_BEZIER_KNOTS.);
#5353 = CARTESIAN_POINT('',(-38.,49.5));
#5354 = CARTESIAN_POINT('',(-44.,49.5));
#5355 = ( GEOMETRIC_REPRESENTATION_CONTEXT(2) 
PARAMETRIC_REPRESENTATION_CONTEXT() REPRESENTATION_CONTEXT('2D SPACE',''
  ) );
#5356 = PCURVE('',#5357,#5362);
#5357 = PLANE('',#5358);
#5358 = AXIS2_PLACEMENT_3D('',#5359,#5360,#5361);
#5359 = CARTESIAN_POINT('',(-43.,49.5,-1.));
#5360 = DIRECTION('',(0.,1.,0.));
#5361 = DIRECTION('',(1.,0.,0.));
#5362 = DEFINITIONAL_REPRESENTATION('',(#5363),#5366);
#5363 = B_SPLINE_CURVE_WITH_KNOTS('',1,(#5364,#5365),.UNSPECIFIED.,.F.,
  .F.,(2,2),(16.,22.),.PIECEWISE_BEZIER_KNOTS.);
#5364 = CARTESIAN_POINT('',(6.,-1.));
#5365 = CARTESIAN_POINT('',(0.,-1.));
#5366 = ( GEOMETRIC_REPRESENTATION_CONTEXT(2) 
PARAMETRIC_REPRESENTATION_CONTEXT() REPRESENTATION_CONTEXT('2D SPACE',''
  ) );
#5367 = ORIENTED_EDGE('',*,*,#5368,.T.);
#5368 = EDGE_CURVE('',#5343,#5369,#5371,.T.);
#5369 = VERTEX_POINT('',#5370);
#5370 = CARTESIAN_POINT('',(-43.29263548302,49.528822079395,0.));
#5371 = SURFACE_CURVE('',#5372,(#5376,#5382),.PCURVE_S1.);
#5372 = LINE('',#5373,#5374);
#5373 = CARTESIAN_POINT('',(-18.94343692212,47.13063534251,0.));
#5374 = VECTOR('',#5375,1.);
#5375 = DIRECTION('',(-0.995184726672,9.801714032956E-02,0.));
#5376 = PCURVE('',#694,#5377);
#5377 = DEFINITIONAL_REPRESENTATION('',(#5378),#5381);
#5378 = B_SPLINE_CURVE_WITH_KNOTS('',1,(#5379,#5380),.UNSPECIFIED.,.F.,
  .F.,(2,2),(24.172962499451,24.467013920439),.PIECEWISE_BEZIER_KNOTS.);
#5379 = CARTESIAN_POINT('',(-44.,49.5));
#5380 = CARTESIAN_POINT('',(-44.29263548302,49.528822079395));
#5381 = ( GEOMETRIC_REPRESENTATION_CONTEXT(2) 
PARAMETRIC_REPRESENTATION_CONTEXT() REPRESENTATION_CONTEXT('2D SPACE',''
  ) );
#5382 = PCURVE('',#5383,#5388);
#5383 = PLANE('',#5384);
#5384 = AXIS2_PLACEMENT_3D('',#5385,#5386,#5387);
#5385 = CARTESIAN_POINT('',(-43.29263548302,49.528822079395,-1.));
#5386 = DIRECTION('',(9.801714032956E-02,0.995184726672,-0.));
#5387 = DIRECTION('',(0.995184726672,-9.801714032956E-02,0.));
#5388 = DEFINITIONAL_REPRESENTATION('',(#5389),#5392);
#5389 = B_SPLINE_CURVE_WITH_KNOTS('',1,(#5390,#5391),.UNSPECIFIED.,.F.,
  .F.,(2,2),(24.172962499451,24.467013920439),.PIECEWISE_BEZIER_KNOTS.);
#5390 = CARTESIAN_POINT('',(0.294051420989,-1.));
#5391 = CARTESIAN_POINT('',(0.,-1.));
#5392 = ( GEOMETRIC_REPRESENTATION_CONTEXT(2) 
PARAMETRIC_REPRESENTATION_CONTEXT() REPRESENTATION_CONTEXT('2D SPACE',''
  ) );
#5393 = ORIENTED_EDGE('',*,*,#5394,.T.);
#5394 = EDGE_CURVE('',#5369,#5395,#5397,.T.);
#5395 = VERTEX_POINT('',#5396);
#5396 = CARTESIAN_POINT('',(-43.57402514854,49.614180701233,0.));
#5397 = SURFACE_CURVE('',#5398,(#5402,#5408),.PCURVE_S1.);
#5398 = LINE('',#5399,#5400);
#5399 = CARTESIAN_POINT('',(-16.27399152583,41.332806039416,0.));
#5400 = VECTOR('',#5401,1.);
#5401 = DIRECTION('',(-0.956940335732,0.290284677254,0.));
#5402 = PCURVE('',#694,#5403);
#5403 = DEFINITIONAL_REPRESENTATION('',(#5404),#5407);
#5404 = B_SPLINE_CURVE_WITH_KNOTS('',1,(#5405,#5406),.UNSPECIFIED.,.F.,
  .F.,(2,2),(28.234408090356,28.528459511344),.PIECEWISE_BEZIER_KNOTS.);
#5405 = CARTESIAN_POINT('',(-44.29263548302,49.528822079395));
#5406 = CARTESIAN_POINT('',(-44.57402514854,49.614180701233));
#5407 = ( GEOMETRIC_REPRESENTATION_CONTEXT(2) 
PARAMETRIC_REPRESENTATION_CONTEXT() REPRESENTATION_CONTEXT('2D SPACE',''
  ) );
#5408 = PCURVE('',#5409,#5414);
#5409 = PLANE('',#5410);
#5410 = AXIS2_PLACEMENT_3D('',#5411,#5412,#5413);
#5411 = CARTESIAN_POINT('',(-43.57402514854,49.614180701233,-1.));
#5412 = DIRECTION('',(0.290284677254,0.956940335732,-0.));
#5413 = DIRECTION('',(0.956940335732,-0.290284677254,0.));
#5414 = DEFINITIONAL_REPRESENTATION('',(#5415),#5418);
#5415 = B_SPLINE_CURVE_WITH_KNOTS('',1,(#5416,#5417),.UNSPECIFIED.,.F.,
  .F.,(2,2),(28.234408090356,28.528459511344),.PIECEWISE_BEZIER_KNOTS.);
#5416 = CARTESIAN_POINT('',(0.294051420989,-1.));
#5417 = CARTESIAN_POINT('',(0.,-1.));
#5418 = ( GEOMETRIC_REPRESENTATION_CONTEXT(2) 
PARAMETRIC_REPRESENTATION_CONTEXT() REPRESENTATION_CONTEXT('2D SPACE',''
  ) );
#5419 = ORIENTED_EDGE('',*,*,#5420,.T.);
#5420 = EDGE_CURVE('',#5395,#5421,#5423,.T.);
#5421 = VERTEX_POINT('',#5422);
#5422 = CARTESIAN_POINT('',(-43.83335534952,49.752795581546,0.));
#5423 = SURFACE_CURVE('',#5424,(#5428,#5434),.PCURVE_S1.);
#5424 = LINE('',#5425,#5426);
#5425 = CARTESIAN_POINT('',(-16.05601267921,34.90549659714,
    1.110223024625E-16));
#5426 = VECTOR('',#5427,1.);
#5427 = DIRECTION('',(-0.881921264348,0.471396736826,0.));
#5428 = PCURVE('',#694,#5429);
#5429 = DEFINITIONAL_REPRESENTATION('',(#5430),#5433);
#5430 = B_SPLINE_CURVE_WITH_KNOTS('',1,(#5431,#5432),.UNSPECIFIED.,.F.,
  .F.,(2,2),(31.202346038985,31.496397459974),.PIECEWISE_BEZIER_KNOTS.);
#5431 = CARTESIAN_POINT('',(-44.57402514854,49.614180701233));
#5432 = CARTESIAN_POINT('',(-44.83335534952,49.752795581546));
#5433 = ( GEOMETRIC_REPRESENTATION_CONTEXT(2) 
PARAMETRIC_REPRESENTATION_CONTEXT() REPRESENTATION_CONTEXT('2D SPACE',''
  ) );
#5434 = PCURVE('',#5435,#5440);
#5435 = PLANE('',#5436);
#5436 = AXIS2_PLACEMENT_3D('',#5437,#5438,#5439);
#5437 = CARTESIAN_POINT('',(-43.83335534952,49.752795581546,-1.));
#5438 = DIRECTION('',(0.471396736826,0.881921264348,-0.));
#5439 = DIRECTION('',(0.881921264348,-0.471396736826,0.));
#5440 = DEFINITIONAL_REPRESENTATION('',(#5441),#5444);
#5441 = B_SPLINE_CURVE_WITH_KNOTS('',1,(#5442,#5443),.UNSPECIFIED.,.F.,
  .F.,(2,2),(31.202346038985,31.496397459974),.PIECEWISE_BEZIER_KNOTS.);
#5442 = CARTESIAN_POINT('',(0.294051420989,-1.));
#5443 = CARTESIAN_POINT('',(0.,-1.));
#5444 = ( GEOMETRIC_REPRESENTATION_CONTEXT(2) 
PARAMETRIC_REPRESENTATION_CONTEXT() REPRESENTATION_CONTEXT('2D SPACE',''
  ) );
#5445 = ORIENTED_EDGE('',*,*,#5446,.T.);
#5446 = EDGE_CURVE('',#5421,#5447,#5449,.T.);
#5447 = VERTEX_POINT('',#5448);
#5448 = CARTESIAN_POINT('',(-44.06066017178,49.93933982822,0.));
#5449 = SURFACE_CURVE('',#5450,(#5454,#5460),.PCURVE_S1.);
#5450 = LINE('',#5451,#5452);
#5451 = CARTESIAN_POINT('',(-18.35282809889,28.841467287822,0.));
#5452 = VECTOR('',#5453,1.);
#5453 = DIRECTION('',(-0.773010453363,0.634393284164,0.));
#5454 = PCURVE('',#694,#5455);
#5455 = DEFINITIONAL_REPRESENTATION('',(#5456),#5459);
#5456 = B_SPLINE_CURVE_WITH_KNOTS('',1,(#5457,#5458),.UNSPECIFIED.,.F.,
  .F.,(2,2),(32.962720154412,33.2567715754),.PIECEWISE_BEZIER_KNOTS.);
#5457 = CARTESIAN_POINT('',(-44.83335534952,49.752795581546));
#5458 = CARTESIAN_POINT('',(-45.06066017178,49.93933982822));
#5459 = ( GEOMETRIC_REPRESENTATION_CONTEXT(2) 
PARAMETRIC_REPRESENTATION_CONTEXT() REPRESENTATION_CONTEXT('2D SPACE',''
  ) );
#5460 = PCURVE('',#5461,#5466);
#5461 = PLANE('',#5462);
#5462 = AXIS2_PLACEMENT_3D('',#5463,#5464,#5465);
#5463 = CARTESIAN_POINT('',(-44.06066017178,49.93933982822,-1.));
#5464 = DIRECTION('',(0.634393284164,0.773010453363,-0.));
#5465 = DIRECTION('',(0.773010453363,-0.634393284164,0.));
#5466 = DEFINITIONAL_REPRESENTATION('',(#5467),#5470);
#5467 = B_SPLINE_CURVE_WITH_KNOTS('',1,(#5468,#5469),.UNSPECIFIED.,.F.,
  .F.,(2,2),(32.962720154412,33.2567715754),.PIECEWISE_BEZIER_KNOTS.);
#5468 = CARTESIAN_POINT('',(0.294051420989,-1.));
#5469 = CARTESIAN_POINT('',(0.,-1.));
#5470 = ( GEOMETRIC_REPRESENTATION_CONTEXT(2) 
PARAMETRIC_REPRESENTATION_CONTEXT() REPRESENTATION_CONTEXT('2D SPACE',''
  ) );
#5471 = ORIENTED_EDGE('',*,*,#5472,.T.);
#5472 = EDGE_CURVE('',#5447,#5473,#5475,.T.);
#5473 = VERTEX_POINT('',#5474);
#5474 = CARTESIAN_POINT('',(-44.24720441845,50.166644650471,0.));
#5475 = SURFACE_CURVE('',#5476,(#5480,#5486),.PCURVE_S1.);
#5476 = LINE('',#5477,#5478);
#5477 = CARTESIAN_POINT('',(-22.84154957382,24.083778754767,0.));
#5478 = VECTOR('',#5479,1.);
#5479 = DIRECTION('',(-0.634393284164,0.773010453363,0.));
#5480 = PCURVE('',#694,#5481);
#5481 = DEFINITIONAL_REPRESENTATION('',(#5482),#5485);
#5482 = B_SPLINE_CURVE_WITH_KNOTS('',1,(#5483,#5484),.UNSPECIFIED.,.F.,
  .F.,(2,2),(33.447880246608,33.741931667597),.PIECEWISE_BEZIER_KNOTS.);
#5483 = CARTESIAN_POINT('',(-45.06066017178,49.93933982822));
#5484 = CARTESIAN_POINT('',(-45.24720441845,50.166644650471));
#5485 = ( GEOMETRIC_REPRESENTATION_CONTEXT(2) 
PARAMETRIC_REPRESENTATION_CONTEXT() REPRESENTATION_CONTEXT('2D SPACE',''
  ) );
#5486 = PCURVE('',#5487,#5492);
#5487 = PLANE('',#5488);
#5488 = AXIS2_PLACEMENT_3D('',#5489,#5490,#5491);
#5489 = CARTESIAN_POINT('',(-44.24720441845,50.166644650471,-1.));
#5490 = DIRECTION('',(0.773010453363,0.634393284164,-0.));
#5491 = DIRECTION('',(0.634393284164,-0.773010453363,0.));
#5492 = DEFINITIONAL_REPRESENTATION('',(#5493),#5496);
#5493 = B_SPLINE_CURVE_WITH_KNOTS('',1,(#5494,#5495),.UNSPECIFIED.,.F.,
  .F.,(2,2),(33.447880246608,33.741931667597),.PIECEWISE_BEZIER_KNOTS.);
#5494 = CARTESIAN_POINT('',(0.294051420989,-1.));
#5495 = CARTESIAN_POINT('',(0.,-1.));
#5496 = ( GEOMETRIC_REPRESENTATION_CONTEXT(2) 
PARAMETRIC_REPRESENTATION_CONTEXT() REPRESENTATION_CONTEXT('2D SPACE',''
  ) );
#5497 = ORIENTED_EDGE('',*,*,#5498,.T.);
#5498 = EDGE_CURVE('',#5473,#4119,#5499,.T.);
#5499 = SURFACE_CURVE('',#5500,(#5504,#5510),.PCURVE_S1.);
#5500 = LINE('',#5501,#5502);
#5501 = CARTESIAN_POINT('',(-28.86120058504,21.381456094879,
    1.110223024625E-16));
#5502 = VECTOR('',#5503,1.);
#5503 = DIRECTION('',(-0.471396736826,0.881921264348,0.));
#5504 = PCURVE('',#694,#5505);
#5505 = DEFINITIONAL_REPRESENTATION('',(#5506),#5509);
#5506 = B_SPLINE_CURVE_WITH_KNOTS('',1,(#5507,#5508),.UNSPECIFIED.,.F.,
  .F.,(2,2),(32.639181885313,32.933233306302),.PIECEWISE_BEZIER_KNOTS.);
#5507 = CARTESIAN_POINT('',(-45.24720441845,50.166644650471));
#5508 = CARTESIAN_POINT('',(-45.38581929876,50.425974851452));
#5509 = ( GEOMETRIC_REPRESENTATION_CONTEXT(2) 
PARAMETRIC_REPRESENTATION_CONTEXT() REPRESENTATION_CONTEXT('2D SPACE',''
  ) );
#5510 = PCURVE('',#5511,#5516);
#5511 = PLANE('',#5512);
#5512 = AXIS2_PLACEMENT_3D('',#5513,#5514,#5515);
#5513 = CARTESIAN_POINT('',(-44.38581929876,50.425974851452,-1.));
#5514 = DIRECTION('',(0.881921264348,0.471396736826,-0.));
#5515 = DIRECTION('',(0.471396736826,-0.881921264348,0.));
#5516 = DEFINITIONAL_REPRESENTATION('',(#5517),#5520);
#5517 = B_SPLINE_CURVE_WITH_KNOTS('',1,(#5518,#5519),.UNSPECIFIED.,.F.,
  .F.,(2,2),(32.639181885313,32.933233306302),.PIECEWISE_BEZIER_KNOTS.);
#5518 = CARTESIAN_POINT('',(0.294051420989,-1.));
#5519 = CARTESIAN_POINT('',(0.,-1.));
#5520 = ( GEOMETRIC_REPRESENTATION_CONTEXT(2) 
PARAMETRIC_REPRESENTATION_CONTEXT() REPRESENTATION_CONTEXT('2D SPACE',''
  ) );
#5521 = FACE_BOUND('',#5522,.F.);
#5522 = EDGE_LOOP('',(#5523));
#5523 = ORIENTED_EDGE('',*,*,#5524,.T.);
#5524 = EDGE_CURVE('',#5525,#5525,#5527,.T.);
#5525 = VERTEX_POINT('',#5526);
#5526 = CARTESIAN_POINT('',(45.75,40.5,0.));
#5527 = SURFACE_CURVE('',#5528,(#5533,#5544),.PCURVE_S1.);
#5528 = CIRCLE('',#5529,3.5);
#5529 = AXIS2_PLACEMENT_3D('',#5530,#5531,#5532);
#5530 = CARTESIAN_POINT('',(42.25,40.5,0.));
#5531 = DIRECTION('',(0.,0.,-1.));
#5532 = DIRECTION('',(1.,0.,0.));
#5533 = PCURVE('',#694,#5534);
#5534 = DEFINITIONAL_REPRESENTATION('',(#5535),#5543);
#5535 = ( BOUNDED_CURVE() B_SPLINE_CURVE(2,(#5536,#5537,#5538,#5539,
#5540,#5541,#5542),.UNSPECIFIED.,.T.,.F.) B_SPLINE_CURVE_WITH_KNOTS((1,2
    ,2,2,2,1),(-2.094395102393,0.,2.094395102393,4.188790204786,
6.28318530718,8.377580409573),.UNSPECIFIED.) CURVE() 
GEOMETRIC_REPRESENTATION_ITEM() RATIONAL_B_SPLINE_CURVE((1.,0.5,1.,0.5,
1.,0.5,1.)) REPRESENTATION_ITEM('') );
#5536 = CARTESIAN_POINT('',(44.75,40.5));
#5537 = CARTESIAN_POINT('',(44.75,34.437822173509));
#5538 = CARTESIAN_POINT('',(39.5,37.468911086754));
#5539 = CARTESIAN_POINT('',(34.25,40.5));
#5540 = CARTESIAN_POINT('',(39.5,43.531088913246));
#5541 = CARTESIAN_POINT('',(44.75,46.562177826491));
#5542 = CARTESIAN_POINT('',(44.75,40.5));
#5543 = ( GEOMETRIC_REPRESENTATION_CONTEXT(2) 
PARAMETRIC_REPRESENTATION_CONTEXT() REPRESENTATION_CONTEXT('2D SPACE',''
  ) );
#5544 = PCURVE('',#5545,#5550);
#5545 = CYLINDRICAL_SURFACE('',#5546,3.5);
#5546 = AXIS2_PLACEMENT_3D('',#5547,#5548,#5549);
#5547 = CARTESIAN_POINT('',(42.25,40.5,-1.));
#5548 = DIRECTION('',(-0.,-0.,-1.));
#5549 = DIRECTION('',(1.,0.,0.));
#5550 = DEFINITIONAL_REPRESENTATION('',(#5551),#5555);
#5551 = LINE('',#5552,#5553);
#5552 = CARTESIAN_POINT('',(-6.28318530718,-1.));
#5553 = VECTOR('',#5554,1.);
#5554 = DIRECTION('',(1.,-0.));
#5555 = ( GEOMETRIC_REPRESENTATION_CONTEXT(2) 
PARAMETRIC_REPRESENTATION_CONTEXT() REPRESENTATION_CONTEXT('2D SPACE',''
  ) );
#5556 = ADVANCED_FACE('',(#5557),#666,.F.);
#5557 = FACE_BOUND('',#5558,.F.);
#5558 = EDGE_LOOP('',(#5559,#5560,#5561,#5562));
#5559 = ORIENTED_EDGE('',*,*,#1145,.F.);
#5560 = ORIENTED_EDGE('',*,*,#651,.F.);
#5561 = ORIENTED_EDGE('',*,*,#1827,.T.);
#5562 = ORIENTED_EDGE('',*,*,#5563,.T.);
#5563 = EDGE_CURVE('',#1828,#1146,#5564,.T.);
#5564 = SURFACE_CURVE('',#5565,(#5569,#5575),.PCURVE_S1.);
#5565 = LINE('',#5566,#5567);
#5566 = CARTESIAN_POINT('',(58.879852726769,-53.625,-1.));
#5567 = VECTOR('',#5568,1.);
#5568 = DIRECTION('',(-0.,-0.,-1.));
#5569 = PCURVE('',#666,#5570);
#5570 = DEFINITIONAL_REPRESENTATION('',(#5571),#5574);
#5571 = B_SPLINE_CURVE_WITH_KNOTS('',1,(#5572,#5573),.UNSPECIFIED.,.F.,
  .F.,(2,2),(-1.1,5.999999999062E-07),.PIECEWISE_BEZIER_KNOTS.);
#5572 = CARTESIAN_POINT('',(108.52014727323,-1.1));
#5573 = CARTESIAN_POINT('',(108.52014727323,5.999999999062E-07));
#5574 = ( GEOMETRIC_REPRESENTATION_CONTEXT(2) 
PARAMETRIC_REPRESENTATION_CONTEXT() REPRESENTATION_CONTEXT('2D SPACE',''
  ) );
#5575 = PCURVE('',#1185,#5576);
#5576 = DEFINITIONAL_REPRESENTATION('',(#5577),#5580);
#5577 = B_SPLINE_CURVE_WITH_KNOTS('',1,(#5578,#5579),.UNSPECIFIED.,.F.,
  .F.,(2,2),(-1.1,5.999999999062E-07),.PIECEWISE_BEZIER_KNOTS.);
#5578 = CARTESIAN_POINT('',(-6.175836391078,-1.1));
#5579 = CARTESIAN_POINT('',(-6.175836391078,5.999999999062E-07));
#5580 = ( GEOMETRIC_REPRESENTATION_CONTEXT(2) 
PARAMETRIC_REPRESENTATION_CONTEXT() REPRESENTATION_CONTEXT('2D SPACE',''
  ) );
#5581 = ADVANCED_FACE('',(#5582,#5957,#5988,#6019,#6050,#7294,#7325,
    #7351,#7382,#7413,#7444,#7475,#7501,#7504,#7535,#7566,#7597,#7628,
    #8872,#8903,#8934,#8965),#612,.T.);
#5582 = FACE_BOUND('',#5583,.T.);
#5583 = EDGE_LOOP('',(#5584,#5585,#5609,#5632,#5660,#5683,#5712,#5735,
    #5763,#5786,#5814,#5837,#5861,#5884,#5908,#5931));
#5584 = ORIENTED_EDGE('',*,*,#1036,.T.);
#5585 = ORIENTED_EDGE('',*,*,#5586,.T.);
#5586 = EDGE_CURVE('',#1037,#5587,#5589,.T.);
#5587 = VERTEX_POINT('',#5588);
#5588 = CARTESIAN_POINT('',(164.4,60.5,3.));
#5589 = SURFACE_CURVE('',#5590,(#5595,#5602),.PCURVE_S1.);
#5590 = CIRCLE('',#5591,3.);
#5591 = AXIS2_PLACEMENT_3D('',#5592,#5593,#5594);
#5592 = CARTESIAN_POINT('',(164.4,57.5,3.));
#5593 = DIRECTION('',(0.,0.,1.));
#5594 = DIRECTION('',(0.,-1.,0.));
#5595 = PCURVE('',#612,#5596);
#5596 = DEFINITIONAL_REPRESENTATION('',(#5597),#5601);
#5597 = CIRCLE('',#5598,3.);
#5598 = AXIS2_PLACEMENT_2D('',#5599,#5600);
#5599 = CARTESIAN_POINT('',(163.4,57.5));
#5600 = DIRECTION('',(0.,-1.));
#5601 = ( GEOMETRIC_REPRESENTATION_CONTEXT(2) 
PARAMETRIC_REPRESENTATION_CONTEXT() REPRESENTATION_CONTEXT('2D SPACE',''
  ) );
#5602 = PCURVE('',#1075,#5603);
#5603 = DEFINITIONAL_REPRESENTATION('',(#5604),#5608);
#5604 = LINE('',#5605,#5606);
#5605 = CARTESIAN_POINT('',(-1.570796326795,3.));
#5606 = VECTOR('',#5607,1.);
#5607 = DIRECTION('',(1.,0.));
#5608 = ( GEOMETRIC_REPRESENTATION_CONTEXT(2) 
PARAMETRIC_REPRESENTATION_CONTEXT() REPRESENTATION_CONTEXT('2D SPACE',''
  ) );
#5609 = ORIENTED_EDGE('',*,*,#5610,.T.);
#5610 = EDGE_CURVE('',#5587,#5611,#5613,.T.);
#5611 = VERTEX_POINT('',#5612);
#5612 = CARTESIAN_POINT('',(-162.4,60.5,3.));
#5613 = SURFACE_CURVE('',#5614,(#5618,#5625),.PCURVE_S1.);
#5614 = LINE('',#5615,#5616);
#5615 = CARTESIAN_POINT('',(167.4,60.5,3.));
#5616 = VECTOR('',#5617,1.);
#5617 = DIRECTION('',(-1.,0.,0.));
#5618 = PCURVE('',#612,#5619);
#5619 = DEFINITIONAL_REPRESENTATION('',(#5620),#5624);
#5620 = LINE('',#5621,#5622);
#5621 = CARTESIAN_POINT('',(166.4,60.5));
#5622 = VECTOR('',#5623,1.);
#5623 = DIRECTION('',(-1.,0.));
#5624 = ( GEOMETRIC_REPRESENTATION_CONTEXT(2) 
PARAMETRIC_REPRESENTATION_CONTEXT() REPRESENTATION_CONTEXT('2D SPACE',''
  ) );
#5625 = PCURVE('',#1703,#5626);
#5626 = DEFINITIONAL_REPRESENTATION('',(#5627),#5631);
#5627 = LINE('',#5628,#5629);
#5628 = CARTESIAN_POINT('',(0.,-3.));
#5629 = VECTOR('',#5630,1.);
#5630 = DIRECTION('',(1.,0.));
#5631 = ( GEOMETRIC_REPRESENTATION_CONTEXT(2) 
PARAMETRIC_REPRESENTATION_CONTEXT() REPRESENTATION_CONTEXT('2D SPACE',''
  ) );
#5632 = ORIENTED_EDGE('',*,*,#5633,.F.);
#5633 = EDGE_CURVE('',#5634,#5611,#5636,.T.);
#5634 = VERTEX_POINT('',#5635);
#5635 = CARTESIAN_POINT('',(-165.4,57.5,3.));
#5636 = SURFACE_CURVE('',#5637,(#5642,#5653),.PCURVE_S1.);
#5637 = CIRCLE('',#5638,3.);
#5638 = AXIS2_PLACEMENT_3D('',#5639,#5640,#5641);
#5639 = CARTESIAN_POINT('',(-162.4,57.5,3.));
#5640 = DIRECTION('',(-0.,-0.,-1.));
#5641 = DIRECTION('',(0.,-1.,0.));
#5642 = PCURVE('',#612,#5643);
#5643 = DEFINITIONAL_REPRESENTATION('',(#5644),#5652);
#5644 = ( BOUNDED_CURVE() B_SPLINE_CURVE(2,(#5645,#5646,#5647,#5648,
#5649,#5650,#5651),.UNSPECIFIED.,.T.,.F.) B_SPLINE_CURVE_WITH_KNOTS((1,2
    ,2,2,2,1),(-2.094395102393,0.,2.094395102393,4.188790204786,
6.28318530718,8.377580409573),.UNSPECIFIED.) CURVE() 
GEOMETRIC_REPRESENTATION_ITEM() RATIONAL_B_SPLINE_CURVE((1.,0.5,1.,0.5,
1.,0.5,1.)) REPRESENTATION_ITEM('') );
#5645 = CARTESIAN_POINT('',(-163.4,54.5));
#5646 = CARTESIAN_POINT('',(-168.5961524227,54.5));
#5647 = CARTESIAN_POINT('',(-165.9980762113,59.));
#5648 = CARTESIAN_POINT('',(-163.4,63.5));
#5649 = CARTESIAN_POINT('',(-160.8019237886,59.));
#5650 = CARTESIAN_POINT('',(-158.2038475772,54.5));
#5651 = CARTESIAN_POINT('',(-163.4,54.5));
#5652 = ( GEOMETRIC_REPRESENTATION_CONTEXT(2) 
PARAMETRIC_REPRESENTATION_CONTEXT() REPRESENTATION_CONTEXT('2D SPACE',''
  ) );
#5653 = PCURVE('',#1371,#5654);
#5654 = DEFINITIONAL_REPRESENTATION('',(#5655),#5659);
#5655 = LINE('',#5656,#5657);
#5656 = CARTESIAN_POINT('',(1.570796326795,3.));
#5657 = VECTOR('',#5658,1.);
#5658 = DIRECTION('',(-1.,0.));
#5659 = ( GEOMETRIC_REPRESENTATION_CONTEXT(2) 
PARAMETRIC_REPRESENTATION_CONTEXT() REPRESENTATION_CONTEXT('2D SPACE',''
  ) );
#5660 = ORIENTED_EDGE('',*,*,#5661,.T.);
#5661 = EDGE_CURVE('',#5634,#5662,#5664,.T.);
#5662 = VERTEX_POINT('',#5663);
#5663 = CARTESIAN_POINT('',(-165.4,-57.5,3.));
#5664 = SURFACE_CURVE('',#5665,(#5669,#5676),.PCURVE_S1.);
#5665 = LINE('',#5666,#5667);
#5666 = CARTESIAN_POINT('',(-165.4,60.5,3.));
#5667 = VECTOR('',#5668,1.);
#5668 = DIRECTION('',(0.,-1.,0.));
#5669 = PCURVE('',#612,#5670);
#5670 = DEFINITIONAL_REPRESENTATION('',(#5671),#5675);
#5671 = LINE('',#5672,#5673);
#5672 = CARTESIAN_POINT('',(-166.4,60.5));
#5673 = VECTOR('',#5674,1.);
#5674 = DIRECTION('',(0.,-1.));
#5675 = ( GEOMETRIC_REPRESENTATION_CONTEXT(2) 
PARAMETRIC_REPRESENTATION_CONTEXT() REPRESENTATION_CONTEXT('2D SPACE',''
  ) );
#5676 = PCURVE('',#1399,#5677);
#5677 = DEFINITIONAL_REPRESENTATION('',(#5678),#5682);
#5678 = LINE('',#5679,#5680);
#5679 = CARTESIAN_POINT('',(0.,-3.));
#5680 = VECTOR('',#5681,1.);
#5681 = DIRECTION('',(1.,0.));
#5682 = ( GEOMETRIC_REPRESENTATION_CONTEXT(2) 
PARAMETRIC_REPRESENTATION_CONTEXT() REPRESENTATION_CONTEXT('2D SPACE',''
  ) );
#5683 = ORIENTED_EDGE('',*,*,#5684,.T.);
#5684 = EDGE_CURVE('',#5662,#5685,#5687,.T.);
#5685 = VERTEX_POINT('',#5686);
#5686 = CARTESIAN_POINT('',(-162.4,-60.5,3.));
#5687 = SURFACE_CURVE('',#5688,(#5693,#5700),.PCURVE_S1.);
#5688 = CIRCLE('',#5689,3.);
#5689 = AXIS2_PLACEMENT_3D('',#5690,#5691,#5692);
#5690 = CARTESIAN_POINT('',(-162.4,-57.5,3.));
#5691 = DIRECTION('',(0.,0.,1.));
#5692 = DIRECTION('',(0.,-1.,0.));
#5693 = PCURVE('',#612,#5694);
#5694 = DEFINITIONAL_REPRESENTATION('',(#5695),#5699);
#5695 = CIRCLE('',#5696,3.);
#5696 = AXIS2_PLACEMENT_2D('',#5697,#5698);
#5697 = CARTESIAN_POINT('',(-163.4,-57.5));
#5698 = DIRECTION('',(0.,-1.));
#5699 = ( GEOMETRIC_REPRESENTATION_CONTEXT(2) 
PARAMETRIC_REPRESENTATION_CONTEXT() REPRESENTATION_CONTEXT('2D SPACE',''
  ) );
#5700 = PCURVE('',#5701,#5706);
#5701 = CYLINDRICAL_SURFACE('',#5702,3.);
#5702 = AXIS2_PLACEMENT_3D('',#5703,#5704,#5705);
#5703 = CARTESIAN_POINT('',(-162.4,-57.5,0.));
#5704 = DIRECTION('',(0.,0.,1.));
#5705 = DIRECTION('',(-1.,0.,0.));
#5706 = DEFINITIONAL_REPRESENTATION('',(#5707),#5711);
#5707 = LINE('',#5708,#5709);
#5708 = CARTESIAN_POINT('',(-4.712388980385,3.));
#5709 = VECTOR('',#5710,1.);
#5710 = DIRECTION('',(1.,0.));
#5711 = ( GEOMETRIC_REPRESENTATION_CONTEXT(2) 
PARAMETRIC_REPRESENTATION_CONTEXT() REPRESENTATION_CONTEXT('2D SPACE',''
  ) );
#5712 = ORIENTED_EDGE('',*,*,#5713,.T.);
#5713 = EDGE_CURVE('',#5685,#5714,#5716,.T.);
#5714 = VERTEX_POINT('',#5715);
#5715 = CARTESIAN_POINT('',(6.875,-60.5,3.));
#5716 = SURFACE_CURVE('',#5717,(#5721,#5728),.PCURVE_S1.);
#5717 = LINE('',#5718,#5719);
#5718 = CARTESIAN_POINT('',(-165.4,-60.5,3.));
#5719 = VECTOR('',#5720,1.);
#5720 = DIRECTION('',(1.,0.,0.));
#5721 = PCURVE('',#612,#5722);
#5722 = DEFINITIONAL_REPRESENTATION('',(#5723),#5727);
#5723 = LINE('',#5724,#5725);
#5724 = CARTESIAN_POINT('',(-166.4,-60.5));
#5725 = VECTOR('',#5726,1.);
#5726 = DIRECTION('',(1.,0.));
#5727 = ( GEOMETRIC_REPRESENTATION_CONTEXT(2) 
PARAMETRIC_REPRESENTATION_CONTEXT() REPRESENTATION_CONTEXT('2D SPACE',''
  ) );
#5728 = PCURVE('',#2227,#5729);
#5729 = DEFINITIONAL_REPRESENTATION('',(#5730),#5734);
#5730 = LINE('',#5731,#5732);
#5731 = CARTESIAN_POINT('',(0.,-3.));
#5732 = VECTOR('',#5733,1.);
#5733 = DIRECTION('',(1.,0.));
#5734 = ( GEOMETRIC_REPRESENTATION_CONTEXT(2) 
PARAMETRIC_REPRESENTATION_CONTEXT() REPRESENTATION_CONTEXT('2D SPACE',''
  ) );
#5735 = ORIENTED_EDGE('',*,*,#5736,.F.);
#5736 = EDGE_CURVE('',#5737,#5714,#5739,.T.);
#5737 = VERTEX_POINT('',#5738);
#5738 = CARTESIAN_POINT('',(8.375,-59.,3.));
#5739 = SURFACE_CURVE('',#5740,(#5745,#5756),.PCURVE_S1.);
#5740 = CIRCLE('',#5741,1.5);
#5741 = AXIS2_PLACEMENT_3D('',#5742,#5743,#5744);
#5742 = CARTESIAN_POINT('',(6.875,-59.,3.));
#5743 = DIRECTION('',(-0.,0.,-1.));
#5744 = DIRECTION('',(0.,1.,0.));
#5745 = PCURVE('',#612,#5746);
#5746 = DEFINITIONAL_REPRESENTATION('',(#5747),#5755);
#5747 = ( BOUNDED_CURVE() B_SPLINE_CURVE(2,(#5748,#5749,#5750,#5751,
#5752,#5753,#5754),.UNSPECIFIED.,.T.,.F.) B_SPLINE_CURVE_WITH_KNOTS((1,2
    ,2,2,2,1),(-2.094395102393,0.,2.094395102393,4.188790204786,
6.28318530718,8.377580409573),.UNSPECIFIED.) CURVE() 
GEOMETRIC_REPRESENTATION_ITEM() RATIONAL_B_SPLINE_CURVE((1.,0.5,1.,0.5,
1.,0.5,1.)) REPRESENTATION_ITEM('') );
#5748 = CARTESIAN_POINT('',(5.875,-57.5));
#5749 = CARTESIAN_POINT('',(8.473076211353,-57.5));
#5750 = CARTESIAN_POINT('',(7.174038105677,-59.75));
#5751 = CARTESIAN_POINT('',(5.875,-62.));
#5752 = CARTESIAN_POINT('',(4.575961894323,-59.75));
#5753 = CARTESIAN_POINT('',(3.276923788647,-57.5));
#5754 = CARTESIAN_POINT('',(5.875,-57.5));
#5755 = ( GEOMETRIC_REPRESENTATION_CONTEXT(2) 
PARAMETRIC_REPRESENTATION_CONTEXT() REPRESENTATION_CONTEXT('2D SPACE',''
  ) );
#5756 = PCURVE('',#2260,#5757);
#5757 = DEFINITIONAL_REPRESENTATION('',(#5758),#5762);
#5758 = LINE('',#5759,#5760);
#5759 = CARTESIAN_POINT('',(-1.570796326795,0.));
#5760 = VECTOR('',#5761,1.);
#5761 = DIRECTION('',(1.,0.));
#5762 = ( GEOMETRIC_REPRESENTATION_CONTEXT(2) 
PARAMETRIC_REPRESENTATION_CONTEXT() REPRESENTATION_CONTEXT('2D SPACE',''
  ) );
#5763 = ORIENTED_EDGE('',*,*,#5764,.F.);
#5764 = EDGE_CURVE('',#5765,#5737,#5767,.T.);
#5765 = VERTEX_POINT('',#5766);
#5766 = CARTESIAN_POINT('',(8.375,-56.5,3.));
#5767 = SURFACE_CURVE('',#5768,(#5772,#5779),.PCURVE_S1.);
#5768 = LINE('',#5769,#5770);
#5769 = CARTESIAN_POINT('',(8.375,-54.5,3.));
#5770 = VECTOR('',#5771,1.);
#5771 = DIRECTION('',(0.,-1.,0.));
#5772 = PCURVE('',#612,#5773);
#5773 = DEFINITIONAL_REPRESENTATION('',(#5774),#5778);
#5774 = LINE('',#5775,#5776);
#5775 = CARTESIAN_POINT('',(7.375,-54.5));
#5776 = VECTOR('',#5777,1.);
#5777 = DIRECTION('',(0.,-1.));
#5778 = ( GEOMETRIC_REPRESENTATION_CONTEXT(2) 
PARAMETRIC_REPRESENTATION_CONTEXT() REPRESENTATION_CONTEXT('2D SPACE',''
  ) );
#5779 = PCURVE('',#2288,#5780);
#5780 = DEFINITIONAL_REPRESENTATION('',(#5781),#5785);
#5781 = LINE('',#5782,#5783);
#5782 = CARTESIAN_POINT('',(0.,-3.));
#5783 = VECTOR('',#5784,1.);
#5784 = DIRECTION('',(1.,0.));
#5785 = ( GEOMETRIC_REPRESENTATION_CONTEXT(2) 
PARAMETRIC_REPRESENTATION_CONTEXT() REPRESENTATION_CONTEXT('2D SPACE',''
  ) );
#5786 = ORIENTED_EDGE('',*,*,#5787,.T.);
#5787 = EDGE_CURVE('',#5765,#5788,#5790,.T.);
#5788 = VERTEX_POINT('',#5789);
#5789 = CARTESIAN_POINT('',(10.375,-54.5,3.));
#5790 = SURFACE_CURVE('',#5791,(#5796,#5807),.PCURVE_S1.);
#5791 = CIRCLE('',#5792,2.);
#5792 = AXIS2_PLACEMENT_3D('',#5793,#5794,#5795);
#5793 = CARTESIAN_POINT('',(10.375,-56.5,3.));
#5794 = DIRECTION('',(-0.,-0.,-1.));
#5795 = DIRECTION('',(0.,-1.,0.));
#5796 = PCURVE('',#612,#5797);
#5797 = DEFINITIONAL_REPRESENTATION('',(#5798),#5806);
#5798 = ( BOUNDED_CURVE() B_SPLINE_CURVE(2,(#5799,#5800,#5801,#5802,
#5803,#5804,#5805),.UNSPECIFIED.,.T.,.F.) B_SPLINE_CURVE_WITH_KNOTS((1,2
    ,2,2,2,1),(-2.094395102393,0.,2.094395102393,4.188790204786,
6.28318530718,8.377580409573),.UNSPECIFIED.) CURVE() 
GEOMETRIC_REPRESENTATION_ITEM() RATIONAL_B_SPLINE_CURVE((1.,0.5,1.,0.5,
1.,0.5,1.)) REPRESENTATION_ITEM('') );
#5799 = CARTESIAN_POINT('',(9.375,-58.5));
#5800 = CARTESIAN_POINT('',(5.910898384862,-58.5));
#5801 = CARTESIAN_POINT('',(7.642949192431,-55.5));
#5802 = CARTESIAN_POINT('',(9.375,-52.5));
#5803 = CARTESIAN_POINT('',(11.107050807569,-55.5));
#5804 = CARTESIAN_POINT('',(12.839101615138,-58.5));
#5805 = CARTESIAN_POINT('',(9.375,-58.5));
#5806 = ( GEOMETRIC_REPRESENTATION_CONTEXT(2) 
PARAMETRIC_REPRESENTATION_CONTEXT() REPRESENTATION_CONTEXT('2D SPACE',''
  ) );
#5807 = PCURVE('',#2321,#5808);
#5808 = DEFINITIONAL_REPRESENTATION('',(#5809),#5813);
#5809 = LINE('',#5810,#5811);
#5810 = CARTESIAN_POINT('',(1.570796326795,3.));
#5811 = VECTOR('',#5812,1.);
#5812 = DIRECTION('',(-1.,0.));
#5813 = ( GEOMETRIC_REPRESENTATION_CONTEXT(2) 
PARAMETRIC_REPRESENTATION_CONTEXT() REPRESENTATION_CONTEXT('2D SPACE',''
  ) );
#5814 = ORIENTED_EDGE('',*,*,#5815,.F.);
#5815 = EDGE_CURVE('',#5816,#5788,#5818,.T.);
#5816 = VERTEX_POINT('',#5817);
#5817 = CARTESIAN_POINT('',(29.625,-54.5,3.));
#5818 = SURFACE_CURVE('',#5819,(#5823,#5830),.PCURVE_S1.);
#5819 = LINE('',#5820,#5821);
#5820 = CARTESIAN_POINT('',(31.625,-54.5,3.));
#5821 = VECTOR('',#5822,1.);
#5822 = DIRECTION('',(-1.,0.,0.));
#5823 = PCURVE('',#612,#5824);
#5824 = DEFINITIONAL_REPRESENTATION('',(#5825),#5829);
#5825 = LINE('',#5826,#5827);
#5826 = CARTESIAN_POINT('',(30.625,-54.5));
#5827 = VECTOR('',#5828,1.);
#5828 = DIRECTION('',(-1.,0.));
#5829 = ( GEOMETRIC_REPRESENTATION_CONTEXT(2) 
PARAMETRIC_REPRESENTATION_CONTEXT() REPRESENTATION_CONTEXT('2D SPACE',''
  ) );
#5830 = PCURVE('',#2349,#5831);
#5831 = DEFINITIONAL_REPRESENTATION('',(#5832),#5836);
#5832 = LINE('',#5833,#5834);
#5833 = CARTESIAN_POINT('',(0.,-3.));
#5834 = VECTOR('',#5835,1.);
#5835 = DIRECTION('',(1.,0.));
#5836 = ( GEOMETRIC_REPRESENTATION_CONTEXT(2) 
PARAMETRIC_REPRESENTATION_CONTEXT() REPRESENTATION_CONTEXT('2D SPACE',''
  ) );
#5837 = ORIENTED_EDGE('',*,*,#5838,.F.);
#5838 = EDGE_CURVE('',#5839,#5816,#5841,.T.);
#5839 = VERTEX_POINT('',#5840);
#5840 = CARTESIAN_POINT('',(31.625,-56.5,3.));
#5841 = SURFACE_CURVE('',#5842,(#5847,#5854),.PCURVE_S1.);
#5842 = CIRCLE('',#5843,2.);
#5843 = AXIS2_PLACEMENT_3D('',#5844,#5845,#5846);
#5844 = CARTESIAN_POINT('',(29.625,-56.5,3.));
#5845 = DIRECTION('',(0.,0.,1.));
#5846 = DIRECTION('',(0.,-1.,0.));
#5847 = PCURVE('',#612,#5848);
#5848 = DEFINITIONAL_REPRESENTATION('',(#5849),#5853);
#5849 = CIRCLE('',#5850,2.);
#5850 = AXIS2_PLACEMENT_2D('',#5851,#5852);
#5851 = CARTESIAN_POINT('',(28.625,-56.5));
#5852 = DIRECTION('',(0.,-1.));
#5853 = ( GEOMETRIC_REPRESENTATION_CONTEXT(2) 
PARAMETRIC_REPRESENTATION_CONTEXT() REPRESENTATION_CONTEXT('2D SPACE',''
  ) );
#5854 = PCURVE('',#2378,#5855);
#5855 = DEFINITIONAL_REPRESENTATION('',(#5856),#5860);
#5856 = LINE('',#5857,#5858);
#5857 = CARTESIAN_POINT('',(-1.570796326795,3.));
#5858 = VECTOR('',#5859,1.);
#5859 = DIRECTION('',(1.,0.));
#5860 = ( GEOMETRIC_REPRESENTATION_CONTEXT(2) 
PARAMETRIC_REPRESENTATION_CONTEXT() REPRESENTATION_CONTEXT('2D SPACE',''
  ) );
#5861 = ORIENTED_EDGE('',*,*,#5862,.F.);
#5862 = EDGE_CURVE('',#5863,#5839,#5865,.T.);
#5863 = VERTEX_POINT('',#5864);
#5864 = CARTESIAN_POINT('',(31.625,-59.,3.));
#5865 = SURFACE_CURVE('',#5866,(#5870,#5877),.PCURVE_S1.);
#5866 = LINE('',#5867,#5868);
#5867 = CARTESIAN_POINT('',(31.625,-61.5,3.));
#5868 = VECTOR('',#5869,1.);
#5869 = DIRECTION('',(0.,1.,0.));
#5870 = PCURVE('',#612,#5871);
#5871 = DEFINITIONAL_REPRESENTATION('',(#5872),#5876);
#5872 = LINE('',#5873,#5874);
#5873 = CARTESIAN_POINT('',(30.625,-61.5));
#5874 = VECTOR('',#5875,1.);
#5875 = DIRECTION('',(0.,1.));
#5876 = ( GEOMETRIC_REPRESENTATION_CONTEXT(2) 
PARAMETRIC_REPRESENTATION_CONTEXT() REPRESENTATION_CONTEXT('2D SPACE',''
  ) );
#5877 = PCURVE('',#2406,#5878);
#5878 = DEFINITIONAL_REPRESENTATION('',(#5879),#5883);
#5879 = LINE('',#5880,#5881);
#5880 = CARTESIAN_POINT('',(0.,-3.));
#5881 = VECTOR('',#5882,1.);
#5882 = DIRECTION('',(1.,0.));
#5883 = ( GEOMETRIC_REPRESENTATION_CONTEXT(2) 
PARAMETRIC_REPRESENTATION_CONTEXT() REPRESENTATION_CONTEXT('2D SPACE',''
  ) );
#5884 = ORIENTED_EDGE('',*,*,#5885,.T.);
#5885 = EDGE_CURVE('',#5863,#5886,#5888,.T.);
#5886 = VERTEX_POINT('',#5887);
#5887 = CARTESIAN_POINT('',(33.125,-60.5,3.));
#5888 = SURFACE_CURVE('',#5889,(#5894,#5901),.PCURVE_S1.);
#5889 = CIRCLE('',#5890,1.5);
#5890 = AXIS2_PLACEMENT_3D('',#5891,#5892,#5893);
#5891 = CARTESIAN_POINT('',(33.125,-59.,3.));
#5892 = DIRECTION('',(0.,-0.,1.));
#5893 = DIRECTION('',(0.,-1.,-0.));
#5894 = PCURVE('',#612,#5895);
#5895 = DEFINITIONAL_REPRESENTATION('',(#5896),#5900);
#5896 = CIRCLE('',#5897,1.5);
#5897 = AXIS2_PLACEMENT_2D('',#5898,#5899);
#5898 = CARTESIAN_POINT('',(32.125,-59.));
#5899 = DIRECTION('',(0.,-1.));
#5900 = ( GEOMETRIC_REPRESENTATION_CONTEXT(2) 
PARAMETRIC_REPRESENTATION_CONTEXT() REPRESENTATION_CONTEXT('2D SPACE',''
  ) );
#5901 = PCURVE('',#2435,#5902);
#5902 = DEFINITIONAL_REPRESENTATION('',(#5903),#5907);
#5903 = LINE('',#5904,#5905);
#5904 = CARTESIAN_POINT('',(-4.712388980385,3.));
#5905 = VECTOR('',#5906,1.);
#5906 = DIRECTION('',(1.,0.));
#5907 = ( GEOMETRIC_REPRESENTATION_CONTEXT(2) 
PARAMETRIC_REPRESENTATION_CONTEXT() REPRESENTATION_CONTEXT('2D SPACE',''
  ) );
#5908 = ORIENTED_EDGE('',*,*,#5909,.T.);
#5909 = EDGE_CURVE('',#5886,#5910,#5912,.T.);
#5910 = VERTEX_POINT('',#5911);
#5911 = CARTESIAN_POINT('',(164.4,-60.5,3.));
#5912 = SURFACE_CURVE('',#5913,(#5917,#5924),.PCURVE_S1.);
#5913 = LINE('',#5914,#5915);
#5914 = CARTESIAN_POINT('',(-165.4,-60.5,3.));
#5915 = VECTOR('',#5916,1.);
#5916 = DIRECTION('',(1.,0.,0.));
#5917 = PCURVE('',#612,#5918);
#5918 = DEFINITIONAL_REPRESENTATION('',(#5919),#5923);
#5919 = LINE('',#5920,#5921);
#5920 = CARTESIAN_POINT('',(-166.4,-60.5));
#5921 = VECTOR('',#5922,1.);
#5922 = DIRECTION('',(1.,0.));
#5923 = ( GEOMETRIC_REPRESENTATION_CONTEXT(2) 
PARAMETRIC_REPRESENTATION_CONTEXT() REPRESENTATION_CONTEXT('2D SPACE',''
  ) );
#5924 = PCURVE('',#1267,#5925);
#5925 = DEFINITIONAL_REPRESENTATION('',(#5926),#5930);
#5926 = LINE('',#5927,#5928);
#5927 = CARTESIAN_POINT('',(0.,-3.));
#5928 = VECTOR('',#5929,1.);
#5929 = DIRECTION('',(1.,0.));
#5930 = ( GEOMETRIC_REPRESENTATION_CONTEXT(2) 
PARAMETRIC_REPRESENTATION_CONTEXT() REPRESENTATION_CONTEXT('2D SPACE',''
  ) );
#5931 = ORIENTED_EDGE('',*,*,#5932,.F.);
#5932 = EDGE_CURVE('',#1009,#5910,#5933,.T.);
#5933 = SURFACE_CURVE('',#5934,(#5939,#5950),.PCURVE_S1.);
#5934 = CIRCLE('',#5935,3.);
#5935 = AXIS2_PLACEMENT_3D('',#5936,#5937,#5938);
#5936 = CARTESIAN_POINT('',(164.4,-57.5,3.));
#5937 = DIRECTION('',(-0.,-0.,-1.));
#5938 = DIRECTION('',(0.,-1.,0.));
#5939 = PCURVE('',#612,#5940);
#5940 = DEFINITIONAL_REPRESENTATION('',(#5941),#5949);
#5941 = ( BOUNDED_CURVE() B_SPLINE_CURVE(2,(#5942,#5943,#5944,#5945,
#5946,#5947,#5948),.UNSPECIFIED.,.T.,.F.) B_SPLINE_CURVE_WITH_KNOTS((1,2
    ,2,2,2,1),(-2.094395102393,0.,2.094395102393,4.188790204786,
6.28318530718,8.377580409573),.UNSPECIFIED.) CURVE() 
GEOMETRIC_REPRESENTATION_ITEM() RATIONAL_B_SPLINE_CURVE((1.,0.5,1.,0.5,
1.,0.5,1.)) REPRESENTATION_ITEM('') );
#5942 = CARTESIAN_POINT('',(163.4,-60.5));
#5943 = CARTESIAN_POINT('',(158.20384757729,-60.5));
#5944 = CARTESIAN_POINT('',(160.80192378864,-56.));
#5945 = CARTESIAN_POINT('',(163.4,-51.5));
#5946 = CARTESIAN_POINT('',(165.99807621135,-56.));
#5947 = CARTESIAN_POINT('',(168.5961524227,-60.5));
#5948 = CARTESIAN_POINT('',(163.4,-60.5));
#5949 = ( GEOMETRIC_REPRESENTATION_CONTEXT(2) 
PARAMETRIC_REPRESENTATION_CONTEXT() REPRESENTATION_CONTEXT('2D SPACE',''
  ) );
#5950 = PCURVE('',#1024,#5951);
#5951 = DEFINITIONAL_REPRESENTATION('',(#5952),#5956);
#5952 = LINE('',#5953,#5954);
#5953 = CARTESIAN_POINT('',(4.712388980385,3.));
#5954 = VECTOR('',#5955,1.);
#5955 = DIRECTION('',(-1.,0.));
#5956 = ( GEOMETRIC_REPRESENTATION_CONTEXT(2) 
PARAMETRIC_REPRESENTATION_CONTEXT() REPRESENTATION_CONTEXT('2D SPACE',''
  ) );
#5957 = FACE_BOUND('',#5958,.T.);
#5958 = EDGE_LOOP('',(#5959));
#5959 = ORIENTED_EDGE('',*,*,#5960,.F.);
#5960 = EDGE_CURVE('',#5961,#5961,#5963,.T.);
#5961 = VERTEX_POINT('',#5962);
#5962 = CARTESIAN_POINT('',(-149.725,-56.125,3.));
#5963 = SURFACE_CURVE('',#5964,(#5969,#5976),.PCURVE_S1.);
#5964 = CIRCLE('',#5965,1.9);
#5965 = AXIS2_PLACEMENT_3D('',#5966,#5967,#5968);
#5966 = CARTESIAN_POINT('',(-151.625,-56.125,3.));
#5967 = DIRECTION('',(0.,0.,1.));
#5968 = DIRECTION('',(1.,0.,0.));
#5969 = PCURVE('',#612,#5970);
#5970 = DEFINITIONAL_REPRESENTATION('',(#5971),#5975);
#5971 = CIRCLE('',#5972,1.9);
#5972 = AXIS2_PLACEMENT_2D('',#5973,#5974);
#5973 = CARTESIAN_POINT('',(-152.625,-56.125));
#5974 = DIRECTION('',(1.,0.));
#5975 = ( GEOMETRIC_REPRESENTATION_CONTEXT(2) 
PARAMETRIC_REPRESENTATION_CONTEXT() REPRESENTATION_CONTEXT('2D SPACE',''
  ) );
#5976 = PCURVE('',#5977,#5982);
#5977 = CYLINDRICAL_SURFACE('',#5978,1.9);
#5978 = AXIS2_PLACEMENT_3D('',#5979,#5980,#5981);
#5979 = CARTESIAN_POINT('',(-151.625,-56.125,0.8));
#5980 = DIRECTION('',(-0.,-0.,-1.));
#5981 = DIRECTION('',(1.,0.,0.));
#5982 = DEFINITIONAL_REPRESENTATION('',(#5983),#5987);
#5983 = LINE('',#5984,#5985);
#5984 = CARTESIAN_POINT('',(-0.,-2.2));
#5985 = VECTOR('',#5986,1.);
#5986 = DIRECTION('',(-1.,0.));
#5987 = ( GEOMETRIC_REPRESENTATION_CONTEXT(2) 
PARAMETRIC_REPRESENTATION_CONTEXT() REPRESENTATION_CONTEXT('2D SPACE',''
  ) );
#5988 = FACE_BOUND('',#5989,.T.);
#5989 = EDGE_LOOP('',(#5990));
#5990 = ORIENTED_EDGE('',*,*,#5991,.F.);
#5991 = EDGE_CURVE('',#5992,#5992,#5994,.T.);
#5992 = VERTEX_POINT('',#5993);
#5993 = CARTESIAN_POINT('',(-155.85,-53.25,3.));
#5994 = SURFACE_CURVE('',#5995,(#6000,#6007),.PCURVE_S1.);
#5995 = CIRCLE('',#5996,2.55);
#5996 = AXIS2_PLACEMENT_3D('',#5997,#5998,#5999);
#5997 = CARTESIAN_POINT('',(-158.4,-53.25,3.));
#5998 = DIRECTION('',(0.,0.,1.));
#5999 = DIRECTION('',(1.,0.,0.));
#6000 = PCURVE('',#612,#6001);
#6001 = DEFINITIONAL_REPRESENTATION('',(#6002),#6006);
#6002 = CIRCLE('',#6003,2.55);
#6003 = AXIS2_PLACEMENT_2D('',#6004,#6005);
#6004 = CARTESIAN_POINT('',(-159.4,-53.25));
#6005 = DIRECTION('',(1.,0.));
#6006 = ( GEOMETRIC_REPRESENTATION_CONTEXT(2) 
PARAMETRIC_REPRESENTATION_CONTEXT() REPRESENTATION_CONTEXT('2D SPACE',''
  ) );
#6007 = PCURVE('',#6008,#6013);
#6008 = CYLINDRICAL_SURFACE('',#6009,2.55);
#6009 = AXIS2_PLACEMENT_3D('',#6010,#6011,#6012);
#6010 = CARTESIAN_POINT('',(-158.4,-53.25,-1.));
#6011 = DIRECTION('',(-0.,-0.,-1.));
#6012 = DIRECTION('',(1.,0.,0.));
#6013 = DEFINITIONAL_REPRESENTATION('',(#6014),#6018);
#6014 = LINE('',#6015,#6016);
#6015 = CARTESIAN_POINT('',(-0.,-4.));
#6016 = VECTOR('',#6017,1.);
#6017 = DIRECTION('',(-1.,0.));
#6018 = ( GEOMETRIC_REPRESENTATION_CONTEXT(2) 
PARAMETRIC_REPRESENTATION_CONTEXT() REPRESENTATION_CONTEXT('2D SPACE',''
  ) );
#6019 = FACE_BOUND('',#6020,.T.);
#6020 = EDGE_LOOP('',(#6021));
#6021 = ORIENTED_EDGE('',*,*,#6022,.F.);
#6022 = EDGE_CURVE('',#6023,#6023,#6025,.T.);
#6023 = VERTEX_POINT('',#6024);
#6024 = CARTESIAN_POINT('',(-50.85,-53.25,3.));
#6025 = SURFACE_CURVE('',#6026,(#6031,#6038),.PCURVE_S1.);
#6026 = CIRCLE('',#6027,2.55);
#6027 = AXIS2_PLACEMENT_3D('',#6028,#6029,#6030);
#6028 = CARTESIAN_POINT('',(-53.4,-53.25,3.));
#6029 = DIRECTION('',(0.,0.,1.));
#6030 = DIRECTION('',(1.,0.,0.));
#6031 = PCURVE('',#612,#6032);
#6032 = DEFINITIONAL_REPRESENTATION('',(#6033),#6037);
#6033 = CIRCLE('',#6034,2.55);
#6034 = AXIS2_PLACEMENT_2D('',#6035,#6036);
#6035 = CARTESIAN_POINT('',(-54.4,-53.25));
#6036 = DIRECTION('',(1.,0.));
#6037 = ( GEOMETRIC_REPRESENTATION_CONTEXT(2) 
PARAMETRIC_REPRESENTATION_CONTEXT() REPRESENTATION_CONTEXT('2D SPACE',''
  ) );
#6038 = PCURVE('',#6039,#6044);
#6039 = CYLINDRICAL_SURFACE('',#6040,2.55);
#6040 = AXIS2_PLACEMENT_3D('',#6041,#6042,#6043);
#6041 = CARTESIAN_POINT('',(-53.4,-53.25,-1.));
#6042 = DIRECTION('',(-0.,-0.,-1.));
#6043 = DIRECTION('',(1.,0.,0.));
#6044 = DEFINITIONAL_REPRESENTATION('',(#6045),#6049);
#6045 = LINE('',#6046,#6047);
#6046 = CARTESIAN_POINT('',(-0.,-4.));
#6047 = VECTOR('',#6048,1.);
#6048 = DIRECTION('',(-1.,0.));
#6049 = ( GEOMETRIC_REPRESENTATION_CONTEXT(2) 
PARAMETRIC_REPRESENTATION_CONTEXT() REPRESENTATION_CONTEXT('2D SPACE',''
  ) );
#6050 = FACE_BOUND('',#6051,.T.);
#6051 = EDGE_LOOP('',(#6052,#6077,#6100,#6123,#6146,#6169,#6192,#6215,
    #6238,#6261,#6284,#6307,#6330,#6353,#6376,#6399,#6422,#6445,#6468,
    #6491,#6514,#6537,#6560,#6583,#6606,#6629,#6652,#6675,#6698,#6721,
    #6744,#6767,#6790,#6813,#6836,#6859,#6882,#6905,#6928,#6951,#6974,
    #6997,#7020,#7043,#7066,#7089,#7112,#7135,#7158,#7181,#7204,#7227,
    #7250,#7273));
#6052 = ORIENTED_EDGE('',*,*,#6053,.T.);
#6053 = EDGE_CURVE('',#6054,#6056,#6058,.T.);
#6054 = VERTEX_POINT('',#6055);
#6055 = CARTESIAN_POINT('',(-44.5,-52.,3.));
#6056 = VERTEX_POINT('',#6057);
#6057 = CARTESIAN_POINT('',(-44.5,-51.,3.));
#6058 = SURFACE_CURVE('',#6059,(#6063,#6070),.PCURVE_S1.);
#6059 = LINE('',#6060,#6061);
#6060 = CARTESIAN_POINT('',(-44.5,-52.,3.));
#6061 = VECTOR('',#6062,1.);
#6062 = DIRECTION('',(0.,1.,0.));
#6063 = PCURVE('',#612,#6064);
#6064 = DEFINITIONAL_REPRESENTATION('',(#6065),#6069);
#6065 = LINE('',#6066,#6067);
#6066 = CARTESIAN_POINT('',(-45.5,-52.));
#6067 = VECTOR('',#6068,1.);
#6068 = DIRECTION('',(0.,1.));
#6069 = ( GEOMETRIC_REPRESENTATION_CONTEXT(2) 
PARAMETRIC_REPRESENTATION_CONTEXT() REPRESENTATION_CONTEXT('2D SPACE',''
  ) );
#6070 = PCURVE('',#3965,#6071);
#6071 = DEFINITIONAL_REPRESENTATION('',(#6072),#6076);
#6072 = LINE('',#6073,#6074);
#6073 = CARTESIAN_POINT('',(0.,-4.));
#6074 = VECTOR('',#6075,1.);
#6075 = DIRECTION('',(1.,0.));
#6076 = ( GEOMETRIC_REPRESENTATION_CONTEXT(2) 
PARAMETRIC_REPRESENTATION_CONTEXT() REPRESENTATION_CONTEXT('2D SPACE',''
  ) );
#6077 = ORIENTED_EDGE('',*,*,#6078,.T.);
#6078 = EDGE_CURVE('',#6056,#6079,#6081,.T.);
#6079 = VERTEX_POINT('',#6080);
#6080 = CARTESIAN_POINT('',(-44.4711779206,-50.70736451697,3.));
#6081 = SURFACE_CURVE('',#6082,(#6086,#6093),.PCURVE_S1.);
#6082 = LINE('',#6083,#6084);
#6083 = CARTESIAN_POINT('',(-44.5,-51.,3.));
#6084 = VECTOR('',#6085,1.);
#6085 = DIRECTION('',(9.801714032956E-02,0.995184726672,0.));
#6086 = PCURVE('',#612,#6087);
#6087 = DEFINITIONAL_REPRESENTATION('',(#6088),#6092);
#6088 = LINE('',#6089,#6090);
#6089 = CARTESIAN_POINT('',(-45.5,-51.));
#6090 = VECTOR('',#6091,1.);
#6091 = DIRECTION('',(9.801714032956E-02,0.995184726672));
#6092 = ( GEOMETRIC_REPRESENTATION_CONTEXT(2) 
PARAMETRIC_REPRESENTATION_CONTEXT() REPRESENTATION_CONTEXT('2D SPACE',''
  ) );
#6093 = PCURVE('',#2589,#6094);
#6094 = DEFINITIONAL_REPRESENTATION('',(#6095),#6099);
#6095 = LINE('',#6096,#6097);
#6096 = CARTESIAN_POINT('',(0.,-4.));
#6097 = VECTOR('',#6098,1.);
#6098 = DIRECTION('',(1.,0.));
#6099 = ( GEOMETRIC_REPRESENTATION_CONTEXT(2) 
PARAMETRIC_REPRESENTATION_CONTEXT() REPRESENTATION_CONTEXT('2D SPACE',''
  ) );
#6100 = ORIENTED_EDGE('',*,*,#6101,.T.);
#6101 = EDGE_CURVE('',#6079,#6102,#6104,.T.);
#6102 = VERTEX_POINT('',#6103);
#6103 = CARTESIAN_POINT('',(-44.38581929876,-50.42597485145,3.));
#6104 = SURFACE_CURVE('',#6105,(#6109,#6116),.PCURVE_S1.);
#6105 = LINE('',#6106,#6107);
#6106 = CARTESIAN_POINT('',(-44.4711779206,-50.70736451697,3.));
#6107 = VECTOR('',#6108,1.);
#6108 = DIRECTION('',(0.290284677254,0.956940335732,0.));
#6109 = PCURVE('',#612,#6110);
#6110 = DEFINITIONAL_REPRESENTATION('',(#6111),#6115);
#6111 = LINE('',#6112,#6113);
#6112 = CARTESIAN_POINT('',(-45.4711779206,-50.70736451697));
#6113 = VECTOR('',#6114,1.);
#6114 = DIRECTION('',(0.290284677254,0.956940335732));
#6115 = ( GEOMETRIC_REPRESENTATION_CONTEXT(2) 
PARAMETRIC_REPRESENTATION_CONTEXT() REPRESENTATION_CONTEXT('2D SPACE',''
  ) );
#6116 = PCURVE('',#2615,#6117);
#6117 = DEFINITIONAL_REPRESENTATION('',(#6118),#6122);
#6118 = LINE('',#6119,#6120);
#6119 = CARTESIAN_POINT('',(0.,-4.));
#6120 = VECTOR('',#6121,1.);
#6121 = DIRECTION('',(1.,0.));
#6122 = ( GEOMETRIC_REPRESENTATION_CONTEXT(2) 
PARAMETRIC_REPRESENTATION_CONTEXT() REPRESENTATION_CONTEXT('2D SPACE',''
  ) );
#6123 = ORIENTED_EDGE('',*,*,#6124,.T.);
#6124 = EDGE_CURVE('',#6102,#6125,#6127,.T.);
#6125 = VERTEX_POINT('',#6126);
#6126 = CARTESIAN_POINT('',(-44.24720441845,-50.16664465047,3.));
#6127 = SURFACE_CURVE('',#6128,(#6132,#6139),.PCURVE_S1.);
#6128 = LINE('',#6129,#6130);
#6129 = CARTESIAN_POINT('',(-44.38581929876,-50.42597485145,3.));
#6130 = VECTOR('',#6131,1.);
#6131 = DIRECTION('',(0.471396736826,0.881921264348,0.));
#6132 = PCURVE('',#612,#6133);
#6133 = DEFINITIONAL_REPRESENTATION('',(#6134),#6138);
#6134 = LINE('',#6135,#6136);
#6135 = CARTESIAN_POINT('',(-45.38581929876,-50.42597485145));
#6136 = VECTOR('',#6137,1.);
#6137 = DIRECTION('',(0.471396736826,0.881921264348));
#6138 = ( GEOMETRIC_REPRESENTATION_CONTEXT(2) 
PARAMETRIC_REPRESENTATION_CONTEXT() REPRESENTATION_CONTEXT('2D SPACE',''
  ) );
#6139 = PCURVE('',#2641,#6140);
#6140 = DEFINITIONAL_REPRESENTATION('',(#6141),#6145);
#6141 = LINE('',#6142,#6143);
#6142 = CARTESIAN_POINT('',(0.,-4.));
#6143 = VECTOR('',#6144,1.);
#6144 = DIRECTION('',(1.,0.));
#6145 = ( GEOMETRIC_REPRESENTATION_CONTEXT(2) 
PARAMETRIC_REPRESENTATION_CONTEXT() REPRESENTATION_CONTEXT('2D SPACE',''
  ) );
#6146 = ORIENTED_EDGE('',*,*,#6147,.T.);
#6147 = EDGE_CURVE('',#6125,#6148,#6150,.T.);
#6148 = VERTEX_POINT('',#6149);
#6149 = CARTESIAN_POINT('',(-44.06066017178,-49.93933982822,3.));
#6150 = SURFACE_CURVE('',#6151,(#6155,#6162),.PCURVE_S1.);
#6151 = LINE('',#6152,#6153);
#6152 = CARTESIAN_POINT('',(-44.24720441845,-50.16664465047,3.));
#6153 = VECTOR('',#6154,1.);
#6154 = DIRECTION('',(0.634393284164,0.773010453363,0.));
#6155 = PCURVE('',#612,#6156);
#6156 = DEFINITIONAL_REPRESENTATION('',(#6157),#6161);
#6157 = LINE('',#6158,#6159);
#6158 = CARTESIAN_POINT('',(-45.24720441845,-50.16664465047));
#6159 = VECTOR('',#6160,1.);
#6160 = DIRECTION('',(0.634393284164,0.773010453363));
#6161 = ( GEOMETRIC_REPRESENTATION_CONTEXT(2) 
PARAMETRIC_REPRESENTATION_CONTEXT() REPRESENTATION_CONTEXT('2D SPACE',''
  ) );
#6162 = PCURVE('',#2667,#6163);
#6163 = DEFINITIONAL_REPRESENTATION('',(#6164),#6168);
#6164 = LINE('',#6165,#6166);
#6165 = CARTESIAN_POINT('',(0.,-4.));
#6166 = VECTOR('',#6167,1.);
#6167 = DIRECTION('',(1.,0.));
#6168 = ( GEOMETRIC_REPRESENTATION_CONTEXT(2) 
PARAMETRIC_REPRESENTATION_CONTEXT() REPRESENTATION_CONTEXT('2D SPACE',''
  ) );
#6169 = ORIENTED_EDGE('',*,*,#6170,.T.);
#6170 = EDGE_CURVE('',#6148,#6171,#6173,.T.);
#6171 = VERTEX_POINT('',#6172);
#6172 = CARTESIAN_POINT('',(-43.83335534952,-49.75279558154,3.));
#6173 = SURFACE_CURVE('',#6174,(#6178,#6185),.PCURVE_S1.);
#6174 = LINE('',#6175,#6176);
#6175 = CARTESIAN_POINT('',(-44.06066017178,-49.93933982822,3.));
#6176 = VECTOR('',#6177,1.);
#6177 = DIRECTION('',(0.773010453363,0.634393284164,0.));
#6178 = PCURVE('',#612,#6179);
#6179 = DEFINITIONAL_REPRESENTATION('',(#6180),#6184);
#6180 = LINE('',#6181,#6182);
#6181 = CARTESIAN_POINT('',(-45.06066017178,-49.93933982822));
#6182 = VECTOR('',#6183,1.);
#6183 = DIRECTION('',(0.773010453363,0.634393284164));
#6184 = ( GEOMETRIC_REPRESENTATION_CONTEXT(2) 
PARAMETRIC_REPRESENTATION_CONTEXT() REPRESENTATION_CONTEXT('2D SPACE',''
  ) );
#6185 = PCURVE('',#2693,#6186);
#6186 = DEFINITIONAL_REPRESENTATION('',(#6187),#6191);
#6187 = LINE('',#6188,#6189);
#6188 = CARTESIAN_POINT('',(0.,-4.));
#6189 = VECTOR('',#6190,1.);
#6190 = DIRECTION('',(1.,0.));
#6191 = ( GEOMETRIC_REPRESENTATION_CONTEXT(2) 
PARAMETRIC_REPRESENTATION_CONTEXT() REPRESENTATION_CONTEXT('2D SPACE',''
  ) );
#6192 = ORIENTED_EDGE('',*,*,#6193,.T.);
#6193 = EDGE_CURVE('',#6171,#6194,#6196,.T.);
#6194 = VERTEX_POINT('',#6195);
#6195 = CARTESIAN_POINT('',(-43.57402514854,-49.61418070123,3.));
#6196 = SURFACE_CURVE('',#6197,(#6201,#6208),.PCURVE_S1.);
#6197 = LINE('',#6198,#6199);
#6198 = CARTESIAN_POINT('',(-43.83335534952,-49.75279558154,3.));
#6199 = VECTOR('',#6200,1.);
#6200 = DIRECTION('',(0.881921264348,0.471396736826,0.));
#6201 = PCURVE('',#612,#6202);
#6202 = DEFINITIONAL_REPRESENTATION('',(#6203),#6207);
#6203 = LINE('',#6204,#6205);
#6204 = CARTESIAN_POINT('',(-44.83335534952,-49.75279558154));
#6205 = VECTOR('',#6206,1.);
#6206 = DIRECTION('',(0.881921264348,0.471396736826));
#6207 = ( GEOMETRIC_REPRESENTATION_CONTEXT(2) 
PARAMETRIC_REPRESENTATION_CONTEXT() REPRESENTATION_CONTEXT('2D SPACE',''
  ) );
#6208 = PCURVE('',#2719,#6209);
#6209 = DEFINITIONAL_REPRESENTATION('',(#6210),#6214);
#6210 = LINE('',#6211,#6212);
#6211 = CARTESIAN_POINT('',(0.,-4.));
#6212 = VECTOR('',#6213,1.);
#6213 = DIRECTION('',(1.,0.));
#6214 = ( GEOMETRIC_REPRESENTATION_CONTEXT(2) 
PARAMETRIC_REPRESENTATION_CONTEXT() REPRESENTATION_CONTEXT('2D SPACE',''
  ) );
#6215 = ORIENTED_EDGE('',*,*,#6216,.T.);
#6216 = EDGE_CURVE('',#6194,#6217,#6219,.T.);
#6217 = VERTEX_POINT('',#6218);
#6218 = CARTESIAN_POINT('',(-43.29263548302,-49.52882207939,3.));
#6219 = SURFACE_CURVE('',#6220,(#6224,#6231),.PCURVE_S1.);
#6220 = LINE('',#6221,#6222);
#6221 = CARTESIAN_POINT('',(-43.57402514854,-49.61418070123,3.));
#6222 = VECTOR('',#6223,1.);
#6223 = DIRECTION('',(0.956940335732,0.290284677254,0.));
#6224 = PCURVE('',#612,#6225);
#6225 = DEFINITIONAL_REPRESENTATION('',(#6226),#6230);
#6226 = LINE('',#6227,#6228);
#6227 = CARTESIAN_POINT('',(-44.57402514854,-49.61418070123));
#6228 = VECTOR('',#6229,1.);
#6229 = DIRECTION('',(0.956940335732,0.290284677254));
#6230 = ( GEOMETRIC_REPRESENTATION_CONTEXT(2) 
PARAMETRIC_REPRESENTATION_CONTEXT() REPRESENTATION_CONTEXT('2D SPACE',''
  ) );
#6231 = PCURVE('',#2745,#6232);
#6232 = DEFINITIONAL_REPRESENTATION('',(#6233),#6237);
#6233 = LINE('',#6234,#6235);
#6234 = CARTESIAN_POINT('',(0.,-4.));
#6235 = VECTOR('',#6236,1.);
#6236 = DIRECTION('',(1.,0.));
#6237 = ( GEOMETRIC_REPRESENTATION_CONTEXT(2) 
PARAMETRIC_REPRESENTATION_CONTEXT() REPRESENTATION_CONTEXT('2D SPACE',''
  ) );
#6238 = ORIENTED_EDGE('',*,*,#6239,.T.);
#6239 = EDGE_CURVE('',#6217,#6240,#6242,.T.);
#6240 = VERTEX_POINT('',#6241);
#6241 = CARTESIAN_POINT('',(-43.,-49.5,3.));
#6242 = SURFACE_CURVE('',#6243,(#6247,#6254),.PCURVE_S1.);
#6243 = LINE('',#6244,#6245);
#6244 = CARTESIAN_POINT('',(-43.29263548302,-49.52882207939,3.));
#6245 = VECTOR('',#6246,1.);
#6246 = DIRECTION('',(0.995184726672,9.801714032956E-02,0.));
#6247 = PCURVE('',#612,#6248);
#6248 = DEFINITIONAL_REPRESENTATION('',(#6249),#6253);
#6249 = LINE('',#6250,#6251);
#6250 = CARTESIAN_POINT('',(-44.29263548302,-49.52882207939));
#6251 = VECTOR('',#6252,1.);
#6252 = DIRECTION('',(0.995184726672,9.801714032956E-02));
#6253 = ( GEOMETRIC_REPRESENTATION_CONTEXT(2) 
PARAMETRIC_REPRESENTATION_CONTEXT() REPRESENTATION_CONTEXT('2D SPACE',''
  ) );
#6254 = PCURVE('',#2771,#6255);
#6255 = DEFINITIONAL_REPRESENTATION('',(#6256),#6260);
#6256 = LINE('',#6257,#6258);
#6257 = CARTESIAN_POINT('',(0.,-4.));
#6258 = VECTOR('',#6259,1.);
#6259 = DIRECTION('',(1.,0.));
#6260 = ( GEOMETRIC_REPRESENTATION_CONTEXT(2) 
PARAMETRIC_REPRESENTATION_CONTEXT() REPRESENTATION_CONTEXT('2D SPACE',''
  ) );
#6261 = ORIENTED_EDGE('',*,*,#6262,.T.);
#6262 = EDGE_CURVE('',#6240,#6263,#6265,.T.);
#6263 = VERTEX_POINT('',#6264);
#6264 = CARTESIAN_POINT('',(-36.85,-49.5,3.));
#6265 = SURFACE_CURVE('',#6266,(#6270,#6277),.PCURVE_S1.);
#6266 = LINE('',#6267,#6268);
#6267 = CARTESIAN_POINT('',(-43.,-49.5,3.));
#6268 = VECTOR('',#6269,1.);
#6269 = DIRECTION('',(1.,0.,0.));
#6270 = PCURVE('',#612,#6271);
#6271 = DEFINITIONAL_REPRESENTATION('',(#6272),#6276);
#6272 = LINE('',#6273,#6274);
#6273 = CARTESIAN_POINT('',(-44.,-49.5));
#6274 = VECTOR('',#6275,1.);
#6275 = DIRECTION('',(1.,0.));
#6276 = ( GEOMETRIC_REPRESENTATION_CONTEXT(2) 
PARAMETRIC_REPRESENTATION_CONTEXT() REPRESENTATION_CONTEXT('2D SPACE',''
  ) );
#6277 = PCURVE('',#2797,#6278);
#6278 = DEFINITIONAL_REPRESENTATION('',(#6279),#6283);
#6279 = LINE('',#6280,#6281);
#6280 = CARTESIAN_POINT('',(0.,-4.));
#6281 = VECTOR('',#6282,1.);
#6282 = DIRECTION('',(1.,0.));
#6283 = ( GEOMETRIC_REPRESENTATION_CONTEXT(2) 
PARAMETRIC_REPRESENTATION_CONTEXT() REPRESENTATION_CONTEXT('2D SPACE',''
  ) );
#6284 = ORIENTED_EDGE('',*,*,#6285,.T.);
#6285 = EDGE_CURVE('',#6263,#6286,#6288,.T.);
#6286 = VERTEX_POINT('',#6287);
#6287 = CARTESIAN_POINT('',(-36.58662806527,-49.47406012854,3.));
#6288 = SURFACE_CURVE('',#6289,(#6293,#6300),.PCURVE_S1.);
#6289 = LINE('',#6290,#6291);
#6290 = CARTESIAN_POINT('',(-36.85,-49.5,3.));
#6291 = VECTOR('',#6292,1.);
#6292 = DIRECTION('',(0.995184726672,9.801714032957E-02,0.));
#6293 = PCURVE('',#612,#6294);
#6294 = DEFINITIONAL_REPRESENTATION('',(#6295),#6299);
#6295 = LINE('',#6296,#6297);
#6296 = CARTESIAN_POINT('',(-37.85,-49.5));
#6297 = VECTOR('',#6298,1.);
#6298 = DIRECTION('',(0.995184726672,9.801714032957E-02));
#6299 = ( GEOMETRIC_REPRESENTATION_CONTEXT(2) 
PARAMETRIC_REPRESENTATION_CONTEXT() REPRESENTATION_CONTEXT('2D SPACE',''
  ) );
#6300 = PCURVE('',#2823,#6301);
#6301 = DEFINITIONAL_REPRESENTATION('',(#6302),#6306);
#6302 = LINE('',#6303,#6304);
#6303 = CARTESIAN_POINT('',(0.,-4.));
#6304 = VECTOR('',#6305,1.);
#6305 = DIRECTION('',(1.,0.));
#6306 = ( GEOMETRIC_REPRESENTATION_CONTEXT(2) 
PARAMETRIC_REPRESENTATION_CONTEXT() REPRESENTATION_CONTEXT('2D SPACE',''
  ) );
#6307 = ORIENTED_EDGE('',*,*,#6308,.T.);
#6308 = EDGE_CURVE('',#6286,#6309,#6311,.T.);
#6309 = VERTEX_POINT('',#6310);
#6310 = CARTESIAN_POINT('',(-36.3333773663,-49.39723736889,3.));
#6311 = SURFACE_CURVE('',#6312,(#6316,#6323),.PCURVE_S1.);
#6312 = LINE('',#6313,#6314);
#6313 = CARTESIAN_POINT('',(-36.58662806527,-49.47406012854,3.));
#6314 = VECTOR('',#6315,1.);
#6315 = DIRECTION('',(0.956940335732,0.290284677254,0.));
#6316 = PCURVE('',#612,#6317);
#6317 = DEFINITIONAL_REPRESENTATION('',(#6318),#6322);
#6318 = LINE('',#6319,#6320);
#6319 = CARTESIAN_POINT('',(-37.58662806527,-49.47406012854));
#6320 = VECTOR('',#6321,1.);
#6321 = DIRECTION('',(0.956940335732,0.290284677254));
#6322 = ( GEOMETRIC_REPRESENTATION_CONTEXT(2) 
PARAMETRIC_REPRESENTATION_CONTEXT() REPRESENTATION_CONTEXT('2D SPACE',''
  ) );
#6323 = PCURVE('',#2849,#6324);
#6324 = DEFINITIONAL_REPRESENTATION('',(#6325),#6329);
#6325 = LINE('',#6326,#6327);
#6326 = CARTESIAN_POINT('',(0.,-4.));
#6327 = VECTOR('',#6328,1.);
#6328 = DIRECTION('',(1.,0.));
#6329 = ( GEOMETRIC_REPRESENTATION_CONTEXT(2) 
PARAMETRIC_REPRESENTATION_CONTEXT() REPRESENTATION_CONTEXT('2D SPACE',''
  ) );
#6330 = ORIENTED_EDGE('',*,*,#6331,.T.);
#6331 = EDGE_CURVE('',#6309,#6332,#6334,.T.);
#6332 = VERTEX_POINT('',#6333);
#6333 = CARTESIAN_POINT('',(-36.09998018542,-49.2724839766,3.));
#6334 = SURFACE_CURVE('',#6335,(#6339,#6346),.PCURVE_S1.);
#6335 = LINE('',#6336,#6337);
#6336 = CARTESIAN_POINT('',(-36.3333773663,-49.39723736889,3.));
#6337 = VECTOR('',#6338,1.);
#6338 = DIRECTION('',(0.881921264348,0.471396736826,0.));
#6339 = PCURVE('',#612,#6340);
#6340 = DEFINITIONAL_REPRESENTATION('',(#6341),#6345);
#6341 = LINE('',#6342,#6343);
#6342 = CARTESIAN_POINT('',(-37.3333773663,-49.39723736889));
#6343 = VECTOR('',#6344,1.);
#6344 = DIRECTION('',(0.881921264348,0.471396736826));
#6345 = ( GEOMETRIC_REPRESENTATION_CONTEXT(2) 
PARAMETRIC_REPRESENTATION_CONTEXT() REPRESENTATION_CONTEXT('2D SPACE',''
  ) );
#6346 = PCURVE('',#2875,#6347);
#6347 = DEFINITIONAL_REPRESENTATION('',(#6348),#6352);
#6348 = LINE('',#6349,#6350);
#6349 = CARTESIAN_POINT('',(0.,-4.));
#6350 = VECTOR('',#6351,1.);
#6351 = DIRECTION('',(1.,0.));
#6352 = ( GEOMETRIC_REPRESENTATION_CONTEXT(2) 
PARAMETRIC_REPRESENTATION_CONTEXT() REPRESENTATION_CONTEXT('2D SPACE',''
  ) );
#6353 = ORIENTED_EDGE('',*,*,#6354,.T.);
#6354 = EDGE_CURVE('',#6332,#6355,#6357,.T.);
#6355 = VERTEX_POINT('',#6356);
#6356 = CARTESIAN_POINT('',(-35.89540584539,-49.1045941546,3.));
#6357 = SURFACE_CURVE('',#6358,(#6362,#6369),.PCURVE_S1.);
#6358 = LINE('',#6359,#6360);
#6359 = CARTESIAN_POINT('',(-36.09998018542,-49.2724839766,3.));
#6360 = VECTOR('',#6361,1.);
#6361 = DIRECTION('',(0.773010453363,0.634393284164,0.));
#6362 = PCURVE('',#612,#6363);
#6363 = DEFINITIONAL_REPRESENTATION('',(#6364),#6368);
#6364 = LINE('',#6365,#6366);
#6365 = CARTESIAN_POINT('',(-37.09998018542,-49.2724839766));
#6366 = VECTOR('',#6367,1.);
#6367 = DIRECTION('',(0.773010453363,0.634393284164));
#6368 = ( GEOMETRIC_REPRESENTATION_CONTEXT(2) 
PARAMETRIC_REPRESENTATION_CONTEXT() REPRESENTATION_CONTEXT('2D SPACE',''
  ) );
#6369 = PCURVE('',#2901,#6370);
#6370 = DEFINITIONAL_REPRESENTATION('',(#6371),#6375);
#6371 = LINE('',#6372,#6373);
#6372 = CARTESIAN_POINT('',(0.,-4.));
#6373 = VECTOR('',#6374,1.);
#6374 = DIRECTION('',(1.,0.));
#6375 = ( GEOMETRIC_REPRESENTATION_CONTEXT(2) 
PARAMETRIC_REPRESENTATION_CONTEXT() REPRESENTATION_CONTEXT('2D SPACE',''
  ) );
#6376 = ORIENTED_EDGE('',*,*,#6377,.T.);
#6377 = EDGE_CURVE('',#6355,#6378,#6380,.T.);
#6378 = VERTEX_POINT('',#6379);
#6379 = CARTESIAN_POINT('',(-35.72751602339,-48.90001981457,3.));
#6380 = SURFACE_CURVE('',#6381,(#6385,#6392),.PCURVE_S1.);
#6381 = LINE('',#6382,#6383);
#6382 = CARTESIAN_POINT('',(-35.89540584539,-49.1045941546,3.));
#6383 = VECTOR('',#6384,1.);
#6384 = DIRECTION('',(0.634393284164,0.773010453363,0.));
#6385 = PCURVE('',#612,#6386);
#6386 = DEFINITIONAL_REPRESENTATION('',(#6387),#6391);
#6387 = LINE('',#6388,#6389);
#6388 = CARTESIAN_POINT('',(-36.89540584539,-49.1045941546));
#6389 = VECTOR('',#6390,1.);
#6390 = DIRECTION('',(0.634393284164,0.773010453363));
#6391 = ( GEOMETRIC_REPRESENTATION_CONTEXT(2) 
PARAMETRIC_REPRESENTATION_CONTEXT() REPRESENTATION_CONTEXT('2D SPACE',''
  ) );
#6392 = PCURVE('',#2927,#6393);
#6393 = DEFINITIONAL_REPRESENTATION('',(#6394),#6398);
#6394 = LINE('',#6395,#6396);
#6395 = CARTESIAN_POINT('',(0.,-4.));
#6396 = VECTOR('',#6397,1.);
#6397 = DIRECTION('',(1.,0.));
#6398 = ( GEOMETRIC_REPRESENTATION_CONTEXT(2) 
PARAMETRIC_REPRESENTATION_CONTEXT() REPRESENTATION_CONTEXT('2D SPACE',''
  ) );
#6399 = ORIENTED_EDGE('',*,*,#6400,.T.);
#6400 = EDGE_CURVE('',#6378,#6401,#6403,.T.);
#6401 = VERTEX_POINT('',#6402);
#6402 = CARTESIAN_POINT('',(-35.60276263111,-48.66662263369,3.));
#6403 = SURFACE_CURVE('',#6404,(#6408,#6415),.PCURVE_S1.);
#6404 = LINE('',#6405,#6406);
#6405 = CARTESIAN_POINT('',(-35.72751602339,-48.90001981457,3.));
#6406 = VECTOR('',#6407,1.);
#6407 = DIRECTION('',(0.471396736826,0.881921264348,0.));
#6408 = PCURVE('',#612,#6409);
#6409 = DEFINITIONAL_REPRESENTATION('',(#6410),#6414);
#6410 = LINE('',#6411,#6412);
#6411 = CARTESIAN_POINT('',(-36.72751602339,-48.90001981457));
#6412 = VECTOR('',#6413,1.);
#6413 = DIRECTION('',(0.471396736826,0.881921264348));
#6414 = ( GEOMETRIC_REPRESENTATION_CONTEXT(2) 
PARAMETRIC_REPRESENTATION_CONTEXT() REPRESENTATION_CONTEXT('2D SPACE',''
  ) );
#6415 = PCURVE('',#2953,#6416);
#6416 = DEFINITIONAL_REPRESENTATION('',(#6417),#6421);
#6417 = LINE('',#6418,#6419);
#6418 = CARTESIAN_POINT('',(0.,-4.));
#6419 = VECTOR('',#6420,1.);
#6420 = DIRECTION('',(1.,0.));
#6421 = ( GEOMETRIC_REPRESENTATION_CONTEXT(2) 
PARAMETRIC_REPRESENTATION_CONTEXT() REPRESENTATION_CONTEXT('2D SPACE',''
  ) );
#6422 = ORIENTED_EDGE('',*,*,#6423,.T.);
#6423 = EDGE_CURVE('',#6401,#6424,#6426,.T.);
#6424 = VERTEX_POINT('',#6425);
#6425 = CARTESIAN_POINT('',(-35.52593987145,-48.41337193472,3.));
#6426 = SURFACE_CURVE('',#6427,(#6431,#6438),.PCURVE_S1.);
#6427 = LINE('',#6428,#6429);
#6428 = CARTESIAN_POINT('',(-35.60276263111,-48.66662263369,3.));
#6429 = VECTOR('',#6430,1.);
#6430 = DIRECTION('',(0.290284677254,0.956940335732,0.));
#6431 = PCURVE('',#612,#6432);
#6432 = DEFINITIONAL_REPRESENTATION('',(#6433),#6437);
#6433 = LINE('',#6434,#6435);
#6434 = CARTESIAN_POINT('',(-36.60276263111,-48.66662263369));
#6435 = VECTOR('',#6436,1.);
#6436 = DIRECTION('',(0.290284677254,0.956940335732));
#6437 = ( GEOMETRIC_REPRESENTATION_CONTEXT(2) 
PARAMETRIC_REPRESENTATION_CONTEXT() REPRESENTATION_CONTEXT('2D SPACE',''
  ) );
#6438 = PCURVE('',#2979,#6439);
#6439 = DEFINITIONAL_REPRESENTATION('',(#6440),#6444);
#6440 = LINE('',#6441,#6442);
#6441 = CARTESIAN_POINT('',(0.,-4.));
#6442 = VECTOR('',#6443,1.);
#6443 = DIRECTION('',(1.,0.));
#6444 = ( GEOMETRIC_REPRESENTATION_CONTEXT(2) 
PARAMETRIC_REPRESENTATION_CONTEXT() REPRESENTATION_CONTEXT('2D SPACE',''
  ) );
#6445 = ORIENTED_EDGE('',*,*,#6446,.T.);
#6446 = EDGE_CURVE('',#6424,#6447,#6449,.T.);
#6447 = VERTEX_POINT('',#6448);
#6448 = CARTESIAN_POINT('',(-35.5,-48.15,3.));
#6449 = SURFACE_CURVE('',#6450,(#6454,#6461),.PCURVE_S1.);
#6450 = LINE('',#6451,#6452);
#6451 = CARTESIAN_POINT('',(-35.52593987145,-48.41337193472,3.));
#6452 = VECTOR('',#6453,1.);
#6453 = DIRECTION('',(9.801714032957E-02,0.995184726672,0.));
#6454 = PCURVE('',#612,#6455);
#6455 = DEFINITIONAL_REPRESENTATION('',(#6456),#6460);
#6456 = LINE('',#6457,#6458);
#6457 = CARTESIAN_POINT('',(-36.52593987145,-48.41337193472));
#6458 = VECTOR('',#6459,1.);
#6459 = DIRECTION('',(9.801714032957E-02,0.995184726672));
#6460 = ( GEOMETRIC_REPRESENTATION_CONTEXT(2) 
PARAMETRIC_REPRESENTATION_CONTEXT() REPRESENTATION_CONTEXT('2D SPACE',''
  ) );
#6461 = PCURVE('',#3005,#6462);
#6462 = DEFINITIONAL_REPRESENTATION('',(#6463),#6467);
#6463 = LINE('',#6464,#6465);
#6464 = CARTESIAN_POINT('',(0.,-4.));
#6465 = VECTOR('',#6466,1.);
#6466 = DIRECTION('',(1.,0.));
#6467 = ( GEOMETRIC_REPRESENTATION_CONTEXT(2) 
PARAMETRIC_REPRESENTATION_CONTEXT() REPRESENTATION_CONTEXT('2D SPACE',''
  ) );
#6468 = ORIENTED_EDGE('',*,*,#6469,.T.);
#6469 = EDGE_CURVE('',#6447,#6470,#6472,.T.);
#6470 = VERTEX_POINT('',#6471);
#6471 = CARTESIAN_POINT('',(-35.5,-47.85,3.));
#6472 = SURFACE_CURVE('',#6473,(#6477,#6484),.PCURVE_S1.);
#6473 = LINE('',#6474,#6475);
#6474 = CARTESIAN_POINT('',(-35.5,-48.15,3.));
#6475 = VECTOR('',#6476,1.);
#6476 = DIRECTION('',(0.,1.,0.));
#6477 = PCURVE('',#612,#6478);
#6478 = DEFINITIONAL_REPRESENTATION('',(#6479),#6483);
#6479 = LINE('',#6480,#6481);
#6480 = CARTESIAN_POINT('',(-36.5,-48.15));
#6481 = VECTOR('',#6482,1.);
#6482 = DIRECTION('',(0.,1.));
#6483 = ( GEOMETRIC_REPRESENTATION_CONTEXT(2) 
PARAMETRIC_REPRESENTATION_CONTEXT() REPRESENTATION_CONTEXT('2D SPACE',''
  ) );
#6484 = PCURVE('',#3031,#6485);
#6485 = DEFINITIONAL_REPRESENTATION('',(#6486),#6490);
#6486 = LINE('',#6487,#6488);
#6487 = CARTESIAN_POINT('',(0.,-4.));
#6488 = VECTOR('',#6489,1.);
#6489 = DIRECTION('',(1.,0.));
#6490 = ( GEOMETRIC_REPRESENTATION_CONTEXT(2) 
PARAMETRIC_REPRESENTATION_CONTEXT() REPRESENTATION_CONTEXT('2D SPACE',''
  ) );
#6491 = ORIENTED_EDGE('',*,*,#6492,.T.);
#6492 = EDGE_CURVE('',#6470,#6493,#6495,.T.);
#6493 = VERTEX_POINT('',#6494);
#6494 = CARTESIAN_POINT('',(-35.47406012854,-47.58662806527,3.));
#6495 = SURFACE_CURVE('',#6496,(#6500,#6507),.PCURVE_S1.);
#6496 = LINE('',#6497,#6498);
#6497 = CARTESIAN_POINT('',(-35.5,-47.85,3.));
#6498 = VECTOR('',#6499,1.);
#6499 = DIRECTION('',(9.801714032957E-02,0.995184726672,0.));
#6500 = PCURVE('',#612,#6501);
#6501 = DEFINITIONAL_REPRESENTATION('',(#6502),#6506);
#6502 = LINE('',#6503,#6504);
#6503 = CARTESIAN_POINT('',(-36.5,-47.85));
#6504 = VECTOR('',#6505,1.);
#6505 = DIRECTION('',(9.801714032957E-02,0.995184726672));
#6506 = ( GEOMETRIC_REPRESENTATION_CONTEXT(2) 
PARAMETRIC_REPRESENTATION_CONTEXT() REPRESENTATION_CONTEXT('2D SPACE',''
  ) );
#6507 = PCURVE('',#3057,#6508);
#6508 = DEFINITIONAL_REPRESENTATION('',(#6509),#6513);
#6509 = LINE('',#6510,#6511);
#6510 = CARTESIAN_POINT('',(0.,-4.));
#6511 = VECTOR('',#6512,1.);
#6512 = DIRECTION('',(1.,0.));
#6513 = ( GEOMETRIC_REPRESENTATION_CONTEXT(2) 
PARAMETRIC_REPRESENTATION_CONTEXT() REPRESENTATION_CONTEXT('2D SPACE',''
  ) );
#6514 = ORIENTED_EDGE('',*,*,#6515,.T.);
#6515 = EDGE_CURVE('',#6493,#6516,#6518,.T.);
#6516 = VERTEX_POINT('',#6517);
#6517 = CARTESIAN_POINT('',(-35.39723736889,-47.3333773663,3.));
#6518 = SURFACE_CURVE('',#6519,(#6523,#6530),.PCURVE_S1.);
#6519 = LINE('',#6520,#6521);
#6520 = CARTESIAN_POINT('',(-35.47406012854,-47.58662806527,3.));
#6521 = VECTOR('',#6522,1.);
#6522 = DIRECTION('',(0.290284677254,0.956940335732,0.));
#6523 = PCURVE('',#612,#6524);
#6524 = DEFINITIONAL_REPRESENTATION('',(#6525),#6529);
#6525 = LINE('',#6526,#6527);
#6526 = CARTESIAN_POINT('',(-36.47406012854,-47.58662806527));
#6527 = VECTOR('',#6528,1.);
#6528 = DIRECTION('',(0.290284677254,0.956940335732));
#6529 = ( GEOMETRIC_REPRESENTATION_CONTEXT(2) 
PARAMETRIC_REPRESENTATION_CONTEXT() REPRESENTATION_CONTEXT('2D SPACE',''
  ) );
#6530 = PCURVE('',#3083,#6531);
#6531 = DEFINITIONAL_REPRESENTATION('',(#6532),#6536);
#6532 = LINE('',#6533,#6534);
#6533 = CARTESIAN_POINT('',(0.,-4.));
#6534 = VECTOR('',#6535,1.);
#6535 = DIRECTION('',(1.,0.));
#6536 = ( GEOMETRIC_REPRESENTATION_CONTEXT(2) 
PARAMETRIC_REPRESENTATION_CONTEXT() REPRESENTATION_CONTEXT('2D SPACE',''
  ) );
#6537 = ORIENTED_EDGE('',*,*,#6538,.T.);
#6538 = EDGE_CURVE('',#6516,#6539,#6541,.T.);
#6539 = VERTEX_POINT('',#6540);
#6540 = CARTESIAN_POINT('',(-35.2724839766,-47.09998018542,3.));
#6541 = SURFACE_CURVE('',#6542,(#6546,#6553),.PCURVE_S1.);
#6542 = LINE('',#6543,#6544);
#6543 = CARTESIAN_POINT('',(-35.39723736889,-47.3333773663,3.));
#6544 = VECTOR('',#6545,1.);
#6545 = DIRECTION('',(0.471396736826,0.881921264348,0.));
#6546 = PCURVE('',#612,#6547);
#6547 = DEFINITIONAL_REPRESENTATION('',(#6548),#6552);
#6548 = LINE('',#6549,#6550);
#6549 = CARTESIAN_POINT('',(-36.39723736889,-47.3333773663));
#6550 = VECTOR('',#6551,1.);
#6551 = DIRECTION('',(0.471396736826,0.881921264348));
#6552 = ( GEOMETRIC_REPRESENTATION_CONTEXT(2) 
PARAMETRIC_REPRESENTATION_CONTEXT() REPRESENTATION_CONTEXT('2D SPACE',''
  ) );
#6553 = PCURVE('',#3109,#6554);
#6554 = DEFINITIONAL_REPRESENTATION('',(#6555),#6559);
#6555 = LINE('',#6556,#6557);
#6556 = CARTESIAN_POINT('',(0.,-4.));
#6557 = VECTOR('',#6558,1.);
#6558 = DIRECTION('',(1.,0.));
#6559 = ( GEOMETRIC_REPRESENTATION_CONTEXT(2) 
PARAMETRIC_REPRESENTATION_CONTEXT() REPRESENTATION_CONTEXT('2D SPACE',''
  ) );
#6560 = ORIENTED_EDGE('',*,*,#6561,.T.);
#6561 = EDGE_CURVE('',#6539,#6562,#6564,.T.);
#6562 = VERTEX_POINT('',#6563);
#6563 = CARTESIAN_POINT('',(-35.1045941546,-46.89540584539,3.));
#6564 = SURFACE_CURVE('',#6565,(#6569,#6576),.PCURVE_S1.);
#6565 = LINE('',#6566,#6567);
#6566 = CARTESIAN_POINT('',(-35.2724839766,-47.09998018542,3.));
#6567 = VECTOR('',#6568,1.);
#6568 = DIRECTION('',(0.634393284164,0.773010453363,0.));
#6569 = PCURVE('',#612,#6570);
#6570 = DEFINITIONAL_REPRESENTATION('',(#6571),#6575);
#6571 = LINE('',#6572,#6573);
#6572 = CARTESIAN_POINT('',(-36.2724839766,-47.09998018542));
#6573 = VECTOR('',#6574,1.);
#6574 = DIRECTION('',(0.634393284164,0.773010453363));
#6575 = ( GEOMETRIC_REPRESENTATION_CONTEXT(2) 
PARAMETRIC_REPRESENTATION_CONTEXT() REPRESENTATION_CONTEXT('2D SPACE',''
  ) );
#6576 = PCURVE('',#3135,#6577);
#6577 = DEFINITIONAL_REPRESENTATION('',(#6578),#6582);
#6578 = LINE('',#6579,#6580);
#6579 = CARTESIAN_POINT('',(0.,-4.));
#6580 = VECTOR('',#6581,1.);
#6581 = DIRECTION('',(1.,0.));
#6582 = ( GEOMETRIC_REPRESENTATION_CONTEXT(2) 
PARAMETRIC_REPRESENTATION_CONTEXT() REPRESENTATION_CONTEXT('2D SPACE',''
  ) );
#6583 = ORIENTED_EDGE('',*,*,#6584,.T.);
#6584 = EDGE_CURVE('',#6562,#6585,#6587,.T.);
#6585 = VERTEX_POINT('',#6586);
#6586 = CARTESIAN_POINT('',(-34.90001981457,-46.72751602339,3.));
#6587 = SURFACE_CURVE('',#6588,(#6592,#6599),.PCURVE_S1.);
#6588 = LINE('',#6589,#6590);
#6589 = CARTESIAN_POINT('',(-35.1045941546,-46.89540584539,3.));
#6590 = VECTOR('',#6591,1.);
#6591 = DIRECTION('',(0.773010453363,0.634393284164,0.));
#6592 = PCURVE('',#612,#6593);
#6593 = DEFINITIONAL_REPRESENTATION('',(#6594),#6598);
#6594 = LINE('',#6595,#6596);
#6595 = CARTESIAN_POINT('',(-36.1045941546,-46.89540584539));
#6596 = VECTOR('',#6597,1.);
#6597 = DIRECTION('',(0.773010453363,0.634393284164));
#6598 = ( GEOMETRIC_REPRESENTATION_CONTEXT(2) 
PARAMETRIC_REPRESENTATION_CONTEXT() REPRESENTATION_CONTEXT('2D SPACE',''
  ) );
#6599 = PCURVE('',#3161,#6600);
#6600 = DEFINITIONAL_REPRESENTATION('',(#6601),#6605);
#6601 = LINE('',#6602,#6603);
#6602 = CARTESIAN_POINT('',(0.,-4.));
#6603 = VECTOR('',#6604,1.);
#6604 = DIRECTION('',(1.,0.));
#6605 = ( GEOMETRIC_REPRESENTATION_CONTEXT(2) 
PARAMETRIC_REPRESENTATION_CONTEXT() REPRESENTATION_CONTEXT('2D SPACE',''
  ) );
#6606 = ORIENTED_EDGE('',*,*,#6607,.T.);
#6607 = EDGE_CURVE('',#6585,#6608,#6610,.T.);
#6608 = VERTEX_POINT('',#6609);
#6609 = CARTESIAN_POINT('',(-34.66662263369,-46.60276263111,3.));
#6610 = SURFACE_CURVE('',#6611,(#6615,#6622),.PCURVE_S1.);
#6611 = LINE('',#6612,#6613);
#6612 = CARTESIAN_POINT('',(-34.90001981457,-46.72751602339,3.));
#6613 = VECTOR('',#6614,1.);
#6614 = DIRECTION('',(0.881921264348,0.471396736826,0.));
#6615 = PCURVE('',#612,#6616);
#6616 = DEFINITIONAL_REPRESENTATION('',(#6617),#6621);
#6617 = LINE('',#6618,#6619);
#6618 = CARTESIAN_POINT('',(-35.90001981457,-46.72751602339));
#6619 = VECTOR('',#6620,1.);
#6620 = DIRECTION('',(0.881921264348,0.471396736826));
#6621 = ( GEOMETRIC_REPRESENTATION_CONTEXT(2) 
PARAMETRIC_REPRESENTATION_CONTEXT() REPRESENTATION_CONTEXT('2D SPACE',''
  ) );
#6622 = PCURVE('',#3187,#6623);
#6623 = DEFINITIONAL_REPRESENTATION('',(#6624),#6628);
#6624 = LINE('',#6625,#6626);
#6625 = CARTESIAN_POINT('',(0.,-4.));
#6626 = VECTOR('',#6627,1.);
#6627 = DIRECTION('',(1.,0.));
#6628 = ( GEOMETRIC_REPRESENTATION_CONTEXT(2) 
PARAMETRIC_REPRESENTATION_CONTEXT() REPRESENTATION_CONTEXT('2D SPACE',''
  ) );
#6629 = ORIENTED_EDGE('',*,*,#6630,.T.);
#6630 = EDGE_CURVE('',#6608,#6631,#6633,.T.);
#6631 = VERTEX_POINT('',#6632);
#6632 = CARTESIAN_POINT('',(-34.41337193472,-46.52593987145,3.));
#6633 = SURFACE_CURVE('',#6634,(#6638,#6645),.PCURVE_S1.);
#6634 = LINE('',#6635,#6636);
#6635 = CARTESIAN_POINT('',(-34.66662263369,-46.60276263111,3.));
#6636 = VECTOR('',#6637,1.);
#6637 = DIRECTION('',(0.956940335732,0.290284677254,0.));
#6638 = PCURVE('',#612,#6639);
#6639 = DEFINITIONAL_REPRESENTATION('',(#6640),#6644);
#6640 = LINE('',#6641,#6642);
#6641 = CARTESIAN_POINT('',(-35.66662263369,-46.60276263111));
#6642 = VECTOR('',#6643,1.);
#6643 = DIRECTION('',(0.956940335732,0.290284677254));
#6644 = ( GEOMETRIC_REPRESENTATION_CONTEXT(2) 
PARAMETRIC_REPRESENTATION_CONTEXT() REPRESENTATION_CONTEXT('2D SPACE',''
  ) );
#6645 = PCURVE('',#3213,#6646);
#6646 = DEFINITIONAL_REPRESENTATION('',(#6647),#6651);
#6647 = LINE('',#6648,#6649);
#6648 = CARTESIAN_POINT('',(0.,-4.));
#6649 = VECTOR('',#6650,1.);
#6650 = DIRECTION('',(1.,0.));
#6651 = ( GEOMETRIC_REPRESENTATION_CONTEXT(2) 
PARAMETRIC_REPRESENTATION_CONTEXT() REPRESENTATION_CONTEXT('2D SPACE',''
  ) );
#6652 = ORIENTED_EDGE('',*,*,#6653,.T.);
#6653 = EDGE_CURVE('',#6631,#6654,#6656,.T.);
#6654 = VERTEX_POINT('',#6655);
#6655 = CARTESIAN_POINT('',(-34.15,-46.5,3.));
#6656 = SURFACE_CURVE('',#6657,(#6661,#6668),.PCURVE_S1.);
#6657 = LINE('',#6658,#6659);
#6658 = CARTESIAN_POINT('',(-34.41337193472,-46.52593987145,3.));
#6659 = VECTOR('',#6660,1.);
#6660 = DIRECTION('',(0.995184726672,9.801714032957E-02,0.));
#6661 = PCURVE('',#612,#6662);
#6662 = DEFINITIONAL_REPRESENTATION('',(#6663),#6667);
#6663 = LINE('',#6664,#6665);
#6664 = CARTESIAN_POINT('',(-35.41337193472,-46.52593987145));
#6665 = VECTOR('',#6666,1.);
#6666 = DIRECTION('',(0.995184726672,9.801714032957E-02));
#6667 = ( GEOMETRIC_REPRESENTATION_CONTEXT(2) 
PARAMETRIC_REPRESENTATION_CONTEXT() REPRESENTATION_CONTEXT('2D SPACE',''
  ) );
#6668 = PCURVE('',#3239,#6669);
#6669 = DEFINITIONAL_REPRESENTATION('',(#6670),#6674);
#6670 = LINE('',#6671,#6672);
#6671 = CARTESIAN_POINT('',(0.,-4.));
#6672 = VECTOR('',#6673,1.);
#6673 = DIRECTION('',(1.,0.));
#6674 = ( GEOMETRIC_REPRESENTATION_CONTEXT(2) 
PARAMETRIC_REPRESENTATION_CONTEXT() REPRESENTATION_CONTEXT('2D SPACE',''
  ) );
#6675 = ORIENTED_EDGE('',*,*,#6676,.T.);
#6676 = EDGE_CURVE('',#6654,#6677,#6679,.T.);
#6677 = VERTEX_POINT('',#6678);
#6678 = CARTESIAN_POINT('',(-25.,-46.5,3.));
#6679 = SURFACE_CURVE('',#6680,(#6684,#6691),.PCURVE_S1.);
#6680 = LINE('',#6681,#6682);
#6681 = CARTESIAN_POINT('',(-34.15,-46.5,3.));
#6682 = VECTOR('',#6683,1.);
#6683 = DIRECTION('',(1.,0.,0.));
#6684 = PCURVE('',#612,#6685);
#6685 = DEFINITIONAL_REPRESENTATION('',(#6686),#6690);
#6686 = LINE('',#6687,#6688);
#6687 = CARTESIAN_POINT('',(-35.15,-46.5));
#6688 = VECTOR('',#6689,1.);
#6689 = DIRECTION('',(1.,0.));
#6690 = ( GEOMETRIC_REPRESENTATION_CONTEXT(2) 
PARAMETRIC_REPRESENTATION_CONTEXT() REPRESENTATION_CONTEXT('2D SPACE',''
  ) );
#6691 = PCURVE('',#3265,#6692);
#6692 = DEFINITIONAL_REPRESENTATION('',(#6693),#6697);
#6693 = LINE('',#6694,#6695);
#6694 = CARTESIAN_POINT('',(0.,-4.));
#6695 = VECTOR('',#6696,1.);
#6696 = DIRECTION('',(1.,0.));
#6697 = ( GEOMETRIC_REPRESENTATION_CONTEXT(2) 
PARAMETRIC_REPRESENTATION_CONTEXT() REPRESENTATION_CONTEXT('2D SPACE',''
  ) );
#6698 = ORIENTED_EDGE('',*,*,#6699,.T.);
#6699 = EDGE_CURVE('',#6677,#6700,#6702,.T.);
#6700 = VERTEX_POINT('',#6701);
#6701 = CARTESIAN_POINT('',(-24.70736451697,-46.52882207939,3.));
#6702 = SURFACE_CURVE('',#6703,(#6707,#6714),.PCURVE_S1.);
#6703 = LINE('',#6704,#6705);
#6704 = CARTESIAN_POINT('',(-25.,-46.5,3.));
#6705 = VECTOR('',#6706,1.);
#6706 = DIRECTION('',(0.995184726672,-9.801714032956E-02,0.));
#6707 = PCURVE('',#612,#6708);
#6708 = DEFINITIONAL_REPRESENTATION('',(#6709),#6713);
#6709 = LINE('',#6710,#6711);
#6710 = CARTESIAN_POINT('',(-26.,-46.5));
#6711 = VECTOR('',#6712,1.);
#6712 = DIRECTION('',(0.995184726672,-9.801714032956E-02));
#6713 = ( GEOMETRIC_REPRESENTATION_CONTEXT(2) 
PARAMETRIC_REPRESENTATION_CONTEXT() REPRESENTATION_CONTEXT('2D SPACE',''
  ) );
#6714 = PCURVE('',#3291,#6715);
#6715 = DEFINITIONAL_REPRESENTATION('',(#6716),#6720);
#6716 = LINE('',#6717,#6718);
#6717 = CARTESIAN_POINT('',(0.,-4.));
#6718 = VECTOR('',#6719,1.);
#6719 = DIRECTION('',(1.,0.));
#6720 = ( GEOMETRIC_REPRESENTATION_CONTEXT(2) 
PARAMETRIC_REPRESENTATION_CONTEXT() REPRESENTATION_CONTEXT('2D SPACE',''
  ) );
#6721 = ORIENTED_EDGE('',*,*,#6722,.T.);
#6722 = EDGE_CURVE('',#6700,#6723,#6725,.T.);
#6723 = VERTEX_POINT('',#6724);
#6724 = CARTESIAN_POINT('',(-24.42597485145,-46.61418070123,3.));
#6725 = SURFACE_CURVE('',#6726,(#6730,#6737),.PCURVE_S1.);
#6726 = LINE('',#6727,#6728);
#6727 = CARTESIAN_POINT('',(-24.70736451697,-46.52882207939,3.));
#6728 = VECTOR('',#6729,1.);
#6729 = DIRECTION('',(0.956940335732,-0.290284677254,0.));
#6730 = PCURVE('',#612,#6731);
#6731 = DEFINITIONAL_REPRESENTATION('',(#6732),#6736);
#6732 = LINE('',#6733,#6734);
#6733 = CARTESIAN_POINT('',(-25.70736451697,-46.52882207939));
#6734 = VECTOR('',#6735,1.);
#6735 = DIRECTION('',(0.956940335732,-0.290284677254));
#6736 = ( GEOMETRIC_REPRESENTATION_CONTEXT(2) 
PARAMETRIC_REPRESENTATION_CONTEXT() REPRESENTATION_CONTEXT('2D SPACE',''
  ) );
#6737 = PCURVE('',#3317,#6738);
#6738 = DEFINITIONAL_REPRESENTATION('',(#6739),#6743);
#6739 = LINE('',#6740,#6741);
#6740 = CARTESIAN_POINT('',(0.,-4.));
#6741 = VECTOR('',#6742,1.);
#6742 = DIRECTION('',(1.,0.));
#6743 = ( GEOMETRIC_REPRESENTATION_CONTEXT(2) 
PARAMETRIC_REPRESENTATION_CONTEXT() REPRESENTATION_CONTEXT('2D SPACE',''
  ) );
#6744 = ORIENTED_EDGE('',*,*,#6745,.T.);
#6745 = EDGE_CURVE('',#6723,#6746,#6748,.T.);
#6746 = VERTEX_POINT('',#6747);
#6747 = CARTESIAN_POINT('',(-24.16664465047,-46.75279558154,3.));
#6748 = SURFACE_CURVE('',#6749,(#6753,#6760),.PCURVE_S1.);
#6749 = LINE('',#6750,#6751);
#6750 = CARTESIAN_POINT('',(-24.42597485145,-46.61418070123,3.));
#6751 = VECTOR('',#6752,1.);
#6752 = DIRECTION('',(0.881921264348,-0.471396736826,0.));
#6753 = PCURVE('',#612,#6754);
#6754 = DEFINITIONAL_REPRESENTATION('',(#6755),#6759);
#6755 = LINE('',#6756,#6757);
#6756 = CARTESIAN_POINT('',(-25.42597485145,-46.61418070123));
#6757 = VECTOR('',#6758,1.);
#6758 = DIRECTION('',(0.881921264348,-0.471396736826));
#6759 = ( GEOMETRIC_REPRESENTATION_CONTEXT(2) 
PARAMETRIC_REPRESENTATION_CONTEXT() REPRESENTATION_CONTEXT('2D SPACE',''
  ) );
#6760 = PCURVE('',#3343,#6761);
#6761 = DEFINITIONAL_REPRESENTATION('',(#6762),#6766);
#6762 = LINE('',#6763,#6764);
#6763 = CARTESIAN_POINT('',(0.,-4.));
#6764 = VECTOR('',#6765,1.);
#6765 = DIRECTION('',(1.,0.));
#6766 = ( GEOMETRIC_REPRESENTATION_CONTEXT(2) 
PARAMETRIC_REPRESENTATION_CONTEXT() REPRESENTATION_CONTEXT('2D SPACE',''
  ) );
#6767 = ORIENTED_EDGE('',*,*,#6768,.T.);
#6768 = EDGE_CURVE('',#6746,#6769,#6771,.T.);
#6769 = VERTEX_POINT('',#6770);
#6770 = CARTESIAN_POINT('',(-23.93933982822,-46.93933982822,3.));
#6771 = SURFACE_CURVE('',#6772,(#6776,#6783),.PCURVE_S1.);
#6772 = LINE('',#6773,#6774);
#6773 = CARTESIAN_POINT('',(-24.16664465047,-46.75279558154,3.));
#6774 = VECTOR('',#6775,1.);
#6775 = DIRECTION('',(0.773010453363,-0.634393284164,0.));
#6776 = PCURVE('',#612,#6777);
#6777 = DEFINITIONAL_REPRESENTATION('',(#6778),#6782);
#6778 = LINE('',#6779,#6780);
#6779 = CARTESIAN_POINT('',(-25.16664465047,-46.75279558154));
#6780 = VECTOR('',#6781,1.);
#6781 = DIRECTION('',(0.773010453363,-0.634393284164));
#6782 = ( GEOMETRIC_REPRESENTATION_CONTEXT(2) 
PARAMETRIC_REPRESENTATION_CONTEXT() REPRESENTATION_CONTEXT('2D SPACE',''
  ) );
#6783 = PCURVE('',#3369,#6784);
#6784 = DEFINITIONAL_REPRESENTATION('',(#6785),#6789);
#6785 = LINE('',#6786,#6787);
#6786 = CARTESIAN_POINT('',(0.,-4.));
#6787 = VECTOR('',#6788,1.);
#6788 = DIRECTION('',(1.,0.));
#6789 = ( GEOMETRIC_REPRESENTATION_CONTEXT(2) 
PARAMETRIC_REPRESENTATION_CONTEXT() REPRESENTATION_CONTEXT('2D SPACE',''
  ) );
#6790 = ORIENTED_EDGE('',*,*,#6791,.T.);
#6791 = EDGE_CURVE('',#6769,#6792,#6794,.T.);
#6792 = VERTEX_POINT('',#6793);
#6793 = CARTESIAN_POINT('',(-23.75279558154,-47.16664465047,3.));
#6794 = SURFACE_CURVE('',#6795,(#6799,#6806),.PCURVE_S1.);
#6795 = LINE('',#6796,#6797);
#6796 = CARTESIAN_POINT('',(-23.93933982822,-46.93933982822,3.));
#6797 = VECTOR('',#6798,1.);
#6798 = DIRECTION('',(0.634393284164,-0.773010453363,0.));
#6799 = PCURVE('',#612,#6800);
#6800 = DEFINITIONAL_REPRESENTATION('',(#6801),#6805);
#6801 = LINE('',#6802,#6803);
#6802 = CARTESIAN_POINT('',(-24.93933982822,-46.93933982822));
#6803 = VECTOR('',#6804,1.);
#6804 = DIRECTION('',(0.634393284164,-0.773010453363));
#6805 = ( GEOMETRIC_REPRESENTATION_CONTEXT(2) 
PARAMETRIC_REPRESENTATION_CONTEXT() REPRESENTATION_CONTEXT('2D SPACE',''
  ) );
#6806 = PCURVE('',#3395,#6807);
#6807 = DEFINITIONAL_REPRESENTATION('',(#6808),#6812);
#6808 = LINE('',#6809,#6810);
#6809 = CARTESIAN_POINT('',(0.,-4.));
#6810 = VECTOR('',#6811,1.);
#6811 = DIRECTION('',(1.,0.));
#6812 = ( GEOMETRIC_REPRESENTATION_CONTEXT(2) 
PARAMETRIC_REPRESENTATION_CONTEXT() REPRESENTATION_CONTEXT('2D SPACE',''
  ) );
#6813 = ORIENTED_EDGE('',*,*,#6814,.T.);
#6814 = EDGE_CURVE('',#6792,#6815,#6817,.T.);
#6815 = VERTEX_POINT('',#6816);
#6816 = CARTESIAN_POINT('',(-23.61418070123,-47.42597485145,3.));
#6817 = SURFACE_CURVE('',#6818,(#6822,#6829),.PCURVE_S1.);
#6818 = LINE('',#6819,#6820);
#6819 = CARTESIAN_POINT('',(-23.75279558154,-47.16664465047,3.));
#6820 = VECTOR('',#6821,1.);
#6821 = DIRECTION('',(0.471396736826,-0.881921264348,0.));
#6822 = PCURVE('',#612,#6823);
#6823 = DEFINITIONAL_REPRESENTATION('',(#6824),#6828);
#6824 = LINE('',#6825,#6826);
#6825 = CARTESIAN_POINT('',(-24.75279558154,-47.16664465047));
#6826 = VECTOR('',#6827,1.);
#6827 = DIRECTION('',(0.471396736826,-0.881921264348));
#6828 = ( GEOMETRIC_REPRESENTATION_CONTEXT(2) 
PARAMETRIC_REPRESENTATION_CONTEXT() REPRESENTATION_CONTEXT('2D SPACE',''
  ) );
#6829 = PCURVE('',#3421,#6830);
#6830 = DEFINITIONAL_REPRESENTATION('',(#6831),#6835);
#6831 = LINE('',#6832,#6833);
#6832 = CARTESIAN_POINT('',(0.,-4.));
#6833 = VECTOR('',#6834,1.);
#6834 = DIRECTION('',(1.,0.));
#6835 = ( GEOMETRIC_REPRESENTATION_CONTEXT(2) 
PARAMETRIC_REPRESENTATION_CONTEXT() REPRESENTATION_CONTEXT('2D SPACE',''
  ) );
#6836 = ORIENTED_EDGE('',*,*,#6837,.T.);
#6837 = EDGE_CURVE('',#6815,#6838,#6840,.T.);
#6838 = VERTEX_POINT('',#6839);
#6839 = CARTESIAN_POINT('',(-23.52882207939,-47.70736451697,3.));
#6840 = SURFACE_CURVE('',#6841,(#6845,#6852),.PCURVE_S1.);
#6841 = LINE('',#6842,#6843);
#6842 = CARTESIAN_POINT('',(-23.61418070123,-47.42597485145,3.));
#6843 = VECTOR('',#6844,1.);
#6844 = DIRECTION('',(0.290284677254,-0.956940335732,0.));
#6845 = PCURVE('',#612,#6846);
#6846 = DEFINITIONAL_REPRESENTATION('',(#6847),#6851);
#6847 = LINE('',#6848,#6849);
#6848 = CARTESIAN_POINT('',(-24.61418070123,-47.42597485145));
#6849 = VECTOR('',#6850,1.);
#6850 = DIRECTION('',(0.290284677254,-0.956940335732));
#6851 = ( GEOMETRIC_REPRESENTATION_CONTEXT(2) 
PARAMETRIC_REPRESENTATION_CONTEXT() REPRESENTATION_CONTEXT('2D SPACE',''
  ) );
#6852 = PCURVE('',#3447,#6853);
#6853 = DEFINITIONAL_REPRESENTATION('',(#6854),#6858);
#6854 = LINE('',#6855,#6856);
#6855 = CARTESIAN_POINT('',(0.,-4.));
#6856 = VECTOR('',#6857,1.);
#6857 = DIRECTION('',(1.,0.));
#6858 = ( GEOMETRIC_REPRESENTATION_CONTEXT(2) 
PARAMETRIC_REPRESENTATION_CONTEXT() REPRESENTATION_CONTEXT('2D SPACE',''
  ) );
#6859 = ORIENTED_EDGE('',*,*,#6860,.T.);
#6860 = EDGE_CURVE('',#6838,#6861,#6863,.T.);
#6861 = VERTEX_POINT('',#6862);
#6862 = CARTESIAN_POINT('',(-23.5,-48.,3.));
#6863 = SURFACE_CURVE('',#6864,(#6868,#6875),.PCURVE_S1.);
#6864 = LINE('',#6865,#6866);
#6865 = CARTESIAN_POINT('',(-23.52882207939,-47.70736451697,3.));
#6866 = VECTOR('',#6867,1.);
#6867 = DIRECTION('',(9.801714032956E-02,-0.995184726672,0.));
#6868 = PCURVE('',#612,#6869);
#6869 = DEFINITIONAL_REPRESENTATION('',(#6870),#6874);
#6870 = LINE('',#6871,#6872);
#6871 = CARTESIAN_POINT('',(-24.52882207939,-47.70736451697));
#6872 = VECTOR('',#6873,1.);
#6873 = DIRECTION('',(9.801714032956E-02,-0.995184726672));
#6874 = ( GEOMETRIC_REPRESENTATION_CONTEXT(2) 
PARAMETRIC_REPRESENTATION_CONTEXT() REPRESENTATION_CONTEXT('2D SPACE',''
  ) );
#6875 = PCURVE('',#3473,#6876);
#6876 = DEFINITIONAL_REPRESENTATION('',(#6877),#6881);
#6877 = LINE('',#6878,#6879);
#6878 = CARTESIAN_POINT('',(0.,-4.));
#6879 = VECTOR('',#6880,1.);
#6880 = DIRECTION('',(1.,0.));
#6881 = ( GEOMETRIC_REPRESENTATION_CONTEXT(2) 
PARAMETRIC_REPRESENTATION_CONTEXT() REPRESENTATION_CONTEXT('2D SPACE',''
  ) );
#6882 = ORIENTED_EDGE('',*,*,#6883,.T.);
#6883 = EDGE_CURVE('',#6861,#6884,#6886,.T.);
#6884 = VERTEX_POINT('',#6885);
#6885 = CARTESIAN_POINT('',(-23.5,-52.,3.));
#6886 = SURFACE_CURVE('',#6887,(#6891,#6898),.PCURVE_S1.);
#6887 = LINE('',#6888,#6889);
#6888 = CARTESIAN_POINT('',(-23.5,-48.,3.));
#6889 = VECTOR('',#6890,1.);
#6890 = DIRECTION('',(0.,-1.,0.));
#6891 = PCURVE('',#612,#6892);
#6892 = DEFINITIONAL_REPRESENTATION('',(#6893),#6897);
#6893 = LINE('',#6894,#6895);
#6894 = CARTESIAN_POINT('',(-24.5,-48.));
#6895 = VECTOR('',#6896,1.);
#6896 = DIRECTION('',(0.,-1.));
#6897 = ( GEOMETRIC_REPRESENTATION_CONTEXT(2) 
PARAMETRIC_REPRESENTATION_CONTEXT() REPRESENTATION_CONTEXT('2D SPACE',''
  ) );
#6898 = PCURVE('',#3499,#6899);
#6899 = DEFINITIONAL_REPRESENTATION('',(#6900),#6904);
#6900 = LINE('',#6901,#6902);
#6901 = CARTESIAN_POINT('',(0.,-4.));
#6902 = VECTOR('',#6903,1.);
#6903 = DIRECTION('',(1.,0.));
#6904 = ( GEOMETRIC_REPRESENTATION_CONTEXT(2) 
PARAMETRIC_REPRESENTATION_CONTEXT() REPRESENTATION_CONTEXT('2D SPACE',''
  ) );
#6905 = ORIENTED_EDGE('',*,*,#6906,.T.);
#6906 = EDGE_CURVE('',#6884,#6907,#6909,.T.);
#6907 = VERTEX_POINT('',#6908);
#6908 = CARTESIAN_POINT('',(-23.52882207939,-52.29263548302,3.));
#6909 = SURFACE_CURVE('',#6910,(#6914,#6921),.PCURVE_S1.);
#6910 = LINE('',#6911,#6912);
#6911 = CARTESIAN_POINT('',(-23.5,-52.,3.));
#6912 = VECTOR('',#6913,1.);
#6913 = DIRECTION('',(-9.801714032956E-02,-0.995184726672,0.));
#6914 = PCURVE('',#612,#6915);
#6915 = DEFINITIONAL_REPRESENTATION('',(#6916),#6920);
#6916 = LINE('',#6917,#6918);
#6917 = CARTESIAN_POINT('',(-24.5,-52.));
#6918 = VECTOR('',#6919,1.);
#6919 = DIRECTION('',(-9.801714032956E-02,-0.995184726672));
#6920 = ( GEOMETRIC_REPRESENTATION_CONTEXT(2) 
PARAMETRIC_REPRESENTATION_CONTEXT() REPRESENTATION_CONTEXT('2D SPACE',''
  ) );
#6921 = PCURVE('',#3525,#6922);
#6922 = DEFINITIONAL_REPRESENTATION('',(#6923),#6927);
#6923 = LINE('',#6924,#6925);
#6924 = CARTESIAN_POINT('',(0.,-4.));
#6925 = VECTOR('',#6926,1.);
#6926 = DIRECTION('',(1.,0.));
#6927 = ( GEOMETRIC_REPRESENTATION_CONTEXT(2) 
PARAMETRIC_REPRESENTATION_CONTEXT() REPRESENTATION_CONTEXT('2D SPACE',''
  ) );
#6928 = ORIENTED_EDGE('',*,*,#6929,.T.);
#6929 = EDGE_CURVE('',#6907,#6930,#6932,.T.);
#6930 = VERTEX_POINT('',#6931);
#6931 = CARTESIAN_POINT('',(-23.61418070123,-52.57402514854,3.));
#6932 = SURFACE_CURVE('',#6933,(#6937,#6944),.PCURVE_S1.);
#6933 = LINE('',#6934,#6935);
#6934 = CARTESIAN_POINT('',(-23.52882207939,-52.29263548302,3.));
#6935 = VECTOR('',#6936,1.);
#6936 = DIRECTION('',(-0.290284677254,-0.956940335732,0.));
#6937 = PCURVE('',#612,#6938);
#6938 = DEFINITIONAL_REPRESENTATION('',(#6939),#6943);
#6939 = LINE('',#6940,#6941);
#6940 = CARTESIAN_POINT('',(-24.52882207939,-52.29263548302));
#6941 = VECTOR('',#6942,1.);
#6942 = DIRECTION('',(-0.290284677254,-0.956940335732));
#6943 = ( GEOMETRIC_REPRESENTATION_CONTEXT(2) 
PARAMETRIC_REPRESENTATION_CONTEXT() REPRESENTATION_CONTEXT('2D SPACE',''
  ) );
#6944 = PCURVE('',#3551,#6945);
#6945 = DEFINITIONAL_REPRESENTATION('',(#6946),#6950);
#6946 = LINE('',#6947,#6948);
#6947 = CARTESIAN_POINT('',(0.,-4.));
#6948 = VECTOR('',#6949,1.);
#6949 = DIRECTION('',(1.,0.));
#6950 = ( GEOMETRIC_REPRESENTATION_CONTEXT(2) 
PARAMETRIC_REPRESENTATION_CONTEXT() REPRESENTATION_CONTEXT('2D SPACE',''
  ) );
#6951 = ORIENTED_EDGE('',*,*,#6952,.T.);
#6952 = EDGE_CURVE('',#6930,#6953,#6955,.T.);
#6953 = VERTEX_POINT('',#6954);
#6954 = CARTESIAN_POINT('',(-23.75279558154,-52.83335534952,3.));
#6955 = SURFACE_CURVE('',#6956,(#6960,#6967),.PCURVE_S1.);
#6956 = LINE('',#6957,#6958);
#6957 = CARTESIAN_POINT('',(-23.61418070123,-52.57402514854,3.));
#6958 = VECTOR('',#6959,1.);
#6959 = DIRECTION('',(-0.471396736826,-0.881921264348,0.));
#6960 = PCURVE('',#612,#6961);
#6961 = DEFINITIONAL_REPRESENTATION('',(#6962),#6966);
#6962 = LINE('',#6963,#6964);
#6963 = CARTESIAN_POINT('',(-24.61418070123,-52.57402514854));
#6964 = VECTOR('',#6965,1.);
#6965 = DIRECTION('',(-0.471396736826,-0.881921264348));
#6966 = ( GEOMETRIC_REPRESENTATION_CONTEXT(2) 
PARAMETRIC_REPRESENTATION_CONTEXT() REPRESENTATION_CONTEXT('2D SPACE',''
  ) );
#6967 = PCURVE('',#3577,#6968);
#6968 = DEFINITIONAL_REPRESENTATION('',(#6969),#6973);
#6969 = LINE('',#6970,#6971);
#6970 = CARTESIAN_POINT('',(0.,-4.));
#6971 = VECTOR('',#6972,1.);
#6972 = DIRECTION('',(1.,0.));
#6973 = ( GEOMETRIC_REPRESENTATION_CONTEXT(2) 
PARAMETRIC_REPRESENTATION_CONTEXT() REPRESENTATION_CONTEXT('2D SPACE',''
  ) );
#6974 = ORIENTED_EDGE('',*,*,#6975,.T.);
#6975 = EDGE_CURVE('',#6953,#6976,#6978,.T.);
#6976 = VERTEX_POINT('',#6977);
#6977 = CARTESIAN_POINT('',(-23.93933982822,-53.06066017178,3.));
#6978 = SURFACE_CURVE('',#6979,(#6983,#6990),.PCURVE_S1.);
#6979 = LINE('',#6980,#6981);
#6980 = CARTESIAN_POINT('',(-23.75279558154,-52.83335534952,3.));
#6981 = VECTOR('',#6982,1.);
#6982 = DIRECTION('',(-0.634393284164,-0.773010453363,0.));
#6983 = PCURVE('',#612,#6984);
#6984 = DEFINITIONAL_REPRESENTATION('',(#6985),#6989);
#6985 = LINE('',#6986,#6987);
#6986 = CARTESIAN_POINT('',(-24.75279558154,-52.83335534952));
#6987 = VECTOR('',#6988,1.);
#6988 = DIRECTION('',(-0.634393284164,-0.773010453363));
#6989 = ( GEOMETRIC_REPRESENTATION_CONTEXT(2) 
PARAMETRIC_REPRESENTATION_CONTEXT() REPRESENTATION_CONTEXT('2D SPACE',''
  ) );
#6990 = PCURVE('',#3603,#6991);
#6991 = DEFINITIONAL_REPRESENTATION('',(#6992),#6996);
#6992 = LINE('',#6993,#6994);
#6993 = CARTESIAN_POINT('',(0.,-4.));
#6994 = VECTOR('',#6995,1.);
#6995 = DIRECTION('',(1.,0.));
#6996 = ( GEOMETRIC_REPRESENTATION_CONTEXT(2) 
PARAMETRIC_REPRESENTATION_CONTEXT() REPRESENTATION_CONTEXT('2D SPACE',''
  ) );
#6997 = ORIENTED_EDGE('',*,*,#6998,.T.);
#6998 = EDGE_CURVE('',#6976,#6999,#7001,.T.);
#6999 = VERTEX_POINT('',#7000);
#7000 = CARTESIAN_POINT('',(-24.16664465047,-53.24720441845,3.));
#7001 = SURFACE_CURVE('',#7002,(#7006,#7013),.PCURVE_S1.);
#7002 = LINE('',#7003,#7004);
#7003 = CARTESIAN_POINT('',(-23.93933982822,-53.06066017178,3.));
#7004 = VECTOR('',#7005,1.);
#7005 = DIRECTION('',(-0.773010453363,-0.634393284164,0.));
#7006 = PCURVE('',#612,#7007);
#7007 = DEFINITIONAL_REPRESENTATION('',(#7008),#7012);
#7008 = LINE('',#7009,#7010);
#7009 = CARTESIAN_POINT('',(-24.93933982822,-53.06066017178));
#7010 = VECTOR('',#7011,1.);
#7011 = DIRECTION('',(-0.773010453363,-0.634393284164));
#7012 = ( GEOMETRIC_REPRESENTATION_CONTEXT(2) 
PARAMETRIC_REPRESENTATION_CONTEXT() REPRESENTATION_CONTEXT('2D SPACE',''
  ) );
#7013 = PCURVE('',#3629,#7014);
#7014 = DEFINITIONAL_REPRESENTATION('',(#7015),#7019);
#7015 = LINE('',#7016,#7017);
#7016 = CARTESIAN_POINT('',(0.,-4.));
#7017 = VECTOR('',#7018,1.);
#7018 = DIRECTION('',(1.,0.));
#7019 = ( GEOMETRIC_REPRESENTATION_CONTEXT(2) 
PARAMETRIC_REPRESENTATION_CONTEXT() REPRESENTATION_CONTEXT('2D SPACE',''
  ) );
#7020 = ORIENTED_EDGE('',*,*,#7021,.T.);
#7021 = EDGE_CURVE('',#6999,#7022,#7024,.T.);
#7022 = VERTEX_POINT('',#7023);
#7023 = CARTESIAN_POINT('',(-24.42597485145,-53.38581929876,3.));
#7024 = SURFACE_CURVE('',#7025,(#7029,#7036),.PCURVE_S1.);
#7025 = LINE('',#7026,#7027);
#7026 = CARTESIAN_POINT('',(-24.16664465047,-53.24720441845,3.));
#7027 = VECTOR('',#7028,1.);
#7028 = DIRECTION('',(-0.881921264348,-0.471396736826,0.));
#7029 = PCURVE('',#612,#7030);
#7030 = DEFINITIONAL_REPRESENTATION('',(#7031),#7035);
#7031 = LINE('',#7032,#7033);
#7032 = CARTESIAN_POINT('',(-25.16664465047,-53.24720441845));
#7033 = VECTOR('',#7034,1.);
#7034 = DIRECTION('',(-0.881921264348,-0.471396736826));
#7035 = ( GEOMETRIC_REPRESENTATION_CONTEXT(2) 
PARAMETRIC_REPRESENTATION_CONTEXT() REPRESENTATION_CONTEXT('2D SPACE',''
  ) );
#7036 = PCURVE('',#3655,#7037);
#7037 = DEFINITIONAL_REPRESENTATION('',(#7038),#7042);
#7038 = LINE('',#7039,#7040);
#7039 = CARTESIAN_POINT('',(0.,-4.));
#7040 = VECTOR('',#7041,1.);
#7041 = DIRECTION('',(1.,0.));
#7042 = ( GEOMETRIC_REPRESENTATION_CONTEXT(2) 
PARAMETRIC_REPRESENTATION_CONTEXT() REPRESENTATION_CONTEXT('2D SPACE',''
  ) );
#7043 = ORIENTED_EDGE('',*,*,#7044,.T.);
#7044 = EDGE_CURVE('',#7022,#7045,#7047,.T.);
#7045 = VERTEX_POINT('',#7046);
#7046 = CARTESIAN_POINT('',(-24.70736451697,-53.4711779206,3.));
#7047 = SURFACE_CURVE('',#7048,(#7052,#7059),.PCURVE_S1.);
#7048 = LINE('',#7049,#7050);
#7049 = CARTESIAN_POINT('',(-24.42597485145,-53.38581929876,3.));
#7050 = VECTOR('',#7051,1.);
#7051 = DIRECTION('',(-0.956940335732,-0.290284677254,0.));
#7052 = PCURVE('',#612,#7053);
#7053 = DEFINITIONAL_REPRESENTATION('',(#7054),#7058);
#7054 = LINE('',#7055,#7056);
#7055 = CARTESIAN_POINT('',(-25.42597485145,-53.38581929876));
#7056 = VECTOR('',#7057,1.);
#7057 = DIRECTION('',(-0.956940335732,-0.290284677254));
#7058 = ( GEOMETRIC_REPRESENTATION_CONTEXT(2) 
PARAMETRIC_REPRESENTATION_CONTEXT() REPRESENTATION_CONTEXT('2D SPACE',''
  ) );
#7059 = PCURVE('',#3681,#7060);
#7060 = DEFINITIONAL_REPRESENTATION('',(#7061),#7065);
#7061 = LINE('',#7062,#7063);
#7062 = CARTESIAN_POINT('',(0.,-4.));
#7063 = VECTOR('',#7064,1.);
#7064 = DIRECTION('',(1.,0.));
#7065 = ( GEOMETRIC_REPRESENTATION_CONTEXT(2) 
PARAMETRIC_REPRESENTATION_CONTEXT() REPRESENTATION_CONTEXT('2D SPACE',''
  ) );
#7066 = ORIENTED_EDGE('',*,*,#7067,.T.);
#7067 = EDGE_CURVE('',#7045,#7068,#7070,.T.);
#7068 = VERTEX_POINT('',#7069);
#7069 = CARTESIAN_POINT('',(-25.,-53.5,3.));
#7070 = SURFACE_CURVE('',#7071,(#7075,#7082),.PCURVE_S1.);
#7071 = LINE('',#7072,#7073);
#7072 = CARTESIAN_POINT('',(-24.70736451697,-53.4711779206,3.));
#7073 = VECTOR('',#7074,1.);
#7074 = DIRECTION('',(-0.995184726672,-9.801714032956E-02,0.));
#7075 = PCURVE('',#612,#7076);
#7076 = DEFINITIONAL_REPRESENTATION('',(#7077),#7081);
#7077 = LINE('',#7078,#7079);
#7078 = CARTESIAN_POINT('',(-25.70736451697,-53.4711779206));
#7079 = VECTOR('',#7080,1.);
#7080 = DIRECTION('',(-0.995184726672,-9.801714032956E-02));
#7081 = ( GEOMETRIC_REPRESENTATION_CONTEXT(2) 
PARAMETRIC_REPRESENTATION_CONTEXT() REPRESENTATION_CONTEXT('2D SPACE',''
  ) );
#7082 = PCURVE('',#3707,#7083);
#7083 = DEFINITIONAL_REPRESENTATION('',(#7084),#7088);
#7084 = LINE('',#7085,#7086);
#7085 = CARTESIAN_POINT('',(0.,-4.));
#7086 = VECTOR('',#7087,1.);
#7087 = DIRECTION('',(1.,0.));
#7088 = ( GEOMETRIC_REPRESENTATION_CONTEXT(2) 
PARAMETRIC_REPRESENTATION_CONTEXT() REPRESENTATION_CONTEXT('2D SPACE',''
  ) );
#7089 = ORIENTED_EDGE('',*,*,#7090,.T.);
#7090 = EDGE_CURVE('',#7068,#7091,#7093,.T.);
#7091 = VERTEX_POINT('',#7092);
#7092 = CARTESIAN_POINT('',(-43.,-53.5,3.));
#7093 = SURFACE_CURVE('',#7094,(#7098,#7105),.PCURVE_S1.);
#7094 = LINE('',#7095,#7096);
#7095 = CARTESIAN_POINT('',(-25.,-53.5,3.));
#7096 = VECTOR('',#7097,1.);
#7097 = DIRECTION('',(-1.,0.,0.));
#7098 = PCURVE('',#612,#7099);
#7099 = DEFINITIONAL_REPRESENTATION('',(#7100),#7104);
#7100 = LINE('',#7101,#7102);
#7101 = CARTESIAN_POINT('',(-26.,-53.5));
#7102 = VECTOR('',#7103,1.);
#7103 = DIRECTION('',(-1.,0.));
#7104 = ( GEOMETRIC_REPRESENTATION_CONTEXT(2) 
PARAMETRIC_REPRESENTATION_CONTEXT() REPRESENTATION_CONTEXT('2D SPACE',''
  ) );
#7105 = PCURVE('',#3733,#7106);
#7106 = DEFINITIONAL_REPRESENTATION('',(#7107),#7111);
#7107 = LINE('',#7108,#7109);
#7108 = CARTESIAN_POINT('',(0.,-4.));
#7109 = VECTOR('',#7110,1.);
#7110 = DIRECTION('',(1.,0.));
#7111 = ( GEOMETRIC_REPRESENTATION_CONTEXT(2) 
PARAMETRIC_REPRESENTATION_CONTEXT() REPRESENTATION_CONTEXT('2D SPACE',''
  ) );
#7112 = ORIENTED_EDGE('',*,*,#7113,.T.);
#7113 = EDGE_CURVE('',#7091,#7114,#7116,.T.);
#7114 = VERTEX_POINT('',#7115);
#7115 = CARTESIAN_POINT('',(-43.29263548302,-53.4711779206,3.));
#7116 = SURFACE_CURVE('',#7117,(#7121,#7128),.PCURVE_S1.);
#7117 = LINE('',#7118,#7119);
#7118 = CARTESIAN_POINT('',(-43.,-53.5,3.));
#7119 = VECTOR('',#7120,1.);
#7120 = DIRECTION('',(-0.995184726672,9.801714032956E-02,0.));
#7121 = PCURVE('',#612,#7122);
#7122 = DEFINITIONAL_REPRESENTATION('',(#7123),#7127);
#7123 = LINE('',#7124,#7125);
#7124 = CARTESIAN_POINT('',(-44.,-53.5));
#7125 = VECTOR('',#7126,1.);
#7126 = DIRECTION('',(-0.995184726672,9.801714032956E-02));
#7127 = ( GEOMETRIC_REPRESENTATION_CONTEXT(2) 
PARAMETRIC_REPRESENTATION_CONTEXT() REPRESENTATION_CONTEXT('2D SPACE',''
  ) );
#7128 = PCURVE('',#3759,#7129);
#7129 = DEFINITIONAL_REPRESENTATION('',(#7130),#7134);
#7130 = LINE('',#7131,#7132);
#7131 = CARTESIAN_POINT('',(0.,-4.));
#7132 = VECTOR('',#7133,1.);
#7133 = DIRECTION('',(1.,0.));
#7134 = ( GEOMETRIC_REPRESENTATION_CONTEXT(2) 
PARAMETRIC_REPRESENTATION_CONTEXT() REPRESENTATION_CONTEXT('2D SPACE',''
  ) );
#7135 = ORIENTED_EDGE('',*,*,#7136,.T.);
#7136 = EDGE_CURVE('',#7114,#7137,#7139,.T.);
#7137 = VERTEX_POINT('',#7138);
#7138 = CARTESIAN_POINT('',(-43.57402514854,-53.38581929876,3.));
#7139 = SURFACE_CURVE('',#7140,(#7144,#7151),.PCURVE_S1.);
#7140 = LINE('',#7141,#7142);
#7141 = CARTESIAN_POINT('',(-43.29263548302,-53.4711779206,3.));
#7142 = VECTOR('',#7143,1.);
#7143 = DIRECTION('',(-0.956940335732,0.290284677254,0.));
#7144 = PCURVE('',#612,#7145);
#7145 = DEFINITIONAL_REPRESENTATION('',(#7146),#7150);
#7146 = LINE('',#7147,#7148);
#7147 = CARTESIAN_POINT('',(-44.29263548302,-53.4711779206));
#7148 = VECTOR('',#7149,1.);
#7149 = DIRECTION('',(-0.956940335732,0.290284677254));
#7150 = ( GEOMETRIC_REPRESENTATION_CONTEXT(2) 
PARAMETRIC_REPRESENTATION_CONTEXT() REPRESENTATION_CONTEXT('2D SPACE',''
  ) );
#7151 = PCURVE('',#3785,#7152);
#7152 = DEFINITIONAL_REPRESENTATION('',(#7153),#7157);
#7153 = LINE('',#7154,#7155);
#7154 = CARTESIAN_POINT('',(0.,-4.));
#7155 = VECTOR('',#7156,1.);
#7156 = DIRECTION('',(1.,0.));
#7157 = ( GEOMETRIC_REPRESENTATION_CONTEXT(2) 
PARAMETRIC_REPRESENTATION_CONTEXT() REPRESENTATION_CONTEXT('2D SPACE',''
  ) );
#7158 = ORIENTED_EDGE('',*,*,#7159,.T.);
#7159 = EDGE_CURVE('',#7137,#7160,#7162,.T.);
#7160 = VERTEX_POINT('',#7161);
#7161 = CARTESIAN_POINT('',(-43.83335534952,-53.24720441845,3.));
#7162 = SURFACE_CURVE('',#7163,(#7167,#7174),.PCURVE_S1.);
#7163 = LINE('',#7164,#7165);
#7164 = CARTESIAN_POINT('',(-43.57402514854,-53.38581929876,3.));
#7165 = VECTOR('',#7166,1.);
#7166 = DIRECTION('',(-0.881921264348,0.471396736826,0.));
#7167 = PCURVE('',#612,#7168);
#7168 = DEFINITIONAL_REPRESENTATION('',(#7169),#7173);
#7169 = LINE('',#7170,#7171);
#7170 = CARTESIAN_POINT('',(-44.57402514854,-53.38581929876));
#7171 = VECTOR('',#7172,1.);
#7172 = DIRECTION('',(-0.881921264348,0.471396736826));
#7173 = ( GEOMETRIC_REPRESENTATION_CONTEXT(2) 
PARAMETRIC_REPRESENTATION_CONTEXT() REPRESENTATION_CONTEXT('2D SPACE',''
  ) );
#7174 = PCURVE('',#3811,#7175);
#7175 = DEFINITIONAL_REPRESENTATION('',(#7176),#7180);
#7176 = LINE('',#7177,#7178);
#7177 = CARTESIAN_POINT('',(0.,-4.));
#7178 = VECTOR('',#7179,1.);
#7179 = DIRECTION('',(1.,0.));
#7180 = ( GEOMETRIC_REPRESENTATION_CONTEXT(2) 
PARAMETRIC_REPRESENTATION_CONTEXT() REPRESENTATION_CONTEXT('2D SPACE',''
  ) );
#7181 = ORIENTED_EDGE('',*,*,#7182,.T.);
#7182 = EDGE_CURVE('',#7160,#7183,#7185,.T.);
#7183 = VERTEX_POINT('',#7184);
#7184 = CARTESIAN_POINT('',(-44.06066017178,-53.06066017178,3.));
#7185 = SURFACE_CURVE('',#7186,(#7190,#7197),.PCURVE_S1.);
#7186 = LINE('',#7187,#7188);
#7187 = CARTESIAN_POINT('',(-43.83335534952,-53.24720441845,3.));
#7188 = VECTOR('',#7189,1.);
#7189 = DIRECTION('',(-0.773010453363,0.634393284164,0.));
#7190 = PCURVE('',#612,#7191);
#7191 = DEFINITIONAL_REPRESENTATION('',(#7192),#7196);
#7192 = LINE('',#7193,#7194);
#7193 = CARTESIAN_POINT('',(-44.83335534952,-53.24720441845));
#7194 = VECTOR('',#7195,1.);
#7195 = DIRECTION('',(-0.773010453363,0.634393284164));
#7196 = ( GEOMETRIC_REPRESENTATION_CONTEXT(2) 
PARAMETRIC_REPRESENTATION_CONTEXT() REPRESENTATION_CONTEXT('2D SPACE',''
  ) );
#7197 = PCURVE('',#3837,#7198);
#7198 = DEFINITIONAL_REPRESENTATION('',(#7199),#7203);
#7199 = LINE('',#7200,#7201);
#7200 = CARTESIAN_POINT('',(0.,-4.));
#7201 = VECTOR('',#7202,1.);
#7202 = DIRECTION('',(1.,0.));
#7203 = ( GEOMETRIC_REPRESENTATION_CONTEXT(2) 
PARAMETRIC_REPRESENTATION_CONTEXT() REPRESENTATION_CONTEXT('2D SPACE',''
  ) );
#7204 = ORIENTED_EDGE('',*,*,#7205,.T.);
#7205 = EDGE_CURVE('',#7183,#7206,#7208,.T.);
#7206 = VERTEX_POINT('',#7207);
#7207 = CARTESIAN_POINT('',(-44.24720441845,-52.83335534952,3.));
#7208 = SURFACE_CURVE('',#7209,(#7213,#7220),.PCURVE_S1.);
#7209 = LINE('',#7210,#7211);
#7210 = CARTESIAN_POINT('',(-44.06066017178,-53.06066017178,3.));
#7211 = VECTOR('',#7212,1.);
#7212 = DIRECTION('',(-0.634393284164,0.773010453363,0.));
#7213 = PCURVE('',#612,#7214);
#7214 = DEFINITIONAL_REPRESENTATION('',(#7215),#7219);
#7215 = LINE('',#7216,#7217);
#7216 = CARTESIAN_POINT('',(-45.06066017178,-53.06066017178));
#7217 = VECTOR('',#7218,1.);
#7218 = DIRECTION('',(-0.634393284164,0.773010453363));
#7219 = ( GEOMETRIC_REPRESENTATION_CONTEXT(2) 
PARAMETRIC_REPRESENTATION_CONTEXT() REPRESENTATION_CONTEXT('2D SPACE',''
  ) );
#7220 = PCURVE('',#3863,#7221);
#7221 = DEFINITIONAL_REPRESENTATION('',(#7222),#7226);
#7222 = LINE('',#7223,#7224);
#7223 = CARTESIAN_POINT('',(0.,-4.));
#7224 = VECTOR('',#7225,1.);
#7225 = DIRECTION('',(1.,0.));
#7226 = ( GEOMETRIC_REPRESENTATION_CONTEXT(2) 
PARAMETRIC_REPRESENTATION_CONTEXT() REPRESENTATION_CONTEXT('2D SPACE',''
  ) );
#7227 = ORIENTED_EDGE('',*,*,#7228,.T.);
#7228 = EDGE_CURVE('',#7206,#7229,#7231,.T.);
#7229 = VERTEX_POINT('',#7230);
#7230 = CARTESIAN_POINT('',(-44.38581929876,-52.57402514854,3.));
#7231 = SURFACE_CURVE('',#7232,(#7236,#7243),.PCURVE_S1.);
#7232 = LINE('',#7233,#7234);
#7233 = CARTESIAN_POINT('',(-44.24720441845,-52.83335534952,3.));
#7234 = VECTOR('',#7235,1.);
#7235 = DIRECTION('',(-0.471396736826,0.881921264348,0.));
#7236 = PCURVE('',#612,#7237);
#7237 = DEFINITIONAL_REPRESENTATION('',(#7238),#7242);
#7238 = LINE('',#7239,#7240);
#7239 = CARTESIAN_POINT('',(-45.24720441845,-52.83335534952));
#7240 = VECTOR('',#7241,1.);
#7241 = DIRECTION('',(-0.471396736826,0.881921264348));
#7242 = ( GEOMETRIC_REPRESENTATION_CONTEXT(2) 
PARAMETRIC_REPRESENTATION_CONTEXT() REPRESENTATION_CONTEXT('2D SPACE',''
  ) );
#7243 = PCURVE('',#3889,#7244);
#7244 = DEFINITIONAL_REPRESENTATION('',(#7245),#7249);
#7245 = LINE('',#7246,#7247);
#7246 = CARTESIAN_POINT('',(0.,-4.));
#7247 = VECTOR('',#7248,1.);
#7248 = DIRECTION('',(1.,0.));
#7249 = ( GEOMETRIC_REPRESENTATION_CONTEXT(2) 
PARAMETRIC_REPRESENTATION_CONTEXT() REPRESENTATION_CONTEXT('2D SPACE',''
  ) );
#7250 = ORIENTED_EDGE('',*,*,#7251,.T.);
#7251 = EDGE_CURVE('',#7229,#7252,#7254,.T.);
#7252 = VERTEX_POINT('',#7253);
#7253 = CARTESIAN_POINT('',(-44.4711779206,-52.29263548302,3.));
#7254 = SURFACE_CURVE('',#7255,(#7259,#7266),.PCURVE_S1.);
#7255 = LINE('',#7256,#7257);
#7256 = CARTESIAN_POINT('',(-44.38581929876,-52.57402514854,3.));
#7257 = VECTOR('',#7258,1.);
#7258 = DIRECTION('',(-0.290284677254,0.956940335732,0.));
#7259 = PCURVE('',#612,#7260);
#7260 = DEFINITIONAL_REPRESENTATION('',(#7261),#7265);
#7261 = LINE('',#7262,#7263);
#7262 = CARTESIAN_POINT('',(-45.38581929876,-52.57402514854));
#7263 = VECTOR('',#7264,1.);
#7264 = DIRECTION('',(-0.290284677254,0.956940335732));
#7265 = ( GEOMETRIC_REPRESENTATION_CONTEXT(2) 
PARAMETRIC_REPRESENTATION_CONTEXT() REPRESENTATION_CONTEXT('2D SPACE',''
  ) );
#7266 = PCURVE('',#3915,#7267);
#7267 = DEFINITIONAL_REPRESENTATION('',(#7268),#7272);
#7268 = LINE('',#7269,#7270);
#7269 = CARTESIAN_POINT('',(0.,-4.));
#7270 = VECTOR('',#7271,1.);
#7271 = DIRECTION('',(1.,0.));
#7272 = ( GEOMETRIC_REPRESENTATION_CONTEXT(2) 
PARAMETRIC_REPRESENTATION_CONTEXT() REPRESENTATION_CONTEXT('2D SPACE',''
  ) );
#7273 = ORIENTED_EDGE('',*,*,#7274,.T.);
#7274 = EDGE_CURVE('',#7252,#6054,#7275,.T.);
#7275 = SURFACE_CURVE('',#7276,(#7280,#7287),.PCURVE_S1.);
#7276 = LINE('',#7277,#7278);
#7277 = CARTESIAN_POINT('',(-44.4711779206,-52.29263548302,3.));
#7278 = VECTOR('',#7279,1.);
#7279 = DIRECTION('',(-9.801714032956E-02,0.995184726672,0.));
#7280 = PCURVE('',#612,#7281);
#7281 = DEFINITIONAL_REPRESENTATION('',(#7282),#7286);
#7282 = LINE('',#7283,#7284);
#7283 = CARTESIAN_POINT('',(-45.4711779206,-52.29263548302));
#7284 = VECTOR('',#7285,1.);
#7285 = DIRECTION('',(-9.801714032956E-02,0.995184726672));
#7286 = ( GEOMETRIC_REPRESENTATION_CONTEXT(2) 
PARAMETRIC_REPRESENTATION_CONTEXT() REPRESENTATION_CONTEXT('2D SPACE',''
  ) );
#7287 = PCURVE('',#3941,#7288);
#7288 = DEFINITIONAL_REPRESENTATION('',(#7289),#7293);
#7289 = LINE('',#7290,#7291);
#7290 = CARTESIAN_POINT('',(0.,-4.));
#7291 = VECTOR('',#7292,1.);
#7292 = DIRECTION('',(1.,0.));
#7293 = ( GEOMETRIC_REPRESENTATION_CONTEXT(2) 
PARAMETRIC_REPRESENTATION_CONTEXT() REPRESENTATION_CONTEXT('2D SPACE',''
  ) );
#7294 = FACE_BOUND('',#7295,.T.);
#7295 = EDGE_LOOP('',(#7296));
#7296 = ORIENTED_EDGE('',*,*,#7297,.F.);
#7297 = EDGE_CURVE('',#7298,#7298,#7300,.T.);
#7298 = VERTEX_POINT('',#7299);
#7299 = CARTESIAN_POINT('',(-37.7,-42.,3.));
#7300 = SURFACE_CURVE('',#7301,(#7306,#7313),.PCURVE_S1.);
#7301 = CIRCLE('',#7302,2.55);
#7302 = AXIS2_PLACEMENT_3D('',#7303,#7304,#7305);
#7303 = CARTESIAN_POINT('',(-40.25,-42.,3.));
#7304 = DIRECTION('',(0.,0.,1.));
#7305 = DIRECTION('',(1.,0.,0.));
#7306 = PCURVE('',#612,#7307);
#7307 = DEFINITIONAL_REPRESENTATION('',(#7308),#7312);
#7308 = CIRCLE('',#7309,2.55);
#7309 = AXIS2_PLACEMENT_2D('',#7310,#7311);
#7310 = CARTESIAN_POINT('',(-41.25,-42.));
#7311 = DIRECTION('',(1.,0.));
#7312 = ( GEOMETRIC_REPRESENTATION_CONTEXT(2) 
PARAMETRIC_REPRESENTATION_CONTEXT() REPRESENTATION_CONTEXT('2D SPACE',''
  ) );
#7313 = PCURVE('',#7314,#7319);
#7314 = CYLINDRICAL_SURFACE('',#7315,2.55);
#7315 = AXIS2_PLACEMENT_3D('',#7316,#7317,#7318);
#7316 = CARTESIAN_POINT('',(-40.25,-42.,-1.));
#7317 = DIRECTION('',(-0.,-0.,-1.));
#7318 = DIRECTION('',(1.,0.,0.));
#7319 = DEFINITIONAL_REPRESENTATION('',(#7320),#7324);
#7320 = LINE('',#7321,#7322);
#7321 = CARTESIAN_POINT('',(-0.,-4.));
#7322 = VECTOR('',#7323,1.);
#7323 = DIRECTION('',(-1.,0.));
#7324 = ( GEOMETRIC_REPRESENTATION_CONTEXT(2) 
PARAMETRIC_REPRESENTATION_CONTEXT() REPRESENTATION_CONTEXT('2D SPACE',''
  ) );
#7325 = FACE_BOUND('',#7326,.T.);
#7326 = EDGE_LOOP('',(#7327));
#7327 = ORIENTED_EDGE('',*,*,#7328,.F.);
#7328 = EDGE_CURVE('',#7329,#7329,#7331,.T.);
#7329 = VERTEX_POINT('',#7330);
#7330 = CARTESIAN_POINT('',(-47.9,-0.75,3.));
#7331 = SURFACE_CURVE('',#7332,(#7337,#7344),.PCURVE_S1.);
#7332 = CIRCLE('',#7333,58.);
#7333 = AXIS2_PLACEMENT_3D('',#7334,#7335,#7336);
#7334 = CARTESIAN_POINT('',(-105.9,-0.75,3.));
#7335 = DIRECTION('',(0.,0.,1.));
#7336 = DIRECTION('',(1.,0.,0.));
#7337 = PCURVE('',#612,#7338);
#7338 = DEFINITIONAL_REPRESENTATION('',(#7339),#7343);
#7339 = CIRCLE('',#7340,58.);
#7340 = AXIS2_PLACEMENT_2D('',#7341,#7342);
#7341 = CARTESIAN_POINT('',(-106.9,-0.75));
#7342 = DIRECTION('',(1.,0.));
#7343 = ( GEOMETRIC_REPRESENTATION_CONTEXT(2) 
PARAMETRIC_REPRESENTATION_CONTEXT() REPRESENTATION_CONTEXT('2D SPACE',''
  ) );
#7344 = PCURVE('',#1513,#7345);
#7345 = DEFINITIONAL_REPRESENTATION('',(#7346),#7350);
#7346 = LINE('',#7347,#7348);
#7347 = CARTESIAN_POINT('',(-0.,-4.));
#7348 = VECTOR('',#7349,1.);
#7349 = DIRECTION('',(-1.,0.));
#7350 = ( GEOMETRIC_REPRESENTATION_CONTEXT(2) 
PARAMETRIC_REPRESENTATION_CONTEXT() REPRESENTATION_CONTEXT('2D SPACE',''
  ) );
#7351 = FACE_BOUND('',#7352,.T.);
#7352 = EDGE_LOOP('',(#7353));
#7353 = ORIENTED_EDGE('',*,*,#7354,.F.);
#7354 = EDGE_CURVE('',#7355,#7355,#7357,.T.);
#7355 = VERTEX_POINT('',#7356);
#7356 = CARTESIAN_POINT('',(57.95,-53.25,3.));
#7357 = SURFACE_CURVE('',#7358,(#7363,#7370),.PCURVE_S1.);
#7358 = CIRCLE('',#7359,2.55);
#7359 = AXIS2_PLACEMENT_3D('',#7360,#7361,#7362);
#7360 = CARTESIAN_POINT('',(55.4,-53.25,3.));
#7361 = DIRECTION('',(0.,0.,1.));
#7362 = DIRECTION('',(1.,0.,0.));
#7363 = PCURVE('',#612,#7364);
#7364 = DEFINITIONAL_REPRESENTATION('',(#7365),#7369);
#7365 = CIRCLE('',#7366,2.55);
#7366 = AXIS2_PLACEMENT_2D('',#7367,#7368);
#7367 = CARTESIAN_POINT('',(54.4,-53.25));
#7368 = DIRECTION('',(1.,0.));
#7369 = ( GEOMETRIC_REPRESENTATION_CONTEXT(2) 
PARAMETRIC_REPRESENTATION_CONTEXT() REPRESENTATION_CONTEXT('2D SPACE',''
  ) );
#7370 = PCURVE('',#7371,#7376);
#7371 = CYLINDRICAL_SURFACE('',#7372,2.55);
#7372 = AXIS2_PLACEMENT_3D('',#7373,#7374,#7375);
#7373 = CARTESIAN_POINT('',(55.4,-53.25,-1.));
#7374 = DIRECTION('',(-0.,-0.,-1.));
#7375 = DIRECTION('',(1.,0.,0.));
#7376 = DEFINITIONAL_REPRESENTATION('',(#7377),#7381);
#7377 = LINE('',#7378,#7379);
#7378 = CARTESIAN_POINT('',(-0.,-4.));
#7379 = VECTOR('',#7380,1.);
#7380 = DIRECTION('',(-1.,0.));
#7381 = ( GEOMETRIC_REPRESENTATION_CONTEXT(2) 
PARAMETRIC_REPRESENTATION_CONTEXT() REPRESENTATION_CONTEXT('2D SPACE',''
  ) );
#7382 = FACE_BOUND('',#7383,.T.);
#7383 = EDGE_LOOP('',(#7384));
#7384 = ORIENTED_EDGE('',*,*,#7385,.F.);
#7385 = EDGE_CURVE('',#7386,#7386,#7388,.T.);
#7386 = VERTEX_POINT('',#7387);
#7387 = CARTESIAN_POINT('',(44.8,-42.,3.));
#7388 = SURFACE_CURVE('',#7389,(#7394,#7401),.PCURVE_S1.);
#7389 = CIRCLE('',#7390,2.55);
#7390 = AXIS2_PLACEMENT_3D('',#7391,#7392,#7393);
#7391 = CARTESIAN_POINT('',(42.25,-42.,3.));
#7392 = DIRECTION('',(0.,0.,1.));
#7393 = DIRECTION('',(1.,0.,0.));
#7394 = PCURVE('',#612,#7395);
#7395 = DEFINITIONAL_REPRESENTATION('',(#7396),#7400);
#7396 = CIRCLE('',#7397,2.55);
#7397 = AXIS2_PLACEMENT_2D('',#7398,#7399);
#7398 = CARTESIAN_POINT('',(41.25,-42.));
#7399 = DIRECTION('',(1.,0.));
#7400 = ( GEOMETRIC_REPRESENTATION_CONTEXT(2) 
PARAMETRIC_REPRESENTATION_CONTEXT() REPRESENTATION_CONTEXT('2D SPACE',''
  ) );
#7401 = PCURVE('',#7402,#7407);
#7402 = CYLINDRICAL_SURFACE('',#7403,2.55);
#7403 = AXIS2_PLACEMENT_3D('',#7404,#7405,#7406);
#7404 = CARTESIAN_POINT('',(42.25,-42.,-1.));
#7405 = DIRECTION('',(-0.,-0.,-1.));
#7406 = DIRECTION('',(1.,0.,0.));
#7407 = DEFINITIONAL_REPRESENTATION('',(#7408),#7412);
#7408 = LINE('',#7409,#7410);
#7409 = CARTESIAN_POINT('',(-0.,-4.));
#7410 = VECTOR('',#7411,1.);
#7411 = DIRECTION('',(-1.,0.));
#7412 = ( GEOMETRIC_REPRESENTATION_CONTEXT(2) 
PARAMETRIC_REPRESENTATION_CONTEXT() REPRESENTATION_CONTEXT('2D SPACE',''
  ) );
#7413 = FACE_BOUND('',#7414,.T.);
#7414 = EDGE_LOOP('',(#7415));
#7415 = ORIENTED_EDGE('',*,*,#7416,.F.);
#7416 = EDGE_CURVE('',#7417,#7417,#7419,.T.);
#7417 = VERTEX_POINT('',#7418);
#7418 = CARTESIAN_POINT('',(157.525,-56.125,3.));
#7419 = SURFACE_CURVE('',#7420,(#7425,#7432),.PCURVE_S1.);
#7420 = CIRCLE('',#7421,1.9);
#7421 = AXIS2_PLACEMENT_3D('',#7422,#7423,#7424);
#7422 = CARTESIAN_POINT('',(155.625,-56.125,3.));
#7423 = DIRECTION('',(0.,0.,1.));
#7424 = DIRECTION('',(1.,0.,0.));
#7425 = PCURVE('',#612,#7426);
#7426 = DEFINITIONAL_REPRESENTATION('',(#7427),#7431);
#7427 = CIRCLE('',#7428,1.9);
#7428 = AXIS2_PLACEMENT_2D('',#7429,#7430);
#7429 = CARTESIAN_POINT('',(154.625,-56.125));
#7430 = DIRECTION('',(1.,0.));
#7431 = ( GEOMETRIC_REPRESENTATION_CONTEXT(2) 
PARAMETRIC_REPRESENTATION_CONTEXT() REPRESENTATION_CONTEXT('2D SPACE',''
  ) );
#7432 = PCURVE('',#7433,#7438);
#7433 = CYLINDRICAL_SURFACE('',#7434,1.9);
#7434 = AXIS2_PLACEMENT_3D('',#7435,#7436,#7437);
#7435 = CARTESIAN_POINT('',(155.625,-56.125,0.8));
#7436 = DIRECTION('',(-0.,-0.,-1.));
#7437 = DIRECTION('',(1.,0.,0.));
#7438 = DEFINITIONAL_REPRESENTATION('',(#7439),#7443);
#7439 = LINE('',#7440,#7441);
#7440 = CARTESIAN_POINT('',(-0.,-2.2));
#7441 = VECTOR('',#7442,1.);
#7442 = DIRECTION('',(-1.,0.));
#7443 = ( GEOMETRIC_REPRESENTATION_CONTEXT(2) 
PARAMETRIC_REPRESENTATION_CONTEXT() REPRESENTATION_CONTEXT('2D SPACE',''
  ) );
#7444 = FACE_BOUND('',#7445,.T.);
#7445 = EDGE_LOOP('',(#7446));
#7446 = ORIENTED_EDGE('',*,*,#7447,.F.);
#7447 = EDGE_CURVE('',#7448,#7448,#7450,.T.);
#7448 = VERTEX_POINT('',#7449);
#7449 = CARTESIAN_POINT('',(162.95,-53.25,3.));
#7450 = SURFACE_CURVE('',#7451,(#7456,#7463),.PCURVE_S1.);
#7451 = CIRCLE('',#7452,2.55);
#7452 = AXIS2_PLACEMENT_3D('',#7453,#7454,#7455);
#7453 = CARTESIAN_POINT('',(160.4,-53.25,3.));
#7454 = DIRECTION('',(0.,0.,1.));
#7455 = DIRECTION('',(1.,0.,0.));
#7456 = PCURVE('',#612,#7457);
#7457 = DEFINITIONAL_REPRESENTATION('',(#7458),#7462);
#7458 = CIRCLE('',#7459,2.55);
#7459 = AXIS2_PLACEMENT_2D('',#7460,#7461);
#7460 = CARTESIAN_POINT('',(159.4,-53.25));
#7461 = DIRECTION('',(1.,0.));
#7462 = ( GEOMETRIC_REPRESENTATION_CONTEXT(2) 
PARAMETRIC_REPRESENTATION_CONTEXT() REPRESENTATION_CONTEXT('2D SPACE',''
  ) );
#7463 = PCURVE('',#7464,#7469);
#7464 = CYLINDRICAL_SURFACE('',#7465,2.55);
#7465 = AXIS2_PLACEMENT_3D('',#7466,#7467,#7468);
#7466 = CARTESIAN_POINT('',(160.4,-53.25,-1.));
#7467 = DIRECTION('',(-0.,-0.,-1.));
#7468 = DIRECTION('',(1.,0.,0.));
#7469 = DEFINITIONAL_REPRESENTATION('',(#7470),#7474);
#7470 = LINE('',#7471,#7472);
#7471 = CARTESIAN_POINT('',(-0.,-4.));
#7472 = VECTOR('',#7473,1.);
#7473 = DIRECTION('',(-1.,0.));
#7474 = ( GEOMETRIC_REPRESENTATION_CONTEXT(2) 
PARAMETRIC_REPRESENTATION_CONTEXT() REPRESENTATION_CONTEXT('2D SPACE',''
  ) );
#7475 = FACE_BOUND('',#7476,.T.);
#7476 = EDGE_LOOP('',(#7477));
#7477 = ORIENTED_EDGE('',*,*,#7478,.F.);
#7478 = EDGE_CURVE('',#7479,#7479,#7481,.T.);
#7479 = VERTEX_POINT('',#7480);
#7480 = CARTESIAN_POINT('',(45.,-0.75,3.));
#7481 = SURFACE_CURVE('',#7482,(#7487,#7494),.PCURVE_S1.);
#7482 = CIRCLE('',#7483,44.);
#7483 = AXIS2_PLACEMENT_3D('',#7484,#7485,#7486);
#7484 = CARTESIAN_POINT('',(1.,-0.75,3.));
#7485 = DIRECTION('',(0.,0.,1.));
#7486 = DIRECTION('',(1.,0.,0.));
#7487 = PCURVE('',#612,#7488);
#7488 = DEFINITIONAL_REPRESENTATION('',(#7489),#7493);
#7489 = CIRCLE('',#7490,44.);
#7490 = AXIS2_PLACEMENT_2D('',#7491,#7492);
#7491 = CARTESIAN_POINT('',(5.662137425588E-15,-0.75));
#7492 = DIRECTION('',(1.,0.));
#7493 = ( GEOMETRIC_REPRESENTATION_CONTEXT(2) 
PARAMETRIC_REPRESENTATION_CONTEXT() REPRESENTATION_CONTEXT('2D SPACE',''
  ) );
#7494 = PCURVE('',#4069,#7495);
#7495 = DEFINITIONAL_REPRESENTATION('',(#7496),#7500);
#7496 = LINE('',#7497,#7498);
#7497 = CARTESIAN_POINT('',(-0.,-4.));
#7498 = VECTOR('',#7499,1.);
#7499 = DIRECTION('',(-1.,0.));
#7500 = ( GEOMETRIC_REPRESENTATION_CONTEXT(2) 
PARAMETRIC_REPRESENTATION_CONTEXT() REPRESENTATION_CONTEXT('2D SPACE',''
  ) );
#7501 = FACE_BOUND('',#7502,.T.);
#7502 = EDGE_LOOP('',(#7503));
#7503 = ORIENTED_EDGE('',*,*,#597,.F.);
#7504 = FACE_BOUND('',#7505,.T.);
#7505 = EDGE_LOOP('',(#7506));
#7506 = ORIENTED_EDGE('',*,*,#7507,.F.);
#7507 = EDGE_CURVE('',#7508,#7508,#7510,.T.);
#7508 = VERTEX_POINT('',#7509);
#7509 = CARTESIAN_POINT('',(-155.85,51.75,3.));
#7510 = SURFACE_CURVE('',#7511,(#7516,#7523),.PCURVE_S1.);
#7511 = CIRCLE('',#7512,2.55);
#7512 = AXIS2_PLACEMENT_3D('',#7513,#7514,#7515);
#7513 = CARTESIAN_POINT('',(-158.4,51.75,3.));
#7514 = DIRECTION('',(0.,0.,1.));
#7515 = DIRECTION('',(1.,0.,0.));
#7516 = PCURVE('',#612,#7517);
#7517 = DEFINITIONAL_REPRESENTATION('',(#7518),#7522);
#7518 = CIRCLE('',#7519,2.55);
#7519 = AXIS2_PLACEMENT_2D('',#7520,#7521);
#7520 = CARTESIAN_POINT('',(-159.4,51.75));
#7521 = DIRECTION('',(1.,0.));
#7522 = ( GEOMETRIC_REPRESENTATION_CONTEXT(2) 
PARAMETRIC_REPRESENTATION_CONTEXT() REPRESENTATION_CONTEXT('2D SPACE',''
  ) );
#7523 = PCURVE('',#7524,#7529);
#7524 = CYLINDRICAL_SURFACE('',#7525,2.55);
#7525 = AXIS2_PLACEMENT_3D('',#7526,#7527,#7528);
#7526 = CARTESIAN_POINT('',(-158.4,51.75,-1.));
#7527 = DIRECTION('',(-0.,-0.,-1.));
#7528 = DIRECTION('',(1.,0.,0.));
#7529 = DEFINITIONAL_REPRESENTATION('',(#7530),#7534);
#7530 = LINE('',#7531,#7532);
#7531 = CARTESIAN_POINT('',(-0.,-4.));
#7532 = VECTOR('',#7533,1.);
#7533 = DIRECTION('',(-1.,0.));
#7534 = ( GEOMETRIC_REPRESENTATION_CONTEXT(2) 
PARAMETRIC_REPRESENTATION_CONTEXT() REPRESENTATION_CONTEXT('2D SPACE',''
  ) );
#7535 = FACE_BOUND('',#7536,.T.);
#7536 = EDGE_LOOP('',(#7537));
#7537 = ORIENTED_EDGE('',*,*,#7538,.F.);
#7538 = EDGE_CURVE('',#7539,#7539,#7541,.T.);
#7539 = VERTEX_POINT('',#7540);
#7540 = CARTESIAN_POINT('',(-152.975,56.125,3.));
#7541 = SURFACE_CURVE('',#7542,(#7547,#7554),.PCURVE_S1.);
#7542 = CIRCLE('',#7543,1.9);
#7543 = AXIS2_PLACEMENT_3D('',#7544,#7545,#7546);
#7544 = CARTESIAN_POINT('',(-154.875,56.125,3.));
#7545 = DIRECTION('',(0.,0.,1.));
#7546 = DIRECTION('',(1.,0.,0.));
#7547 = PCURVE('',#612,#7548);
#7548 = DEFINITIONAL_REPRESENTATION('',(#7549),#7553);
#7549 = CIRCLE('',#7550,1.9);
#7550 = AXIS2_PLACEMENT_2D('',#7551,#7552);
#7551 = CARTESIAN_POINT('',(-155.875,56.125));
#7552 = DIRECTION('',(1.,0.));
#7553 = ( GEOMETRIC_REPRESENTATION_CONTEXT(2) 
PARAMETRIC_REPRESENTATION_CONTEXT() REPRESENTATION_CONTEXT('2D SPACE',''
  ) );
#7554 = PCURVE('',#7555,#7560);
#7555 = CYLINDRICAL_SURFACE('',#7556,1.9);
#7556 = AXIS2_PLACEMENT_3D('',#7557,#7558,#7559);
#7557 = CARTESIAN_POINT('',(-154.875,56.125,0.8));
#7558 = DIRECTION('',(-0.,-0.,-1.));
#7559 = DIRECTION('',(1.,0.,0.));
#7560 = DEFINITIONAL_REPRESENTATION('',(#7561),#7565);
#7561 = LINE('',#7562,#7563);
#7562 = CARTESIAN_POINT('',(-0.,-2.2));
#7563 = VECTOR('',#7564,1.);
#7564 = DIRECTION('',(-1.,0.));
#7565 = ( GEOMETRIC_REPRESENTATION_CONTEXT(2) 
PARAMETRIC_REPRESENTATION_CONTEXT() REPRESENTATION_CONTEXT('2D SPACE',''
  ) );
#7566 = FACE_BOUND('',#7567,.T.);
#7567 = EDGE_LOOP('',(#7568));
#7568 = ORIENTED_EDGE('',*,*,#7569,.F.);
#7569 = EDGE_CURVE('',#7570,#7570,#7572,.T.);
#7570 = VERTEX_POINT('',#7571);
#7571 = CARTESIAN_POINT('',(-37.7,40.5,3.));
#7572 = SURFACE_CURVE('',#7573,(#7578,#7585),.PCURVE_S1.);
#7573 = CIRCLE('',#7574,2.55);
#7574 = AXIS2_PLACEMENT_3D('',#7575,#7576,#7577);
#7575 = CARTESIAN_POINT('',(-40.25,40.5,3.));
#7576 = DIRECTION('',(0.,0.,1.));
#7577 = DIRECTION('',(1.,0.,0.));
#7578 = PCURVE('',#612,#7579);
#7579 = DEFINITIONAL_REPRESENTATION('',(#7580),#7584);
#7580 = CIRCLE('',#7581,2.55);
#7581 = AXIS2_PLACEMENT_2D('',#7582,#7583);
#7582 = CARTESIAN_POINT('',(-41.25,40.5));
#7583 = DIRECTION('',(1.,0.));
#7584 = ( GEOMETRIC_REPRESENTATION_CONTEXT(2) 
PARAMETRIC_REPRESENTATION_CONTEXT() REPRESENTATION_CONTEXT('2D SPACE',''
  ) );
#7585 = PCURVE('',#7586,#7591);
#7586 = CYLINDRICAL_SURFACE('',#7587,2.55);
#7587 = AXIS2_PLACEMENT_3D('',#7588,#7589,#7590);
#7588 = CARTESIAN_POINT('',(-40.25,40.5,-1.));
#7589 = DIRECTION('',(-0.,-0.,-1.));
#7590 = DIRECTION('',(1.,0.,0.));
#7591 = DEFINITIONAL_REPRESENTATION('',(#7592),#7596);
#7592 = LINE('',#7593,#7594);
#7593 = CARTESIAN_POINT('',(-0.,-4.));
#7594 = VECTOR('',#7595,1.);
#7595 = DIRECTION('',(-1.,0.));
#7596 = ( GEOMETRIC_REPRESENTATION_CONTEXT(2) 
PARAMETRIC_REPRESENTATION_CONTEXT() REPRESENTATION_CONTEXT('2D SPACE',''
  ) );
#7597 = FACE_BOUND('',#7598,.T.);
#7598 = EDGE_LOOP('',(#7599));
#7599 = ORIENTED_EDGE('',*,*,#7600,.F.);
#7600 = EDGE_CURVE('',#7601,#7601,#7603,.T.);
#7601 = VERTEX_POINT('',#7602);
#7602 = CARTESIAN_POINT('',(-50.85,51.75,3.));
#7603 = SURFACE_CURVE('',#7604,(#7609,#7616),.PCURVE_S1.);
#7604 = CIRCLE('',#7605,2.55);
#7605 = AXIS2_PLACEMENT_3D('',#7606,#7607,#7608);
#7606 = CARTESIAN_POINT('',(-53.4,51.75,3.));
#7607 = DIRECTION('',(0.,0.,1.));
#7608 = DIRECTION('',(1.,0.,0.));
#7609 = PCURVE('',#612,#7610);
#7610 = DEFINITIONAL_REPRESENTATION('',(#7611),#7615);
#7611 = CIRCLE('',#7612,2.55);
#7612 = AXIS2_PLACEMENT_2D('',#7613,#7614);
#7613 = CARTESIAN_POINT('',(-54.4,51.75));
#7614 = DIRECTION('',(1.,0.));
#7615 = ( GEOMETRIC_REPRESENTATION_CONTEXT(2) 
PARAMETRIC_REPRESENTATION_CONTEXT() REPRESENTATION_CONTEXT('2D SPACE',''
  ) );
#7616 = PCURVE('',#7617,#7622);
#7617 = CYLINDRICAL_SURFACE('',#7618,2.55);
#7618 = AXIS2_PLACEMENT_3D('',#7619,#7620,#7621);
#7619 = CARTESIAN_POINT('',(-53.4,51.75,-1.));
#7620 = DIRECTION('',(-0.,-0.,-1.));
#7621 = DIRECTION('',(1.,0.,0.));
#7622 = DEFINITIONAL_REPRESENTATION('',(#7623),#7627);
#7623 = LINE('',#7624,#7625);
#7624 = CARTESIAN_POINT('',(-0.,-4.));
#7625 = VECTOR('',#7626,1.);
#7626 = DIRECTION('',(-1.,0.));
#7627 = ( GEOMETRIC_REPRESENTATION_CONTEXT(2) 
PARAMETRIC_REPRESENTATION_CONTEXT() REPRESENTATION_CONTEXT('2D SPACE',''
  ) );
#7628 = FACE_BOUND('',#7629,.T.);
#7629 = EDGE_LOOP('',(#7630,#7655,#7678,#7701,#7724,#7747,#7770,#7793,
    #7816,#7839,#7862,#7885,#7908,#7931,#7954,#7977,#8000,#8023,#8046,
    #8069,#8092,#8115,#8138,#8161,#8184,#8207,#8230,#8253,#8276,#8299,
    #8322,#8345,#8368,#8391,#8414,#8437,#8460,#8483,#8506,#8529,#8552,
    #8575,#8598,#8621,#8644,#8667,#8690,#8713,#8736,#8759,#8782,#8805,
    #8828,#8851));
#7630 = ORIENTED_EDGE('',*,*,#7631,.F.);
#7631 = EDGE_CURVE('',#7632,#7634,#7636,.T.);
#7632 = VERTEX_POINT('',#7633);
#7633 = CARTESIAN_POINT('',(-44.5,51.,3.));
#7634 = VERTEX_POINT('',#7635);
#7635 = CARTESIAN_POINT('',(-44.4711779206,50.707364516976,3.));
#7636 = SURFACE_CURVE('',#7637,(#7641,#7648),.PCURVE_S1.);
#7637 = LINE('',#7638,#7639);
#7638 = CARTESIAN_POINT('',(-44.5,51.,3.));
#7639 = VECTOR('',#7640,1.);
#7640 = DIRECTION('',(9.801714032956E-02,-0.995184726672,0.));
#7641 = PCURVE('',#612,#7642);
#7642 = DEFINITIONAL_REPRESENTATION('',(#7643),#7647);
#7643 = LINE('',#7644,#7645);
#7644 = CARTESIAN_POINT('',(-45.5,51.));
#7645 = VECTOR('',#7646,1.);
#7646 = DIRECTION('',(9.801714032956E-02,-0.995184726672));
#7647 = ( GEOMETRIC_REPRESENTATION_CONTEXT(2) 
PARAMETRIC_REPRESENTATION_CONTEXT() REPRESENTATION_CONTEXT('2D SPACE',''
  ) );
#7648 = PCURVE('',#4161,#7649);
#7649 = DEFINITIONAL_REPRESENTATION('',(#7650),#7654);
#7650 = LINE('',#7651,#7652);
#7651 = CARTESIAN_POINT('',(0.,-4.));
#7652 = VECTOR('',#7653,1.);
#7653 = DIRECTION('',(1.,0.));
#7654 = ( GEOMETRIC_REPRESENTATION_CONTEXT(2) 
PARAMETRIC_REPRESENTATION_CONTEXT() REPRESENTATION_CONTEXT('2D SPACE',''
  ) );
#7655 = ORIENTED_EDGE('',*,*,#7656,.F.);
#7656 = EDGE_CURVE('',#7657,#7632,#7659,.T.);
#7657 = VERTEX_POINT('',#7658);
#7658 = CARTESIAN_POINT('',(-44.5,52.,3.));
#7659 = SURFACE_CURVE('',#7660,(#7664,#7671),.PCURVE_S1.);
#7660 = LINE('',#7661,#7662);
#7661 = CARTESIAN_POINT('',(-44.5,52.,3.));
#7662 = VECTOR('',#7663,1.);
#7663 = DIRECTION('',(0.,-1.,0.));
#7664 = PCURVE('',#612,#7665);
#7665 = DEFINITIONAL_REPRESENTATION('',(#7666),#7670);
#7666 = LINE('',#7667,#7668);
#7667 = CARTESIAN_POINT('',(-45.5,52.));
#7668 = VECTOR('',#7669,1.);
#7669 = DIRECTION('',(0.,-1.));
#7670 = ( GEOMETRIC_REPRESENTATION_CONTEXT(2) 
PARAMETRIC_REPRESENTATION_CONTEXT() REPRESENTATION_CONTEXT('2D SPACE',''
  ) );
#7671 = PCURVE('',#4187,#7672);
#7672 = DEFINITIONAL_REPRESENTATION('',(#7673),#7677);
#7673 = LINE('',#7674,#7675);
#7674 = CARTESIAN_POINT('',(0.,-4.));
#7675 = VECTOR('',#7676,1.);
#7676 = DIRECTION('',(1.,0.));
#7677 = ( GEOMETRIC_REPRESENTATION_CONTEXT(2) 
PARAMETRIC_REPRESENTATION_CONTEXT() REPRESENTATION_CONTEXT('2D SPACE',''
  ) );
#7678 = ORIENTED_EDGE('',*,*,#7679,.F.);
#7679 = EDGE_CURVE('',#7680,#7657,#7682,.T.);
#7680 = VERTEX_POINT('',#7681);
#7681 = CARTESIAN_POINT('',(-44.4711779206,52.292635483024,3.));
#7682 = SURFACE_CURVE('',#7683,(#7687,#7694),.PCURVE_S1.);
#7683 = LINE('',#7684,#7685);
#7684 = CARTESIAN_POINT('',(-44.4711779206,52.292635483024,3.));
#7685 = VECTOR('',#7686,1.);
#7686 = DIRECTION('',(-9.801714032956E-02,-0.995184726672,0.));
#7687 = PCURVE('',#612,#7688);
#7688 = DEFINITIONAL_REPRESENTATION('',(#7689),#7693);
#7689 = LINE('',#7690,#7691);
#7690 = CARTESIAN_POINT('',(-45.4711779206,52.292635483024));
#7691 = VECTOR('',#7692,1.);
#7692 = DIRECTION('',(-9.801714032956E-02,-0.995184726672));
#7693 = ( GEOMETRIC_REPRESENTATION_CONTEXT(2) 
PARAMETRIC_REPRESENTATION_CONTEXT() REPRESENTATION_CONTEXT('2D SPACE',''
  ) );
#7694 = PCURVE('',#4213,#7695);
#7695 = DEFINITIONAL_REPRESENTATION('',(#7696),#7700);
#7696 = LINE('',#7697,#7698);
#7697 = CARTESIAN_POINT('',(0.,-4.));
#7698 = VECTOR('',#7699,1.);
#7699 = DIRECTION('',(1.,0.));
#7700 = ( GEOMETRIC_REPRESENTATION_CONTEXT(2) 
PARAMETRIC_REPRESENTATION_CONTEXT() REPRESENTATION_CONTEXT('2D SPACE',''
  ) );
#7701 = ORIENTED_EDGE('',*,*,#7702,.F.);
#7702 = EDGE_CURVE('',#7703,#7680,#7705,.T.);
#7703 = VERTEX_POINT('',#7704);
#7704 = CARTESIAN_POINT('',(-44.38581929876,52.574025148548,3.));
#7705 = SURFACE_CURVE('',#7706,(#7710,#7717),.PCURVE_S1.);
#7706 = LINE('',#7707,#7708);
#7707 = CARTESIAN_POINT('',(-44.38581929876,52.574025148548,3.));
#7708 = VECTOR('',#7709,1.);
#7709 = DIRECTION('',(-0.290284677254,-0.956940335732,0.));
#7710 = PCURVE('',#612,#7711);
#7711 = DEFINITIONAL_REPRESENTATION('',(#7712),#7716);
#7712 = LINE('',#7713,#7714);
#7713 = CARTESIAN_POINT('',(-45.38581929876,52.574025148548));
#7714 = VECTOR('',#7715,1.);
#7715 = DIRECTION('',(-0.290284677254,-0.956940335732));
#7716 = ( GEOMETRIC_REPRESENTATION_CONTEXT(2) 
PARAMETRIC_REPRESENTATION_CONTEXT() REPRESENTATION_CONTEXT('2D SPACE',''
  ) );
#7717 = PCURVE('',#4239,#7718);
#7718 = DEFINITIONAL_REPRESENTATION('',(#7719),#7723);
#7719 = LINE('',#7720,#7721);
#7720 = CARTESIAN_POINT('',(0.,-4.));
#7721 = VECTOR('',#7722,1.);
#7722 = DIRECTION('',(1.,0.));
#7723 = ( GEOMETRIC_REPRESENTATION_CONTEXT(2) 
PARAMETRIC_REPRESENTATION_CONTEXT() REPRESENTATION_CONTEXT('2D SPACE',''
  ) );
#7724 = ORIENTED_EDGE('',*,*,#7725,.F.);
#7725 = EDGE_CURVE('',#7726,#7703,#7728,.T.);
#7726 = VERTEX_POINT('',#7727);
#7727 = CARTESIAN_POINT('',(-44.24720441845,52.833355349529,3.));
#7728 = SURFACE_CURVE('',#7729,(#7733,#7740),.PCURVE_S1.);
#7729 = LINE('',#7730,#7731);
#7730 = CARTESIAN_POINT('',(-44.24720441845,52.833355349529,3.));
#7731 = VECTOR('',#7732,1.);
#7732 = DIRECTION('',(-0.471396736826,-0.881921264348,0.));
#7733 = PCURVE('',#612,#7734);
#7734 = DEFINITIONAL_REPRESENTATION('',(#7735),#7739);
#7735 = LINE('',#7736,#7737);
#7736 = CARTESIAN_POINT('',(-45.24720441845,52.833355349529));
#7737 = VECTOR('',#7738,1.);
#7738 = DIRECTION('',(-0.471396736826,-0.881921264348));
#7739 = ( GEOMETRIC_REPRESENTATION_CONTEXT(2) 
PARAMETRIC_REPRESENTATION_CONTEXT() REPRESENTATION_CONTEXT('2D SPACE',''
  ) );
#7740 = PCURVE('',#4265,#7741);
#7741 = DEFINITIONAL_REPRESENTATION('',(#7742),#7746);
#7742 = LINE('',#7743,#7744);
#7743 = CARTESIAN_POINT('',(0.,-4.));
#7744 = VECTOR('',#7745,1.);
#7745 = DIRECTION('',(1.,0.));
#7746 = ( GEOMETRIC_REPRESENTATION_CONTEXT(2) 
PARAMETRIC_REPRESENTATION_CONTEXT() REPRESENTATION_CONTEXT('2D SPACE',''
  ) );
#7747 = ORIENTED_EDGE('',*,*,#7748,.F.);
#7748 = EDGE_CURVE('',#7749,#7726,#7751,.T.);
#7749 = VERTEX_POINT('',#7750);
#7750 = CARTESIAN_POINT('',(-44.06066017178,53.06066017178,3.));
#7751 = SURFACE_CURVE('',#7752,(#7756,#7763),.PCURVE_S1.);
#7752 = LINE('',#7753,#7754);
#7753 = CARTESIAN_POINT('',(-44.06066017178,53.06066017178,3.));
#7754 = VECTOR('',#7755,1.);
#7755 = DIRECTION('',(-0.634393284164,-0.773010453363,0.));
#7756 = PCURVE('',#612,#7757);
#7757 = DEFINITIONAL_REPRESENTATION('',(#7758),#7762);
#7758 = LINE('',#7759,#7760);
#7759 = CARTESIAN_POINT('',(-45.06066017178,53.06066017178));
#7760 = VECTOR('',#7761,1.);
#7761 = DIRECTION('',(-0.634393284164,-0.773010453363));
#7762 = ( GEOMETRIC_REPRESENTATION_CONTEXT(2) 
PARAMETRIC_REPRESENTATION_CONTEXT() REPRESENTATION_CONTEXT('2D SPACE',''
  ) );
#7763 = PCURVE('',#4291,#7764);
#7764 = DEFINITIONAL_REPRESENTATION('',(#7765),#7769);
#7765 = LINE('',#7766,#7767);
#7766 = CARTESIAN_POINT('',(0.,-4.));
#7767 = VECTOR('',#7768,1.);
#7768 = DIRECTION('',(1.,0.));
#7769 = ( GEOMETRIC_REPRESENTATION_CONTEXT(2) 
PARAMETRIC_REPRESENTATION_CONTEXT() REPRESENTATION_CONTEXT('2D SPACE',''
  ) );
#7770 = ORIENTED_EDGE('',*,*,#7771,.F.);
#7771 = EDGE_CURVE('',#7772,#7749,#7774,.T.);
#7772 = VERTEX_POINT('',#7773);
#7773 = CARTESIAN_POINT('',(-43.83335534952,53.247204418454,3.));
#7774 = SURFACE_CURVE('',#7775,(#7779,#7786),.PCURVE_S1.);
#7775 = LINE('',#7776,#7777);
#7776 = CARTESIAN_POINT('',(-43.83335534952,53.247204418454,3.));
#7777 = VECTOR('',#7778,1.);
#7778 = DIRECTION('',(-0.773010453363,-0.634393284164,0.));
#7779 = PCURVE('',#612,#7780);
#7780 = DEFINITIONAL_REPRESENTATION('',(#7781),#7785);
#7781 = LINE('',#7782,#7783);
#7782 = CARTESIAN_POINT('',(-44.83335534952,53.247204418454));
#7783 = VECTOR('',#7784,1.);
#7784 = DIRECTION('',(-0.773010453363,-0.634393284164));
#7785 = ( GEOMETRIC_REPRESENTATION_CONTEXT(2) 
PARAMETRIC_REPRESENTATION_CONTEXT() REPRESENTATION_CONTEXT('2D SPACE',''
  ) );
#7786 = PCURVE('',#4317,#7787);
#7787 = DEFINITIONAL_REPRESENTATION('',(#7788),#7792);
#7788 = LINE('',#7789,#7790);
#7789 = CARTESIAN_POINT('',(0.,-4.));
#7790 = VECTOR('',#7791,1.);
#7791 = DIRECTION('',(1.,0.));
#7792 = ( GEOMETRIC_REPRESENTATION_CONTEXT(2) 
PARAMETRIC_REPRESENTATION_CONTEXT() REPRESENTATION_CONTEXT('2D SPACE',''
  ) );
#7793 = ORIENTED_EDGE('',*,*,#7794,.F.);
#7794 = EDGE_CURVE('',#7795,#7772,#7797,.T.);
#7795 = VERTEX_POINT('',#7796);
#7796 = CARTESIAN_POINT('',(-43.57402514854,53.385819298767,3.));
#7797 = SURFACE_CURVE('',#7798,(#7802,#7809),.PCURVE_S1.);
#7798 = LINE('',#7799,#7800);
#7799 = CARTESIAN_POINT('',(-43.57402514854,53.385819298767,3.));
#7800 = VECTOR('',#7801,1.);
#7801 = DIRECTION('',(-0.881921264348,-0.471396736826,0.));
#7802 = PCURVE('',#612,#7803);
#7803 = DEFINITIONAL_REPRESENTATION('',(#7804),#7808);
#7804 = LINE('',#7805,#7806);
#7805 = CARTESIAN_POINT('',(-44.57402514854,53.385819298767));
#7806 = VECTOR('',#7807,1.);
#7807 = DIRECTION('',(-0.881921264348,-0.471396736826));
#7808 = ( GEOMETRIC_REPRESENTATION_CONTEXT(2) 
PARAMETRIC_REPRESENTATION_CONTEXT() REPRESENTATION_CONTEXT('2D SPACE',''
  ) );
#7809 = PCURVE('',#4343,#7810);
#7810 = DEFINITIONAL_REPRESENTATION('',(#7811),#7815);
#7811 = LINE('',#7812,#7813);
#7812 = CARTESIAN_POINT('',(0.,-4.));
#7813 = VECTOR('',#7814,1.);
#7814 = DIRECTION('',(1.,0.));
#7815 = ( GEOMETRIC_REPRESENTATION_CONTEXT(2) 
PARAMETRIC_REPRESENTATION_CONTEXT() REPRESENTATION_CONTEXT('2D SPACE',''
  ) );
#7816 = ORIENTED_EDGE('',*,*,#7817,.F.);
#7817 = EDGE_CURVE('',#7818,#7795,#7820,.T.);
#7818 = VERTEX_POINT('',#7819);
#7819 = CARTESIAN_POINT('',(-43.29263548302,53.471177920605,3.));
#7820 = SURFACE_CURVE('',#7821,(#7825,#7832),.PCURVE_S1.);
#7821 = LINE('',#7822,#7823);
#7822 = CARTESIAN_POINT('',(-43.29263548302,53.471177920605,3.));
#7823 = VECTOR('',#7824,1.);
#7824 = DIRECTION('',(-0.956940335732,-0.290284677254,0.));
#7825 = PCURVE('',#612,#7826);
#7826 = DEFINITIONAL_REPRESENTATION('',(#7827),#7831);
#7827 = LINE('',#7828,#7829);
#7828 = CARTESIAN_POINT('',(-44.29263548302,53.471177920605));
#7829 = VECTOR('',#7830,1.);
#7830 = DIRECTION('',(-0.956940335732,-0.290284677254));
#7831 = ( GEOMETRIC_REPRESENTATION_CONTEXT(2) 
PARAMETRIC_REPRESENTATION_CONTEXT() REPRESENTATION_CONTEXT('2D SPACE',''
  ) );
#7832 = PCURVE('',#4369,#7833);
#7833 = DEFINITIONAL_REPRESENTATION('',(#7834),#7838);
#7834 = LINE('',#7835,#7836);
#7835 = CARTESIAN_POINT('',(0.,-4.));
#7836 = VECTOR('',#7837,1.);
#7837 = DIRECTION('',(1.,0.));
#7838 = ( GEOMETRIC_REPRESENTATION_CONTEXT(2) 
PARAMETRIC_REPRESENTATION_CONTEXT() REPRESENTATION_CONTEXT('2D SPACE',''
  ) );
#7839 = ORIENTED_EDGE('',*,*,#7840,.F.);
#7840 = EDGE_CURVE('',#7841,#7818,#7843,.T.);
#7841 = VERTEX_POINT('',#7842);
#7842 = CARTESIAN_POINT('',(-43.,53.5,3.));
#7843 = SURFACE_CURVE('',#7844,(#7848,#7855),.PCURVE_S1.);
#7844 = LINE('',#7845,#7846);
#7845 = CARTESIAN_POINT('',(-43.,53.5,3.));
#7846 = VECTOR('',#7847,1.);
#7847 = DIRECTION('',(-0.995184726672,-9.801714032956E-02,0.));
#7848 = PCURVE('',#612,#7849);
#7849 = DEFINITIONAL_REPRESENTATION('',(#7850),#7854);
#7850 = LINE('',#7851,#7852);
#7851 = CARTESIAN_POINT('',(-44.,53.5));
#7852 = VECTOR('',#7853,1.);
#7853 = DIRECTION('',(-0.995184726672,-9.801714032956E-02));
#7854 = ( GEOMETRIC_REPRESENTATION_CONTEXT(2) 
PARAMETRIC_REPRESENTATION_CONTEXT() REPRESENTATION_CONTEXT('2D SPACE',''
  ) );
#7855 = PCURVE('',#4395,#7856);
#7856 = DEFINITIONAL_REPRESENTATION('',(#7857),#7861);
#7857 = LINE('',#7858,#7859);
#7858 = CARTESIAN_POINT('',(0.,-4.));
#7859 = VECTOR('',#7860,1.);
#7860 = DIRECTION('',(1.,0.));
#7861 = ( GEOMETRIC_REPRESENTATION_CONTEXT(2) 
PARAMETRIC_REPRESENTATION_CONTEXT() REPRESENTATION_CONTEXT('2D SPACE',''
  ) );
#7862 = ORIENTED_EDGE('',*,*,#7863,.F.);
#7863 = EDGE_CURVE('',#7864,#7841,#7866,.T.);
#7864 = VERTEX_POINT('',#7865);
#7865 = CARTESIAN_POINT('',(-25.,53.5,3.));
#7866 = SURFACE_CURVE('',#7867,(#7871,#7878),.PCURVE_S1.);
#7867 = LINE('',#7868,#7869);
#7868 = CARTESIAN_POINT('',(-25.,53.5,3.));
#7869 = VECTOR('',#7870,1.);
#7870 = DIRECTION('',(-1.,0.,0.));
#7871 = PCURVE('',#612,#7872);
#7872 = DEFINITIONAL_REPRESENTATION('',(#7873),#7877);
#7873 = LINE('',#7874,#7875);
#7874 = CARTESIAN_POINT('',(-26.,53.5));
#7875 = VECTOR('',#7876,1.);
#7876 = DIRECTION('',(-1.,0.));
#7877 = ( GEOMETRIC_REPRESENTATION_CONTEXT(2) 
PARAMETRIC_REPRESENTATION_CONTEXT() REPRESENTATION_CONTEXT('2D SPACE',''
  ) );
#7878 = PCURVE('',#4421,#7879);
#7879 = DEFINITIONAL_REPRESENTATION('',(#7880),#7884);
#7880 = LINE('',#7881,#7882);
#7881 = CARTESIAN_POINT('',(0.,-4.));
#7882 = VECTOR('',#7883,1.);
#7883 = DIRECTION('',(1.,0.));
#7884 = ( GEOMETRIC_REPRESENTATION_CONTEXT(2) 
PARAMETRIC_REPRESENTATION_CONTEXT() REPRESENTATION_CONTEXT('2D SPACE',''
  ) );
#7885 = ORIENTED_EDGE('',*,*,#7886,.F.);
#7886 = EDGE_CURVE('',#7887,#7864,#7889,.T.);
#7887 = VERTEX_POINT('',#7888);
#7888 = CARTESIAN_POINT('',(-24.70736451697,53.471177920605,3.));
#7889 = SURFACE_CURVE('',#7890,(#7894,#7901),.PCURVE_S1.);
#7890 = LINE('',#7891,#7892);
#7891 = CARTESIAN_POINT('',(-24.70736451697,53.471177920605,3.));
#7892 = VECTOR('',#7893,1.);
#7893 = DIRECTION('',(-0.995184726672,9.801714032956E-02,0.));
#7894 = PCURVE('',#612,#7895);
#7895 = DEFINITIONAL_REPRESENTATION('',(#7896),#7900);
#7896 = LINE('',#7897,#7898);
#7897 = CARTESIAN_POINT('',(-25.70736451697,53.471177920605));
#7898 = VECTOR('',#7899,1.);
#7899 = DIRECTION('',(-0.995184726672,9.801714032956E-02));
#7900 = ( GEOMETRIC_REPRESENTATION_CONTEXT(2) 
PARAMETRIC_REPRESENTATION_CONTEXT() REPRESENTATION_CONTEXT('2D SPACE',''
  ) );
#7901 = PCURVE('',#4447,#7902);
#7902 = DEFINITIONAL_REPRESENTATION('',(#7903),#7907);
#7903 = LINE('',#7904,#7905);
#7904 = CARTESIAN_POINT('',(0.,-4.));
#7905 = VECTOR('',#7906,1.);
#7906 = DIRECTION('',(1.,0.));
#7907 = ( GEOMETRIC_REPRESENTATION_CONTEXT(2) 
PARAMETRIC_REPRESENTATION_CONTEXT() REPRESENTATION_CONTEXT('2D SPACE',''
  ) );
#7908 = ORIENTED_EDGE('',*,*,#7909,.F.);
#7909 = EDGE_CURVE('',#7910,#7887,#7912,.T.);
#7910 = VERTEX_POINT('',#7911);
#7911 = CARTESIAN_POINT('',(-24.42597485145,53.385819298767,3.));
#7912 = SURFACE_CURVE('',#7913,(#7917,#7924),.PCURVE_S1.);
#7913 = LINE('',#7914,#7915);
#7914 = CARTESIAN_POINT('',(-24.42597485145,53.385819298767,3.));
#7915 = VECTOR('',#7916,1.);
#7916 = DIRECTION('',(-0.956940335732,0.290284677254,0.));
#7917 = PCURVE('',#612,#7918);
#7918 = DEFINITIONAL_REPRESENTATION('',(#7919),#7923);
#7919 = LINE('',#7920,#7921);
#7920 = CARTESIAN_POINT('',(-25.42597485145,53.385819298767));
#7921 = VECTOR('',#7922,1.);
#7922 = DIRECTION('',(-0.956940335732,0.290284677254));
#7923 = ( GEOMETRIC_REPRESENTATION_CONTEXT(2) 
PARAMETRIC_REPRESENTATION_CONTEXT() REPRESENTATION_CONTEXT('2D SPACE',''
  ) );
#7924 = PCURVE('',#4473,#7925);
#7925 = DEFINITIONAL_REPRESENTATION('',(#7926),#7930);
#7926 = LINE('',#7927,#7928);
#7927 = CARTESIAN_POINT('',(0.,-4.));
#7928 = VECTOR('',#7929,1.);
#7929 = DIRECTION('',(1.,0.));
#7930 = ( GEOMETRIC_REPRESENTATION_CONTEXT(2) 
PARAMETRIC_REPRESENTATION_CONTEXT() REPRESENTATION_CONTEXT('2D SPACE',''
  ) );
#7931 = ORIENTED_EDGE('',*,*,#7932,.F.);
#7932 = EDGE_CURVE('',#7933,#7910,#7935,.T.);
#7933 = VERTEX_POINT('',#7934);
#7934 = CARTESIAN_POINT('',(-24.16664465047,53.247204418454,3.));
#7935 = SURFACE_CURVE('',#7936,(#7940,#7947),.PCURVE_S1.);
#7936 = LINE('',#7937,#7938);
#7937 = CARTESIAN_POINT('',(-24.16664465047,53.247204418454,3.));
#7938 = VECTOR('',#7939,1.);
#7939 = DIRECTION('',(-0.881921264348,0.471396736826,0.));
#7940 = PCURVE('',#612,#7941);
#7941 = DEFINITIONAL_REPRESENTATION('',(#7942),#7946);
#7942 = LINE('',#7943,#7944);
#7943 = CARTESIAN_POINT('',(-25.16664465047,53.247204418454));
#7944 = VECTOR('',#7945,1.);
#7945 = DIRECTION('',(-0.881921264348,0.471396736826));
#7946 = ( GEOMETRIC_REPRESENTATION_CONTEXT(2) 
PARAMETRIC_REPRESENTATION_CONTEXT() REPRESENTATION_CONTEXT('2D SPACE',''
  ) );
#7947 = PCURVE('',#4499,#7948);
#7948 = DEFINITIONAL_REPRESENTATION('',(#7949),#7953);
#7949 = LINE('',#7950,#7951);
#7950 = CARTESIAN_POINT('',(0.,-4.));
#7951 = VECTOR('',#7952,1.);
#7952 = DIRECTION('',(1.,0.));
#7953 = ( GEOMETRIC_REPRESENTATION_CONTEXT(2) 
PARAMETRIC_REPRESENTATION_CONTEXT() REPRESENTATION_CONTEXT('2D SPACE',''
  ) );
#7954 = ORIENTED_EDGE('',*,*,#7955,.F.);
#7955 = EDGE_CURVE('',#7956,#7933,#7958,.T.);
#7956 = VERTEX_POINT('',#7957);
#7957 = CARTESIAN_POINT('',(-23.93933982822,53.06066017178,3.));
#7958 = SURFACE_CURVE('',#7959,(#7963,#7970),.PCURVE_S1.);
#7959 = LINE('',#7960,#7961);
#7960 = CARTESIAN_POINT('',(-23.93933982822,53.06066017178,3.));
#7961 = VECTOR('',#7962,1.);
#7962 = DIRECTION('',(-0.773010453363,0.634393284164,0.));
#7963 = PCURVE('',#612,#7964);
#7964 = DEFINITIONAL_REPRESENTATION('',(#7965),#7969);
#7965 = LINE('',#7966,#7967);
#7966 = CARTESIAN_POINT('',(-24.93933982822,53.06066017178));
#7967 = VECTOR('',#7968,1.);
#7968 = DIRECTION('',(-0.773010453363,0.634393284164));
#7969 = ( GEOMETRIC_REPRESENTATION_CONTEXT(2) 
PARAMETRIC_REPRESENTATION_CONTEXT() REPRESENTATION_CONTEXT('2D SPACE',''
  ) );
#7970 = PCURVE('',#4525,#7971);
#7971 = DEFINITIONAL_REPRESENTATION('',(#7972),#7976);
#7972 = LINE('',#7973,#7974);
#7973 = CARTESIAN_POINT('',(0.,-4.));
#7974 = VECTOR('',#7975,1.);
#7975 = DIRECTION('',(1.,0.));
#7976 = ( GEOMETRIC_REPRESENTATION_CONTEXT(2) 
PARAMETRIC_REPRESENTATION_CONTEXT() REPRESENTATION_CONTEXT('2D SPACE',''
  ) );
#7977 = ORIENTED_EDGE('',*,*,#7978,.F.);
#7978 = EDGE_CURVE('',#7979,#7956,#7981,.T.);
#7979 = VERTEX_POINT('',#7980);
#7980 = CARTESIAN_POINT('',(-23.75279558154,52.833355349529,3.));
#7981 = SURFACE_CURVE('',#7982,(#7986,#7993),.PCURVE_S1.);
#7982 = LINE('',#7983,#7984);
#7983 = CARTESIAN_POINT('',(-23.75279558154,52.833355349529,3.));
#7984 = VECTOR('',#7985,1.);
#7985 = DIRECTION('',(-0.634393284164,0.773010453363,0.));
#7986 = PCURVE('',#612,#7987);
#7987 = DEFINITIONAL_REPRESENTATION('',(#7988),#7992);
#7988 = LINE('',#7989,#7990);
#7989 = CARTESIAN_POINT('',(-24.75279558154,52.833355349529));
#7990 = VECTOR('',#7991,1.);
#7991 = DIRECTION('',(-0.634393284164,0.773010453363));
#7992 = ( GEOMETRIC_REPRESENTATION_CONTEXT(2) 
PARAMETRIC_REPRESENTATION_CONTEXT() REPRESENTATION_CONTEXT('2D SPACE',''
  ) );
#7993 = PCURVE('',#4551,#7994);
#7994 = DEFINITIONAL_REPRESENTATION('',(#7995),#7999);
#7995 = LINE('',#7996,#7997);
#7996 = CARTESIAN_POINT('',(0.,-4.));
#7997 = VECTOR('',#7998,1.);
#7998 = DIRECTION('',(1.,0.));
#7999 = ( GEOMETRIC_REPRESENTATION_CONTEXT(2) 
PARAMETRIC_REPRESENTATION_CONTEXT() REPRESENTATION_CONTEXT('2D SPACE',''
  ) );
#8000 = ORIENTED_EDGE('',*,*,#8001,.F.);
#8001 = EDGE_CURVE('',#8002,#7979,#8004,.T.);
#8002 = VERTEX_POINT('',#8003);
#8003 = CARTESIAN_POINT('',(-23.61418070123,52.574025148548,3.));
#8004 = SURFACE_CURVE('',#8005,(#8009,#8016),.PCURVE_S1.);
#8005 = LINE('',#8006,#8007);
#8006 = CARTESIAN_POINT('',(-23.61418070123,52.574025148548,3.));
#8007 = VECTOR('',#8008,1.);
#8008 = DIRECTION('',(-0.471396736826,0.881921264348,0.));
#8009 = PCURVE('',#612,#8010);
#8010 = DEFINITIONAL_REPRESENTATION('',(#8011),#8015);
#8011 = LINE('',#8012,#8013);
#8012 = CARTESIAN_POINT('',(-24.61418070123,52.574025148548));
#8013 = VECTOR('',#8014,1.);
#8014 = DIRECTION('',(-0.471396736826,0.881921264348));
#8015 = ( GEOMETRIC_REPRESENTATION_CONTEXT(2) 
PARAMETRIC_REPRESENTATION_CONTEXT() REPRESENTATION_CONTEXT('2D SPACE',''
  ) );
#8016 = PCURVE('',#4577,#8017);
#8017 = DEFINITIONAL_REPRESENTATION('',(#8018),#8022);
#8018 = LINE('',#8019,#8020);
#8019 = CARTESIAN_POINT('',(0.,-4.));
#8020 = VECTOR('',#8021,1.);
#8021 = DIRECTION('',(1.,0.));
#8022 = ( GEOMETRIC_REPRESENTATION_CONTEXT(2) 
PARAMETRIC_REPRESENTATION_CONTEXT() REPRESENTATION_CONTEXT('2D SPACE',''
  ) );
#8023 = ORIENTED_EDGE('',*,*,#8024,.F.);
#8024 = EDGE_CURVE('',#8025,#8002,#8027,.T.);
#8025 = VERTEX_POINT('',#8026);
#8026 = CARTESIAN_POINT('',(-23.52882207939,52.292635483024,3.));
#8027 = SURFACE_CURVE('',#8028,(#8032,#8039),.PCURVE_S1.);
#8028 = LINE('',#8029,#8030);
#8029 = CARTESIAN_POINT('',(-23.52882207939,52.292635483024,3.));
#8030 = VECTOR('',#8031,1.);
#8031 = DIRECTION('',(-0.290284677254,0.956940335732,0.));
#8032 = PCURVE('',#612,#8033);
#8033 = DEFINITIONAL_REPRESENTATION('',(#8034),#8038);
#8034 = LINE('',#8035,#8036);
#8035 = CARTESIAN_POINT('',(-24.52882207939,52.292635483024));
#8036 = VECTOR('',#8037,1.);
#8037 = DIRECTION('',(-0.290284677254,0.956940335732));
#8038 = ( GEOMETRIC_REPRESENTATION_CONTEXT(2) 
PARAMETRIC_REPRESENTATION_CONTEXT() REPRESENTATION_CONTEXT('2D SPACE',''
  ) );
#8039 = PCURVE('',#4603,#8040);
#8040 = DEFINITIONAL_REPRESENTATION('',(#8041),#8045);
#8041 = LINE('',#8042,#8043);
#8042 = CARTESIAN_POINT('',(0.,-4.));
#8043 = VECTOR('',#8044,1.);
#8044 = DIRECTION('',(1.,0.));
#8045 = ( GEOMETRIC_REPRESENTATION_CONTEXT(2) 
PARAMETRIC_REPRESENTATION_CONTEXT() REPRESENTATION_CONTEXT('2D SPACE',''
  ) );
#8046 = ORIENTED_EDGE('',*,*,#8047,.F.);
#8047 = EDGE_CURVE('',#8048,#8025,#8050,.T.);
#8048 = VERTEX_POINT('',#8049);
#8049 = CARTESIAN_POINT('',(-23.5,52.,3.));
#8050 = SURFACE_CURVE('',#8051,(#8055,#8062),.PCURVE_S1.);
#8051 = LINE('',#8052,#8053);
#8052 = CARTESIAN_POINT('',(-23.5,52.,3.));
#8053 = VECTOR('',#8054,1.);
#8054 = DIRECTION('',(-9.801714032956E-02,0.995184726672,0.));
#8055 = PCURVE('',#612,#8056);
#8056 = DEFINITIONAL_REPRESENTATION('',(#8057),#8061);
#8057 = LINE('',#8058,#8059);
#8058 = CARTESIAN_POINT('',(-24.5,52.));
#8059 = VECTOR('',#8060,1.);
#8060 = DIRECTION('',(-9.801714032956E-02,0.995184726672));
#8061 = ( GEOMETRIC_REPRESENTATION_CONTEXT(2) 
PARAMETRIC_REPRESENTATION_CONTEXT() REPRESENTATION_CONTEXT('2D SPACE',''
  ) );
#8062 = PCURVE('',#4629,#8063);
#8063 = DEFINITIONAL_REPRESENTATION('',(#8064),#8068);
#8064 = LINE('',#8065,#8066);
#8065 = CARTESIAN_POINT('',(0.,-4.));
#8066 = VECTOR('',#8067,1.);
#8067 = DIRECTION('',(1.,0.));
#8068 = ( GEOMETRIC_REPRESENTATION_CONTEXT(2) 
PARAMETRIC_REPRESENTATION_CONTEXT() REPRESENTATION_CONTEXT('2D SPACE',''
  ) );
#8069 = ORIENTED_EDGE('',*,*,#8070,.F.);
#8070 = EDGE_CURVE('',#8071,#8048,#8073,.T.);
#8071 = VERTEX_POINT('',#8072);
#8072 = CARTESIAN_POINT('',(-23.5,46.5,3.));
#8073 = SURFACE_CURVE('',#8074,(#8078,#8085),.PCURVE_S1.);
#8074 = LINE('',#8075,#8076);
#8075 = CARTESIAN_POINT('',(-23.5,46.5,3.));
#8076 = VECTOR('',#8077,1.);
#8077 = DIRECTION('',(0.,1.,0.));
#8078 = PCURVE('',#612,#8079);
#8079 = DEFINITIONAL_REPRESENTATION('',(#8080),#8084);
#8080 = LINE('',#8081,#8082);
#8081 = CARTESIAN_POINT('',(-24.5,46.5));
#8082 = VECTOR('',#8083,1.);
#8083 = DIRECTION('',(0.,1.));
#8084 = ( GEOMETRIC_REPRESENTATION_CONTEXT(2) 
PARAMETRIC_REPRESENTATION_CONTEXT() REPRESENTATION_CONTEXT('2D SPACE',''
  ) );
#8085 = PCURVE('',#4655,#8086);
#8086 = DEFINITIONAL_REPRESENTATION('',(#8087),#8091);
#8087 = LINE('',#8088,#8089);
#8088 = CARTESIAN_POINT('',(0.,-4.));
#8089 = VECTOR('',#8090,1.);
#8090 = DIRECTION('',(1.,0.));
#8091 = ( GEOMETRIC_REPRESENTATION_CONTEXT(2) 
PARAMETRIC_REPRESENTATION_CONTEXT() REPRESENTATION_CONTEXT('2D SPACE',''
  ) );
#8092 = ORIENTED_EDGE('',*,*,#8093,.F.);
#8093 = EDGE_CURVE('',#8094,#8071,#8096,.T.);
#8094 = VERTEX_POINT('',#8095);
#8095 = CARTESIAN_POINT('',(-23.52882207939,46.207364516976,3.));
#8096 = SURFACE_CURVE('',#8097,(#8101,#8108),.PCURVE_S1.);
#8097 = LINE('',#8098,#8099);
#8098 = CARTESIAN_POINT('',(-23.52882207939,46.207364516976,3.));
#8099 = VECTOR('',#8100,1.);
#8100 = DIRECTION('',(9.801714032956E-02,0.995184726672,0.));
#8101 = PCURVE('',#612,#8102);
#8102 = DEFINITIONAL_REPRESENTATION('',(#8103),#8107);
#8103 = LINE('',#8104,#8105);
#8104 = CARTESIAN_POINT('',(-24.52882207939,46.207364516976));
#8105 = VECTOR('',#8106,1.);
#8106 = DIRECTION('',(9.801714032956E-02,0.995184726672));
#8107 = ( GEOMETRIC_REPRESENTATION_CONTEXT(2) 
PARAMETRIC_REPRESENTATION_CONTEXT() REPRESENTATION_CONTEXT('2D SPACE',''
  ) );
#8108 = PCURVE('',#4681,#8109);
#8109 = DEFINITIONAL_REPRESENTATION('',(#8110),#8114);
#8110 = LINE('',#8111,#8112);
#8111 = CARTESIAN_POINT('',(0.,-4.));
#8112 = VECTOR('',#8113,1.);
#8113 = DIRECTION('',(1.,0.));
#8114 = ( GEOMETRIC_REPRESENTATION_CONTEXT(2) 
PARAMETRIC_REPRESENTATION_CONTEXT() REPRESENTATION_CONTEXT('2D SPACE',''
  ) );
#8115 = ORIENTED_EDGE('',*,*,#8116,.F.);
#8116 = EDGE_CURVE('',#8117,#8094,#8119,.T.);
#8117 = VERTEX_POINT('',#8118);
#8118 = CARTESIAN_POINT('',(-23.61418070123,45.925974851452,3.));
#8119 = SURFACE_CURVE('',#8120,(#8124,#8131),.PCURVE_S1.);
#8120 = LINE('',#8121,#8122);
#8121 = CARTESIAN_POINT('',(-23.61418070123,45.925974851452,3.));
#8122 = VECTOR('',#8123,1.);
#8123 = DIRECTION('',(0.290284677254,0.956940335732,0.));
#8124 = PCURVE('',#612,#8125);
#8125 = DEFINITIONAL_REPRESENTATION('',(#8126),#8130);
#8126 = LINE('',#8127,#8128);
#8127 = CARTESIAN_POINT('',(-24.61418070123,45.925974851452));
#8128 = VECTOR('',#8129,1.);
#8129 = DIRECTION('',(0.290284677254,0.956940335732));
#8130 = ( GEOMETRIC_REPRESENTATION_CONTEXT(2) 
PARAMETRIC_REPRESENTATION_CONTEXT() REPRESENTATION_CONTEXT('2D SPACE',''
  ) );
#8131 = PCURVE('',#4707,#8132);
#8132 = DEFINITIONAL_REPRESENTATION('',(#8133),#8137);
#8133 = LINE('',#8134,#8135);
#8134 = CARTESIAN_POINT('',(0.,-4.));
#8135 = VECTOR('',#8136,1.);
#8136 = DIRECTION('',(1.,0.));
#8137 = ( GEOMETRIC_REPRESENTATION_CONTEXT(2) 
PARAMETRIC_REPRESENTATION_CONTEXT() REPRESENTATION_CONTEXT('2D SPACE',''
  ) );
#8138 = ORIENTED_EDGE('',*,*,#8139,.F.);
#8139 = EDGE_CURVE('',#8140,#8117,#8142,.T.);
#8140 = VERTEX_POINT('',#8141);
#8141 = CARTESIAN_POINT('',(-23.75279558154,45.666644650471,3.));
#8142 = SURFACE_CURVE('',#8143,(#8147,#8154),.PCURVE_S1.);
#8143 = LINE('',#8144,#8145);
#8144 = CARTESIAN_POINT('',(-23.75279558154,45.666644650471,3.));
#8145 = VECTOR('',#8146,1.);
#8146 = DIRECTION('',(0.471396736826,0.881921264348,0.));
#8147 = PCURVE('',#612,#8148);
#8148 = DEFINITIONAL_REPRESENTATION('',(#8149),#8153);
#8149 = LINE('',#8150,#8151);
#8150 = CARTESIAN_POINT('',(-24.75279558154,45.666644650471));
#8151 = VECTOR('',#8152,1.);
#8152 = DIRECTION('',(0.471396736826,0.881921264348));
#8153 = ( GEOMETRIC_REPRESENTATION_CONTEXT(2) 
PARAMETRIC_REPRESENTATION_CONTEXT() REPRESENTATION_CONTEXT('2D SPACE',''
  ) );
#8154 = PCURVE('',#4733,#8155);
#8155 = DEFINITIONAL_REPRESENTATION('',(#8156),#8160);
#8156 = LINE('',#8157,#8158);
#8157 = CARTESIAN_POINT('',(0.,-4.));
#8158 = VECTOR('',#8159,1.);
#8159 = DIRECTION('',(1.,0.));
#8160 = ( GEOMETRIC_REPRESENTATION_CONTEXT(2) 
PARAMETRIC_REPRESENTATION_CONTEXT() REPRESENTATION_CONTEXT('2D SPACE',''
  ) );
#8161 = ORIENTED_EDGE('',*,*,#8162,.F.);
#8162 = EDGE_CURVE('',#8163,#8140,#8165,.T.);
#8163 = VERTEX_POINT('',#8164);
#8164 = CARTESIAN_POINT('',(-23.93933982822,45.43933982822,3.));
#8165 = SURFACE_CURVE('',#8166,(#8170,#8177),.PCURVE_S1.);
#8166 = LINE('',#8167,#8168);
#8167 = CARTESIAN_POINT('',(-23.93933982822,45.43933982822,3.));
#8168 = VECTOR('',#8169,1.);
#8169 = DIRECTION('',(0.634393284164,0.773010453363,0.));
#8170 = PCURVE('',#612,#8171);
#8171 = DEFINITIONAL_REPRESENTATION('',(#8172),#8176);
#8172 = LINE('',#8173,#8174);
#8173 = CARTESIAN_POINT('',(-24.93933982822,45.43933982822));
#8174 = VECTOR('',#8175,1.);
#8175 = DIRECTION('',(0.634393284164,0.773010453363));
#8176 = ( GEOMETRIC_REPRESENTATION_CONTEXT(2) 
PARAMETRIC_REPRESENTATION_CONTEXT() REPRESENTATION_CONTEXT('2D SPACE',''
  ) );
#8177 = PCURVE('',#4759,#8178);
#8178 = DEFINITIONAL_REPRESENTATION('',(#8179),#8183);
#8179 = LINE('',#8180,#8181);
#8180 = CARTESIAN_POINT('',(0.,-4.));
#8181 = VECTOR('',#8182,1.);
#8182 = DIRECTION('',(1.,0.));
#8183 = ( GEOMETRIC_REPRESENTATION_CONTEXT(2) 
PARAMETRIC_REPRESENTATION_CONTEXT() REPRESENTATION_CONTEXT('2D SPACE',''
  ) );
#8184 = ORIENTED_EDGE('',*,*,#8185,.F.);
#8185 = EDGE_CURVE('',#8186,#8163,#8188,.T.);
#8186 = VERTEX_POINT('',#8187);
#8187 = CARTESIAN_POINT('',(-24.16664465047,45.252795581546,3.));
#8188 = SURFACE_CURVE('',#8189,(#8193,#8200),.PCURVE_S1.);
#8189 = LINE('',#8190,#8191);
#8190 = CARTESIAN_POINT('',(-24.16664465047,45.252795581546,3.));
#8191 = VECTOR('',#8192,1.);
#8192 = DIRECTION('',(0.773010453363,0.634393284164,0.));
#8193 = PCURVE('',#612,#8194);
#8194 = DEFINITIONAL_REPRESENTATION('',(#8195),#8199);
#8195 = LINE('',#8196,#8197);
#8196 = CARTESIAN_POINT('',(-25.16664465047,45.252795581546));
#8197 = VECTOR('',#8198,1.);
#8198 = DIRECTION('',(0.773010453363,0.634393284164));
#8199 = ( GEOMETRIC_REPRESENTATION_CONTEXT(2) 
PARAMETRIC_REPRESENTATION_CONTEXT() REPRESENTATION_CONTEXT('2D SPACE',''
  ) );
#8200 = PCURVE('',#4785,#8201);
#8201 = DEFINITIONAL_REPRESENTATION('',(#8202),#8206);
#8202 = LINE('',#8203,#8204);
#8203 = CARTESIAN_POINT('',(0.,-4.));
#8204 = VECTOR('',#8205,1.);
#8205 = DIRECTION('',(1.,0.));
#8206 = ( GEOMETRIC_REPRESENTATION_CONTEXT(2) 
PARAMETRIC_REPRESENTATION_CONTEXT() REPRESENTATION_CONTEXT('2D SPACE',''
  ) );
#8207 = ORIENTED_EDGE('',*,*,#8208,.F.);
#8208 = EDGE_CURVE('',#8209,#8186,#8211,.T.);
#8209 = VERTEX_POINT('',#8210);
#8210 = CARTESIAN_POINT('',(-24.42597485145,45.114180701233,3.));
#8211 = SURFACE_CURVE('',#8212,(#8216,#8223),.PCURVE_S1.);
#8212 = LINE('',#8213,#8214);
#8213 = CARTESIAN_POINT('',(-24.42597485145,45.114180701233,3.));
#8214 = VECTOR('',#8215,1.);
#8215 = DIRECTION('',(0.881921264348,0.471396736826,0.));
#8216 = PCURVE('',#612,#8217);
#8217 = DEFINITIONAL_REPRESENTATION('',(#8218),#8222);
#8218 = LINE('',#8219,#8220);
#8219 = CARTESIAN_POINT('',(-25.42597485145,45.114180701233));
#8220 = VECTOR('',#8221,1.);
#8221 = DIRECTION('',(0.881921264348,0.471396736826));
#8222 = ( GEOMETRIC_REPRESENTATION_CONTEXT(2) 
PARAMETRIC_REPRESENTATION_CONTEXT() REPRESENTATION_CONTEXT('2D SPACE',''
  ) );
#8223 = PCURVE('',#4811,#8224);
#8224 = DEFINITIONAL_REPRESENTATION('',(#8225),#8229);
#8225 = LINE('',#8226,#8227);
#8226 = CARTESIAN_POINT('',(0.,-4.));
#8227 = VECTOR('',#8228,1.);
#8228 = DIRECTION('',(1.,0.));
#8229 = ( GEOMETRIC_REPRESENTATION_CONTEXT(2) 
PARAMETRIC_REPRESENTATION_CONTEXT() REPRESENTATION_CONTEXT('2D SPACE',''
  ) );
#8230 = ORIENTED_EDGE('',*,*,#8231,.F.);
#8231 = EDGE_CURVE('',#8232,#8209,#8234,.T.);
#8232 = VERTEX_POINT('',#8233);
#8233 = CARTESIAN_POINT('',(-24.70736451697,45.028822079395,3.));
#8234 = SURFACE_CURVE('',#8235,(#8239,#8246),.PCURVE_S1.);
#8235 = LINE('',#8236,#8237);
#8236 = CARTESIAN_POINT('',(-24.70736451697,45.028822079395,3.));
#8237 = VECTOR('',#8238,1.);
#8238 = DIRECTION('',(0.956940335732,0.290284677254,0.));
#8239 = PCURVE('',#612,#8240);
#8240 = DEFINITIONAL_REPRESENTATION('',(#8241),#8245);
#8241 = LINE('',#8242,#8243);
#8242 = CARTESIAN_POINT('',(-25.70736451697,45.028822079395));
#8243 = VECTOR('',#8244,1.);
#8244 = DIRECTION('',(0.956940335732,0.290284677254));
#8245 = ( GEOMETRIC_REPRESENTATION_CONTEXT(2) 
PARAMETRIC_REPRESENTATION_CONTEXT() REPRESENTATION_CONTEXT('2D SPACE',''
  ) );
#8246 = PCURVE('',#4837,#8247);
#8247 = DEFINITIONAL_REPRESENTATION('',(#8248),#8252);
#8248 = LINE('',#8249,#8250);
#8249 = CARTESIAN_POINT('',(0.,-4.));
#8250 = VECTOR('',#8251,1.);
#8251 = DIRECTION('',(1.,0.));
#8252 = ( GEOMETRIC_REPRESENTATION_CONTEXT(2) 
PARAMETRIC_REPRESENTATION_CONTEXT() REPRESENTATION_CONTEXT('2D SPACE',''
  ) );
#8253 = ORIENTED_EDGE('',*,*,#8254,.F.);
#8254 = EDGE_CURVE('',#8255,#8232,#8257,.T.);
#8255 = VERTEX_POINT('',#8256);
#8256 = CARTESIAN_POINT('',(-25.,45.,3.));
#8257 = SURFACE_CURVE('',#8258,(#8262,#8269),.PCURVE_S1.);
#8258 = LINE('',#8259,#8260);
#8259 = CARTESIAN_POINT('',(-25.,45.,3.));
#8260 = VECTOR('',#8261,1.);
#8261 = DIRECTION('',(0.995184726672,9.801714032956E-02,0.));
#8262 = PCURVE('',#612,#8263);
#8263 = DEFINITIONAL_REPRESENTATION('',(#8264),#8268);
#8264 = LINE('',#8265,#8266);
#8265 = CARTESIAN_POINT('',(-26.,45.));
#8266 = VECTOR('',#8267,1.);
#8267 = DIRECTION('',(0.995184726672,9.801714032956E-02));
#8268 = ( GEOMETRIC_REPRESENTATION_CONTEXT(2) 
PARAMETRIC_REPRESENTATION_CONTEXT() REPRESENTATION_CONTEXT('2D SPACE',''
  ) );
#8269 = PCURVE('',#4863,#8270);
#8270 = DEFINITIONAL_REPRESENTATION('',(#8271),#8275);
#8271 = LINE('',#8272,#8273);
#8272 = CARTESIAN_POINT('',(0.,-4.));
#8273 = VECTOR('',#8274,1.);
#8274 = DIRECTION('',(1.,0.));
#8275 = ( GEOMETRIC_REPRESENTATION_CONTEXT(2) 
PARAMETRIC_REPRESENTATION_CONTEXT() REPRESENTATION_CONTEXT('2D SPACE',''
  ) );
#8276 = ORIENTED_EDGE('',*,*,#8277,.F.);
#8277 = EDGE_CURVE('',#8278,#8255,#8280,.T.);
#8278 = VERTEX_POINT('',#8279);
#8279 = CARTESIAN_POINT('',(-34.,45.,3.));
#8280 = SURFACE_CURVE('',#8281,(#8285,#8292),.PCURVE_S1.);
#8281 = LINE('',#8282,#8283);
#8282 = CARTESIAN_POINT('',(-34.,45.,3.));
#8283 = VECTOR('',#8284,1.);
#8284 = DIRECTION('',(1.,0.,0.));
#8285 = PCURVE('',#612,#8286);
#8286 = DEFINITIONAL_REPRESENTATION('',(#8287),#8291);
#8287 = LINE('',#8288,#8289);
#8288 = CARTESIAN_POINT('',(-35.,45.));
#8289 = VECTOR('',#8290,1.);
#8290 = DIRECTION('',(1.,0.));
#8291 = ( GEOMETRIC_REPRESENTATION_CONTEXT(2) 
PARAMETRIC_REPRESENTATION_CONTEXT() REPRESENTATION_CONTEXT('2D SPACE',''
  ) );
#8292 = PCURVE('',#4889,#8293);
#8293 = DEFINITIONAL_REPRESENTATION('',(#8294),#8298);
#8294 = LINE('',#8295,#8296);
#8295 = CARTESIAN_POINT('',(0.,-4.));
#8296 = VECTOR('',#8297,1.);
#8297 = DIRECTION('',(1.,0.));
#8298 = ( GEOMETRIC_REPRESENTATION_CONTEXT(2) 
PARAMETRIC_REPRESENTATION_CONTEXT() REPRESENTATION_CONTEXT('2D SPACE',''
  ) );
#8299 = ORIENTED_EDGE('',*,*,#8300,.F.);
#8300 = EDGE_CURVE('',#8301,#8278,#8303,.T.);
#8301 = VERTEX_POINT('',#8302);
#8302 = CARTESIAN_POINT('',(-34.29263548302,45.028822079395,3.));
#8303 = SURFACE_CURVE('',#8304,(#8308,#8315),.PCURVE_S1.);
#8304 = LINE('',#8305,#8306);
#8305 = CARTESIAN_POINT('',(-34.29263548302,45.028822079395,3.));
#8306 = VECTOR('',#8307,1.);
#8307 = DIRECTION('',(0.995184726672,-9.801714032956E-02,0.));
#8308 = PCURVE('',#612,#8309);
#8309 = DEFINITIONAL_REPRESENTATION('',(#8310),#8314);
#8310 = LINE('',#8311,#8312);
#8311 = CARTESIAN_POINT('',(-35.29263548302,45.028822079395));
#8312 = VECTOR('',#8313,1.);
#8313 = DIRECTION('',(0.995184726672,-9.801714032956E-02));
#8314 = ( GEOMETRIC_REPRESENTATION_CONTEXT(2) 
PARAMETRIC_REPRESENTATION_CONTEXT() REPRESENTATION_CONTEXT('2D SPACE',''
  ) );
#8315 = PCURVE('',#4915,#8316);
#8316 = DEFINITIONAL_REPRESENTATION('',(#8317),#8321);
#8317 = LINE('',#8318,#8319);
#8318 = CARTESIAN_POINT('',(0.,-4.));
#8319 = VECTOR('',#8320,1.);
#8320 = DIRECTION('',(1.,0.));
#8321 = ( GEOMETRIC_REPRESENTATION_CONTEXT(2) 
PARAMETRIC_REPRESENTATION_CONTEXT() REPRESENTATION_CONTEXT('2D SPACE',''
  ) );
#8322 = ORIENTED_EDGE('',*,*,#8323,.F.);
#8323 = EDGE_CURVE('',#8324,#8301,#8326,.T.);
#8324 = VERTEX_POINT('',#8325);
#8325 = CARTESIAN_POINT('',(-34.57402514854,45.114180701233,3.));
#8326 = SURFACE_CURVE('',#8327,(#8331,#8338),.PCURVE_S1.);
#8327 = LINE('',#8328,#8329);
#8328 = CARTESIAN_POINT('',(-34.57402514854,45.114180701233,3.));
#8329 = VECTOR('',#8330,1.);
#8330 = DIRECTION('',(0.956940335732,-0.290284677254,0.));
#8331 = PCURVE('',#612,#8332);
#8332 = DEFINITIONAL_REPRESENTATION('',(#8333),#8337);
#8333 = LINE('',#8334,#8335);
#8334 = CARTESIAN_POINT('',(-35.57402514854,45.114180701233));
#8335 = VECTOR('',#8336,1.);
#8336 = DIRECTION('',(0.956940335732,-0.290284677254));
#8337 = ( GEOMETRIC_REPRESENTATION_CONTEXT(2) 
PARAMETRIC_REPRESENTATION_CONTEXT() REPRESENTATION_CONTEXT('2D SPACE',''
  ) );
#8338 = PCURVE('',#4941,#8339);
#8339 = DEFINITIONAL_REPRESENTATION('',(#8340),#8344);
#8340 = LINE('',#8341,#8342);
#8341 = CARTESIAN_POINT('',(0.,-4.));
#8342 = VECTOR('',#8343,1.);
#8343 = DIRECTION('',(1.,0.));
#8344 = ( GEOMETRIC_REPRESENTATION_CONTEXT(2) 
PARAMETRIC_REPRESENTATION_CONTEXT() REPRESENTATION_CONTEXT('2D SPACE',''
  ) );
#8345 = ORIENTED_EDGE('',*,*,#8346,.F.);
#8346 = EDGE_CURVE('',#8347,#8324,#8349,.T.);
#8347 = VERTEX_POINT('',#8348);
#8348 = CARTESIAN_POINT('',(-34.83335534952,45.252795581546,3.));
#8349 = SURFACE_CURVE('',#8350,(#8354,#8361),.PCURVE_S1.);
#8350 = LINE('',#8351,#8352);
#8351 = CARTESIAN_POINT('',(-34.83335534952,45.252795581546,3.));
#8352 = VECTOR('',#8353,1.);
#8353 = DIRECTION('',(0.881921264348,-0.471396736826,0.));
#8354 = PCURVE('',#612,#8355);
#8355 = DEFINITIONAL_REPRESENTATION('',(#8356),#8360);
#8356 = LINE('',#8357,#8358);
#8357 = CARTESIAN_POINT('',(-35.83335534952,45.252795581546));
#8358 = VECTOR('',#8359,1.);
#8359 = DIRECTION('',(0.881921264348,-0.471396736826));
#8360 = ( GEOMETRIC_REPRESENTATION_CONTEXT(2) 
PARAMETRIC_REPRESENTATION_CONTEXT() REPRESENTATION_CONTEXT('2D SPACE',''
  ) );
#8361 = PCURVE('',#4967,#8362);
#8362 = DEFINITIONAL_REPRESENTATION('',(#8363),#8367);
#8363 = LINE('',#8364,#8365);
#8364 = CARTESIAN_POINT('',(0.,-4.));
#8365 = VECTOR('',#8366,1.);
#8366 = DIRECTION('',(1.,0.));
#8367 = ( GEOMETRIC_REPRESENTATION_CONTEXT(2) 
PARAMETRIC_REPRESENTATION_CONTEXT() REPRESENTATION_CONTEXT('2D SPACE',''
  ) );
#8368 = ORIENTED_EDGE('',*,*,#8369,.F.);
#8369 = EDGE_CURVE('',#8370,#8347,#8372,.T.);
#8370 = VERTEX_POINT('',#8371);
#8371 = CARTESIAN_POINT('',(-35.06066017178,45.43933982822,3.));
#8372 = SURFACE_CURVE('',#8373,(#8377,#8384),.PCURVE_S1.);
#8373 = LINE('',#8374,#8375);
#8374 = CARTESIAN_POINT('',(-35.06066017178,45.43933982822,3.));
#8375 = VECTOR('',#8376,1.);
#8376 = DIRECTION('',(0.773010453363,-0.634393284164,0.));
#8377 = PCURVE('',#612,#8378);
#8378 = DEFINITIONAL_REPRESENTATION('',(#8379),#8383);
#8379 = LINE('',#8380,#8381);
#8380 = CARTESIAN_POINT('',(-36.06066017178,45.43933982822));
#8381 = VECTOR('',#8382,1.);
#8382 = DIRECTION('',(0.773010453363,-0.634393284164));
#8383 = ( GEOMETRIC_REPRESENTATION_CONTEXT(2) 
PARAMETRIC_REPRESENTATION_CONTEXT() REPRESENTATION_CONTEXT('2D SPACE',''
  ) );
#8384 = PCURVE('',#4993,#8385);
#8385 = DEFINITIONAL_REPRESENTATION('',(#8386),#8390);
#8386 = LINE('',#8387,#8388);
#8387 = CARTESIAN_POINT('',(0.,-4.));
#8388 = VECTOR('',#8389,1.);
#8389 = DIRECTION('',(1.,0.));
#8390 = ( GEOMETRIC_REPRESENTATION_CONTEXT(2) 
PARAMETRIC_REPRESENTATION_CONTEXT() REPRESENTATION_CONTEXT('2D SPACE',''
  ) );
#8391 = ORIENTED_EDGE('',*,*,#8392,.F.);
#8392 = EDGE_CURVE('',#8393,#8370,#8395,.T.);
#8393 = VERTEX_POINT('',#8394);
#8394 = CARTESIAN_POINT('',(-35.24720441845,45.666644650471,3.));
#8395 = SURFACE_CURVE('',#8396,(#8400,#8407),.PCURVE_S1.);
#8396 = LINE('',#8397,#8398);
#8397 = CARTESIAN_POINT('',(-35.24720441845,45.666644650471,3.));
#8398 = VECTOR('',#8399,1.);
#8399 = DIRECTION('',(0.634393284164,-0.773010453363,0.));
#8400 = PCURVE('',#612,#8401);
#8401 = DEFINITIONAL_REPRESENTATION('',(#8402),#8406);
#8402 = LINE('',#8403,#8404);
#8403 = CARTESIAN_POINT('',(-36.24720441845,45.666644650471));
#8404 = VECTOR('',#8405,1.);
#8405 = DIRECTION('',(0.634393284164,-0.773010453363));
#8406 = ( GEOMETRIC_REPRESENTATION_CONTEXT(2) 
PARAMETRIC_REPRESENTATION_CONTEXT() REPRESENTATION_CONTEXT('2D SPACE',''
  ) );
#8407 = PCURVE('',#5019,#8408);
#8408 = DEFINITIONAL_REPRESENTATION('',(#8409),#8413);
#8409 = LINE('',#8410,#8411);
#8410 = CARTESIAN_POINT('',(0.,-4.));
#8411 = VECTOR('',#8412,1.);
#8412 = DIRECTION('',(1.,0.));
#8413 = ( GEOMETRIC_REPRESENTATION_CONTEXT(2) 
PARAMETRIC_REPRESENTATION_CONTEXT() REPRESENTATION_CONTEXT('2D SPACE',''
  ) );
#8414 = ORIENTED_EDGE('',*,*,#8415,.F.);
#8415 = EDGE_CURVE('',#8416,#8393,#8418,.T.);
#8416 = VERTEX_POINT('',#8417);
#8417 = CARTESIAN_POINT('',(-35.38581929876,45.925974851452,3.));
#8418 = SURFACE_CURVE('',#8419,(#8423,#8430),.PCURVE_S1.);
#8419 = LINE('',#8420,#8421);
#8420 = CARTESIAN_POINT('',(-35.38581929876,45.925974851452,3.));
#8421 = VECTOR('',#8422,1.);
#8422 = DIRECTION('',(0.471396736826,-0.881921264348,0.));
#8423 = PCURVE('',#612,#8424);
#8424 = DEFINITIONAL_REPRESENTATION('',(#8425),#8429);
#8425 = LINE('',#8426,#8427);
#8426 = CARTESIAN_POINT('',(-36.38581929876,45.925974851452));
#8427 = VECTOR('',#8428,1.);
#8428 = DIRECTION('',(0.471396736826,-0.881921264348));
#8429 = ( GEOMETRIC_REPRESENTATION_CONTEXT(2) 
PARAMETRIC_REPRESENTATION_CONTEXT() REPRESENTATION_CONTEXT('2D SPACE',''
  ) );
#8430 = PCURVE('',#5045,#8431);
#8431 = DEFINITIONAL_REPRESENTATION('',(#8432),#8436);
#8432 = LINE('',#8433,#8434);
#8433 = CARTESIAN_POINT('',(0.,-4.));
#8434 = VECTOR('',#8435,1.);
#8435 = DIRECTION('',(1.,0.));
#8436 = ( GEOMETRIC_REPRESENTATION_CONTEXT(2) 
PARAMETRIC_REPRESENTATION_CONTEXT() REPRESENTATION_CONTEXT('2D SPACE',''
  ) );
#8437 = ORIENTED_EDGE('',*,*,#8438,.F.);
#8438 = EDGE_CURVE('',#8439,#8416,#8441,.T.);
#8439 = VERTEX_POINT('',#8440);
#8440 = CARTESIAN_POINT('',(-35.4711779206,46.207364516976,3.));
#8441 = SURFACE_CURVE('',#8442,(#8446,#8453),.PCURVE_S1.);
#8442 = LINE('',#8443,#8444);
#8443 = CARTESIAN_POINT('',(-35.4711779206,46.207364516976,3.));
#8444 = VECTOR('',#8445,1.);
#8445 = DIRECTION('',(0.290284677254,-0.956940335732,0.));
#8446 = PCURVE('',#612,#8447);
#8447 = DEFINITIONAL_REPRESENTATION('',(#8448),#8452);
#8448 = LINE('',#8449,#8450);
#8449 = CARTESIAN_POINT('',(-36.4711779206,46.207364516976));
#8450 = VECTOR('',#8451,1.);
#8451 = DIRECTION('',(0.290284677254,-0.956940335732));
#8452 = ( GEOMETRIC_REPRESENTATION_CONTEXT(2) 
PARAMETRIC_REPRESENTATION_CONTEXT() REPRESENTATION_CONTEXT('2D SPACE',''
  ) );
#8453 = PCURVE('',#5071,#8454);
#8454 = DEFINITIONAL_REPRESENTATION('',(#8455),#8459);
#8455 = LINE('',#8456,#8457);
#8456 = CARTESIAN_POINT('',(0.,-4.));
#8457 = VECTOR('',#8458,1.);
#8458 = DIRECTION('',(1.,0.));
#8459 = ( GEOMETRIC_REPRESENTATION_CONTEXT(2) 
PARAMETRIC_REPRESENTATION_CONTEXT() REPRESENTATION_CONTEXT('2D SPACE',''
  ) );
#8460 = ORIENTED_EDGE('',*,*,#8461,.F.);
#8461 = EDGE_CURVE('',#8462,#8439,#8464,.T.);
#8462 = VERTEX_POINT('',#8463);
#8463 = CARTESIAN_POINT('',(-35.5,46.5,3.));
#8464 = SURFACE_CURVE('',#8465,(#8469,#8476),.PCURVE_S1.);
#8465 = LINE('',#8466,#8467);
#8466 = CARTESIAN_POINT('',(-35.5,46.5,3.));
#8467 = VECTOR('',#8468,1.);
#8468 = DIRECTION('',(9.801714032956E-02,-0.995184726672,0.));
#8469 = PCURVE('',#612,#8470);
#8470 = DEFINITIONAL_REPRESENTATION('',(#8471),#8475);
#8471 = LINE('',#8472,#8473);
#8472 = CARTESIAN_POINT('',(-36.5,46.5));
#8473 = VECTOR('',#8474,1.);
#8474 = DIRECTION('',(9.801714032956E-02,-0.995184726672));
#8475 = ( GEOMETRIC_REPRESENTATION_CONTEXT(2) 
PARAMETRIC_REPRESENTATION_CONTEXT() REPRESENTATION_CONTEXT('2D SPACE',''
  ) );
#8476 = PCURVE('',#5097,#8477);
#8477 = DEFINITIONAL_REPRESENTATION('',(#8478),#8482);
#8478 = LINE('',#8479,#8480);
#8479 = CARTESIAN_POINT('',(0.,-4.));
#8480 = VECTOR('',#8481,1.);
#8481 = DIRECTION('',(1.,0.));
#8482 = ( GEOMETRIC_REPRESENTATION_CONTEXT(2) 
PARAMETRIC_REPRESENTATION_CONTEXT() REPRESENTATION_CONTEXT('2D SPACE',''
  ) );
#8483 = ORIENTED_EDGE('',*,*,#8484,.F.);
#8484 = EDGE_CURVE('',#8485,#8462,#8487,.T.);
#8485 = VERTEX_POINT('',#8486);
#8486 = CARTESIAN_POINT('',(-35.5,48.,3.));
#8487 = SURFACE_CURVE('',#8488,(#8492,#8499),.PCURVE_S1.);
#8488 = LINE('',#8489,#8490);
#8489 = CARTESIAN_POINT('',(-35.5,48.,3.));
#8490 = VECTOR('',#8491,1.);
#8491 = DIRECTION('',(0.,-1.,0.));
#8492 = PCURVE('',#612,#8493);
#8493 = DEFINITIONAL_REPRESENTATION('',(#8494),#8498);
#8494 = LINE('',#8495,#8496);
#8495 = CARTESIAN_POINT('',(-36.5,48.));
#8496 = VECTOR('',#8497,1.);
#8497 = DIRECTION('',(0.,-1.));
#8498 = ( GEOMETRIC_REPRESENTATION_CONTEXT(2) 
PARAMETRIC_REPRESENTATION_CONTEXT() REPRESENTATION_CONTEXT('2D SPACE',''
  ) );
#8499 = PCURVE('',#5123,#8500);
#8500 = DEFINITIONAL_REPRESENTATION('',(#8501),#8505);
#8501 = LINE('',#8502,#8503);
#8502 = CARTESIAN_POINT('',(0.,-4.));
#8503 = VECTOR('',#8504,1.);
#8504 = DIRECTION('',(1.,0.));
#8505 = ( GEOMETRIC_REPRESENTATION_CONTEXT(2) 
PARAMETRIC_REPRESENTATION_CONTEXT() REPRESENTATION_CONTEXT('2D SPACE',''
  ) );
#8506 = ORIENTED_EDGE('',*,*,#8507,.F.);
#8507 = EDGE_CURVE('',#8508,#8485,#8510,.T.);
#8508 = VERTEX_POINT('',#8509);
#8509 = CARTESIAN_POINT('',(-35.52882207939,48.292635483024,3.));
#8510 = SURFACE_CURVE('',#8511,(#8515,#8522),.PCURVE_S1.);
#8511 = LINE('',#8512,#8513);
#8512 = CARTESIAN_POINT('',(-35.52882207939,48.292635483024,3.));
#8513 = VECTOR('',#8514,1.);
#8514 = DIRECTION('',(9.801714032956E-02,-0.995184726672,0.));
#8515 = PCURVE('',#612,#8516);
#8516 = DEFINITIONAL_REPRESENTATION('',(#8517),#8521);
#8517 = LINE('',#8518,#8519);
#8518 = CARTESIAN_POINT('',(-36.52882207939,48.292635483024));
#8519 = VECTOR('',#8520,1.);
#8520 = DIRECTION('',(9.801714032956E-02,-0.995184726672));
#8521 = ( GEOMETRIC_REPRESENTATION_CONTEXT(2) 
PARAMETRIC_REPRESENTATION_CONTEXT() REPRESENTATION_CONTEXT('2D SPACE',''
  ) );
#8522 = PCURVE('',#5149,#8523);
#8523 = DEFINITIONAL_REPRESENTATION('',(#8524),#8528);
#8524 = LINE('',#8525,#8526);
#8525 = CARTESIAN_POINT('',(0.,-4.));
#8526 = VECTOR('',#8527,1.);
#8527 = DIRECTION('',(1.,0.));
#8528 = ( GEOMETRIC_REPRESENTATION_CONTEXT(2) 
PARAMETRIC_REPRESENTATION_CONTEXT() REPRESENTATION_CONTEXT('2D SPACE',''
  ) );
#8529 = ORIENTED_EDGE('',*,*,#8530,.F.);
#8530 = EDGE_CURVE('',#8531,#8508,#8533,.T.);
#8531 = VERTEX_POINT('',#8532);
#8532 = CARTESIAN_POINT('',(-35.61418070123,48.574025148548,3.));
#8533 = SURFACE_CURVE('',#8534,(#8538,#8545),.PCURVE_S1.);
#8534 = LINE('',#8535,#8536);
#8535 = CARTESIAN_POINT('',(-35.61418070123,48.574025148548,3.));
#8536 = VECTOR('',#8537,1.);
#8537 = DIRECTION('',(0.290284677254,-0.956940335732,0.));
#8538 = PCURVE('',#612,#8539);
#8539 = DEFINITIONAL_REPRESENTATION('',(#8540),#8544);
#8540 = LINE('',#8541,#8542);
#8541 = CARTESIAN_POINT('',(-36.61418070123,48.574025148548));
#8542 = VECTOR('',#8543,1.);
#8543 = DIRECTION('',(0.290284677254,-0.956940335732));
#8544 = ( GEOMETRIC_REPRESENTATION_CONTEXT(2) 
PARAMETRIC_REPRESENTATION_CONTEXT() REPRESENTATION_CONTEXT('2D SPACE',''
  ) );
#8545 = PCURVE('',#5175,#8546);
#8546 = DEFINITIONAL_REPRESENTATION('',(#8547),#8551);
#8547 = LINE('',#8548,#8549);
#8548 = CARTESIAN_POINT('',(0.,-4.));
#8549 = VECTOR('',#8550,1.);
#8550 = DIRECTION('',(1.,0.));
#8551 = ( GEOMETRIC_REPRESENTATION_CONTEXT(2) 
PARAMETRIC_REPRESENTATION_CONTEXT() REPRESENTATION_CONTEXT('2D SPACE',''
  ) );
#8552 = ORIENTED_EDGE('',*,*,#8553,.F.);
#8553 = EDGE_CURVE('',#8554,#8531,#8556,.T.);
#8554 = VERTEX_POINT('',#8555);
#8555 = CARTESIAN_POINT('',(-35.75279558154,48.833355349529,3.));
#8556 = SURFACE_CURVE('',#8557,(#8561,#8568),.PCURVE_S1.);
#8557 = LINE('',#8558,#8559);
#8558 = CARTESIAN_POINT('',(-35.75279558154,48.833355349529,3.));
#8559 = VECTOR('',#8560,1.);
#8560 = DIRECTION('',(0.471396736826,-0.881921264348,0.));
#8561 = PCURVE('',#612,#8562);
#8562 = DEFINITIONAL_REPRESENTATION('',(#8563),#8567);
#8563 = LINE('',#8564,#8565);
#8564 = CARTESIAN_POINT('',(-36.75279558154,48.833355349529));
#8565 = VECTOR('',#8566,1.);
#8566 = DIRECTION('',(0.471396736826,-0.881921264348));
#8567 = ( GEOMETRIC_REPRESENTATION_CONTEXT(2) 
PARAMETRIC_REPRESENTATION_CONTEXT() REPRESENTATION_CONTEXT('2D SPACE',''
  ) );
#8568 = PCURVE('',#5201,#8569);
#8569 = DEFINITIONAL_REPRESENTATION('',(#8570),#8574);
#8570 = LINE('',#8571,#8572);
#8571 = CARTESIAN_POINT('',(0.,-4.));
#8572 = VECTOR('',#8573,1.);
#8573 = DIRECTION('',(1.,0.));
#8574 = ( GEOMETRIC_REPRESENTATION_CONTEXT(2) 
PARAMETRIC_REPRESENTATION_CONTEXT() REPRESENTATION_CONTEXT('2D SPACE',''
  ) );
#8575 = ORIENTED_EDGE('',*,*,#8576,.F.);
#8576 = EDGE_CURVE('',#8577,#8554,#8579,.T.);
#8577 = VERTEX_POINT('',#8578);
#8578 = CARTESIAN_POINT('',(-35.93933982822,49.06066017178,3.));
#8579 = SURFACE_CURVE('',#8580,(#8584,#8591),.PCURVE_S1.);
#8580 = LINE('',#8581,#8582);
#8581 = CARTESIAN_POINT('',(-35.93933982822,49.06066017178,3.));
#8582 = VECTOR('',#8583,1.);
#8583 = DIRECTION('',(0.634393284164,-0.773010453363,0.));
#8584 = PCURVE('',#612,#8585);
#8585 = DEFINITIONAL_REPRESENTATION('',(#8586),#8590);
#8586 = LINE('',#8587,#8588);
#8587 = CARTESIAN_POINT('',(-36.93933982822,49.06066017178));
#8588 = VECTOR('',#8589,1.);
#8589 = DIRECTION('',(0.634393284164,-0.773010453363));
#8590 = ( GEOMETRIC_REPRESENTATION_CONTEXT(2) 
PARAMETRIC_REPRESENTATION_CONTEXT() REPRESENTATION_CONTEXT('2D SPACE',''
  ) );
#8591 = PCURVE('',#5227,#8592);
#8592 = DEFINITIONAL_REPRESENTATION('',(#8593),#8597);
#8593 = LINE('',#8594,#8595);
#8594 = CARTESIAN_POINT('',(0.,-4.));
#8595 = VECTOR('',#8596,1.);
#8596 = DIRECTION('',(1.,0.));
#8597 = ( GEOMETRIC_REPRESENTATION_CONTEXT(2) 
PARAMETRIC_REPRESENTATION_CONTEXT() REPRESENTATION_CONTEXT('2D SPACE',''
  ) );
#8598 = ORIENTED_EDGE('',*,*,#8599,.F.);
#8599 = EDGE_CURVE('',#8600,#8577,#8602,.T.);
#8600 = VERTEX_POINT('',#8601);
#8601 = CARTESIAN_POINT('',(-36.16664465047,49.247204418454,3.));
#8602 = SURFACE_CURVE('',#8603,(#8607,#8614),.PCURVE_S1.);
#8603 = LINE('',#8604,#8605);
#8604 = CARTESIAN_POINT('',(-36.16664465047,49.247204418454,3.));
#8605 = VECTOR('',#8606,1.);
#8606 = DIRECTION('',(0.773010453363,-0.634393284164,0.));
#8607 = PCURVE('',#612,#8608);
#8608 = DEFINITIONAL_REPRESENTATION('',(#8609),#8613);
#8609 = LINE('',#8610,#8611);
#8610 = CARTESIAN_POINT('',(-37.16664465047,49.247204418454));
#8611 = VECTOR('',#8612,1.);
#8612 = DIRECTION('',(0.773010453363,-0.634393284164));
#8613 = ( GEOMETRIC_REPRESENTATION_CONTEXT(2) 
PARAMETRIC_REPRESENTATION_CONTEXT() REPRESENTATION_CONTEXT('2D SPACE',''
  ) );
#8614 = PCURVE('',#5253,#8615);
#8615 = DEFINITIONAL_REPRESENTATION('',(#8616),#8620);
#8616 = LINE('',#8617,#8618);
#8617 = CARTESIAN_POINT('',(0.,-4.));
#8618 = VECTOR('',#8619,1.);
#8619 = DIRECTION('',(1.,0.));
#8620 = ( GEOMETRIC_REPRESENTATION_CONTEXT(2) 
PARAMETRIC_REPRESENTATION_CONTEXT() REPRESENTATION_CONTEXT('2D SPACE',''
  ) );
#8621 = ORIENTED_EDGE('',*,*,#8622,.F.);
#8622 = EDGE_CURVE('',#8623,#8600,#8625,.T.);
#8623 = VERTEX_POINT('',#8624);
#8624 = CARTESIAN_POINT('',(-36.42597485145,49.385819298767,3.));
#8625 = SURFACE_CURVE('',#8626,(#8630,#8637),.PCURVE_S1.);
#8626 = LINE('',#8627,#8628);
#8627 = CARTESIAN_POINT('',(-36.42597485145,49.385819298767,3.));
#8628 = VECTOR('',#8629,1.);
#8629 = DIRECTION('',(0.881921264348,-0.471396736826,0.));
#8630 = PCURVE('',#612,#8631);
#8631 = DEFINITIONAL_REPRESENTATION('',(#8632),#8636);
#8632 = LINE('',#8633,#8634);
#8633 = CARTESIAN_POINT('',(-37.42597485145,49.385819298767));
#8634 = VECTOR('',#8635,1.);
#8635 = DIRECTION('',(0.881921264348,-0.471396736826));
#8636 = ( GEOMETRIC_REPRESENTATION_CONTEXT(2) 
PARAMETRIC_REPRESENTATION_CONTEXT() REPRESENTATION_CONTEXT('2D SPACE',''
  ) );
#8637 = PCURVE('',#5279,#8638);
#8638 = DEFINITIONAL_REPRESENTATION('',(#8639),#8643);
#8639 = LINE('',#8640,#8641);
#8640 = CARTESIAN_POINT('',(0.,-4.));
#8641 = VECTOR('',#8642,1.);
#8642 = DIRECTION('',(1.,0.));
#8643 = ( GEOMETRIC_REPRESENTATION_CONTEXT(2) 
PARAMETRIC_REPRESENTATION_CONTEXT() REPRESENTATION_CONTEXT('2D SPACE',''
  ) );
#8644 = ORIENTED_EDGE('',*,*,#8645,.F.);
#8645 = EDGE_CURVE('',#8646,#8623,#8648,.T.);
#8646 = VERTEX_POINT('',#8647);
#8647 = CARTESIAN_POINT('',(-36.70736451697,49.471177920605,3.));
#8648 = SURFACE_CURVE('',#8649,(#8653,#8660),.PCURVE_S1.);
#8649 = LINE('',#8650,#8651);
#8650 = CARTESIAN_POINT('',(-36.70736451697,49.471177920605,3.));
#8651 = VECTOR('',#8652,1.);
#8652 = DIRECTION('',(0.956940335732,-0.290284677254,0.));
#8653 = PCURVE('',#612,#8654);
#8654 = DEFINITIONAL_REPRESENTATION('',(#8655),#8659);
#8655 = LINE('',#8656,#8657);
#8656 = CARTESIAN_POINT('',(-37.70736451697,49.471177920605));
#8657 = VECTOR('',#8658,1.);
#8658 = DIRECTION('',(0.956940335732,-0.290284677254));
#8659 = ( GEOMETRIC_REPRESENTATION_CONTEXT(2) 
PARAMETRIC_REPRESENTATION_CONTEXT() REPRESENTATION_CONTEXT('2D SPACE',''
  ) );
#8660 = PCURVE('',#5305,#8661);
#8661 = DEFINITIONAL_REPRESENTATION('',(#8662),#8666);
#8662 = LINE('',#8663,#8664);
#8663 = CARTESIAN_POINT('',(0.,-4.));
#8664 = VECTOR('',#8665,1.);
#8665 = DIRECTION('',(1.,0.));
#8666 = ( GEOMETRIC_REPRESENTATION_CONTEXT(2) 
PARAMETRIC_REPRESENTATION_CONTEXT() REPRESENTATION_CONTEXT('2D SPACE',''
  ) );
#8667 = ORIENTED_EDGE('',*,*,#8668,.F.);
#8668 = EDGE_CURVE('',#8669,#8646,#8671,.T.);
#8669 = VERTEX_POINT('',#8670);
#8670 = CARTESIAN_POINT('',(-37.,49.5,3.));
#8671 = SURFACE_CURVE('',#8672,(#8676,#8683),.PCURVE_S1.);
#8672 = LINE('',#8673,#8674);
#8673 = CARTESIAN_POINT('',(-37.,49.5,3.));
#8674 = VECTOR('',#8675,1.);
#8675 = DIRECTION('',(0.995184726672,-9.801714032956E-02,0.));
#8676 = PCURVE('',#612,#8677);
#8677 = DEFINITIONAL_REPRESENTATION('',(#8678),#8682);
#8678 = LINE('',#8679,#8680);
#8679 = CARTESIAN_POINT('',(-38.,49.5));
#8680 = VECTOR('',#8681,1.);
#8681 = DIRECTION('',(0.995184726672,-9.801714032956E-02));
#8682 = ( GEOMETRIC_REPRESENTATION_CONTEXT(2) 
PARAMETRIC_REPRESENTATION_CONTEXT() REPRESENTATION_CONTEXT('2D SPACE',''
  ) );
#8683 = PCURVE('',#5331,#8684);
#8684 = DEFINITIONAL_REPRESENTATION('',(#8685),#8689);
#8685 = LINE('',#8686,#8687);
#8686 = CARTESIAN_POINT('',(0.,-4.));
#8687 = VECTOR('',#8688,1.);
#8688 = DIRECTION('',(1.,0.));
#8689 = ( GEOMETRIC_REPRESENTATION_CONTEXT(2) 
PARAMETRIC_REPRESENTATION_CONTEXT() REPRESENTATION_CONTEXT('2D SPACE',''
  ) );
#8690 = ORIENTED_EDGE('',*,*,#8691,.F.);
#8691 = EDGE_CURVE('',#8692,#8669,#8694,.T.);
#8692 = VERTEX_POINT('',#8693);
#8693 = CARTESIAN_POINT('',(-43.,49.5,3.));
#8694 = SURFACE_CURVE('',#8695,(#8699,#8706),.PCURVE_S1.);
#8695 = LINE('',#8696,#8697);
#8696 = CARTESIAN_POINT('',(-43.,49.5,3.));
#8697 = VECTOR('',#8698,1.);
#8698 = DIRECTION('',(1.,0.,0.));
#8699 = PCURVE('',#612,#8700);
#8700 = DEFINITIONAL_REPRESENTATION('',(#8701),#8705);
#8701 = LINE('',#8702,#8703);
#8702 = CARTESIAN_POINT('',(-44.,49.5));
#8703 = VECTOR('',#8704,1.);
#8704 = DIRECTION('',(1.,0.));
#8705 = ( GEOMETRIC_REPRESENTATION_CONTEXT(2) 
PARAMETRIC_REPRESENTATION_CONTEXT() REPRESENTATION_CONTEXT('2D SPACE',''
  ) );
#8706 = PCURVE('',#5357,#8707);
#8707 = DEFINITIONAL_REPRESENTATION('',(#8708),#8712);
#8708 = LINE('',#8709,#8710);
#8709 = CARTESIAN_POINT('',(0.,-4.));
#8710 = VECTOR('',#8711,1.);
#8711 = DIRECTION('',(1.,0.));
#8712 = ( GEOMETRIC_REPRESENTATION_CONTEXT(2) 
PARAMETRIC_REPRESENTATION_CONTEXT() REPRESENTATION_CONTEXT('2D SPACE',''
  ) );
#8713 = ORIENTED_EDGE('',*,*,#8714,.F.);
#8714 = EDGE_CURVE('',#8715,#8692,#8717,.T.);
#8715 = VERTEX_POINT('',#8716);
#8716 = CARTESIAN_POINT('',(-43.29263548302,49.528822079395,3.));
#8717 = SURFACE_CURVE('',#8718,(#8722,#8729),.PCURVE_S1.);
#8718 = LINE('',#8719,#8720);
#8719 = CARTESIAN_POINT('',(-43.29263548302,49.528822079395,3.));
#8720 = VECTOR('',#8721,1.);
#8721 = DIRECTION('',(0.995184726672,-9.801714032956E-02,0.));
#8722 = PCURVE('',#612,#8723);
#8723 = DEFINITIONAL_REPRESENTATION('',(#8724),#8728);
#8724 = LINE('',#8725,#8726);
#8725 = CARTESIAN_POINT('',(-44.29263548302,49.528822079395));
#8726 = VECTOR('',#8727,1.);
#8727 = DIRECTION('',(0.995184726672,-9.801714032956E-02));
#8728 = ( GEOMETRIC_REPRESENTATION_CONTEXT(2) 
PARAMETRIC_REPRESENTATION_CONTEXT() REPRESENTATION_CONTEXT('2D SPACE',''
  ) );
#8729 = PCURVE('',#5383,#8730);
#8730 = DEFINITIONAL_REPRESENTATION('',(#8731),#8735);
#8731 = LINE('',#8732,#8733);
#8732 = CARTESIAN_POINT('',(0.,-4.));
#8733 = VECTOR('',#8734,1.);
#8734 = DIRECTION('',(1.,0.));
#8735 = ( GEOMETRIC_REPRESENTATION_CONTEXT(2) 
PARAMETRIC_REPRESENTATION_CONTEXT() REPRESENTATION_CONTEXT('2D SPACE',''
  ) );
#8736 = ORIENTED_EDGE('',*,*,#8737,.F.);
#8737 = EDGE_CURVE('',#8738,#8715,#8740,.T.);
#8738 = VERTEX_POINT('',#8739);
#8739 = CARTESIAN_POINT('',(-43.57402514854,49.614180701233,3.));
#8740 = SURFACE_CURVE('',#8741,(#8745,#8752),.PCURVE_S1.);
#8741 = LINE('',#8742,#8743);
#8742 = CARTESIAN_POINT('',(-43.57402514854,49.614180701233,3.));
#8743 = VECTOR('',#8744,1.);
#8744 = DIRECTION('',(0.956940335732,-0.290284677254,0.));
#8745 = PCURVE('',#612,#8746);
#8746 = DEFINITIONAL_REPRESENTATION('',(#8747),#8751);
#8747 = LINE('',#8748,#8749);
#8748 = CARTESIAN_POINT('',(-44.57402514854,49.614180701233));
#8749 = VECTOR('',#8750,1.);
#8750 = DIRECTION('',(0.956940335732,-0.290284677254));
#8751 = ( GEOMETRIC_REPRESENTATION_CONTEXT(2) 
PARAMETRIC_REPRESENTATION_CONTEXT() REPRESENTATION_CONTEXT('2D SPACE',''
  ) );
#8752 = PCURVE('',#5409,#8753);
#8753 = DEFINITIONAL_REPRESENTATION('',(#8754),#8758);
#8754 = LINE('',#8755,#8756);
#8755 = CARTESIAN_POINT('',(0.,-4.));
#8756 = VECTOR('',#8757,1.);
#8757 = DIRECTION('',(1.,0.));
#8758 = ( GEOMETRIC_REPRESENTATION_CONTEXT(2) 
PARAMETRIC_REPRESENTATION_CONTEXT() REPRESENTATION_CONTEXT('2D SPACE',''
  ) );
#8759 = ORIENTED_EDGE('',*,*,#8760,.F.);
#8760 = EDGE_CURVE('',#8761,#8738,#8763,.T.);
#8761 = VERTEX_POINT('',#8762);
#8762 = CARTESIAN_POINT('',(-43.83335534952,49.752795581546,3.));
#8763 = SURFACE_CURVE('',#8764,(#8768,#8775),.PCURVE_S1.);
#8764 = LINE('',#8765,#8766);
#8765 = CARTESIAN_POINT('',(-43.83335534952,49.752795581546,3.));
#8766 = VECTOR('',#8767,1.);
#8767 = DIRECTION('',(0.881921264348,-0.471396736826,0.));
#8768 = PCURVE('',#612,#8769);
#8769 = DEFINITIONAL_REPRESENTATION('',(#8770),#8774);
#8770 = LINE('',#8771,#8772);
#8771 = CARTESIAN_POINT('',(-44.83335534952,49.752795581546));
#8772 = VECTOR('',#8773,1.);
#8773 = DIRECTION('',(0.881921264348,-0.471396736826));
#8774 = ( GEOMETRIC_REPRESENTATION_CONTEXT(2) 
PARAMETRIC_REPRESENTATION_CONTEXT() REPRESENTATION_CONTEXT('2D SPACE',''
  ) );
#8775 = PCURVE('',#5435,#8776);
#8776 = DEFINITIONAL_REPRESENTATION('',(#8777),#8781);
#8777 = LINE('',#8778,#8779);
#8778 = CARTESIAN_POINT('',(0.,-4.));
#8779 = VECTOR('',#8780,1.);
#8780 = DIRECTION('',(1.,0.));
#8781 = ( GEOMETRIC_REPRESENTATION_CONTEXT(2) 
PARAMETRIC_REPRESENTATION_CONTEXT() REPRESENTATION_CONTEXT('2D SPACE',''
  ) );
#8782 = ORIENTED_EDGE('',*,*,#8783,.F.);
#8783 = EDGE_CURVE('',#8784,#8761,#8786,.T.);
#8784 = VERTEX_POINT('',#8785);
#8785 = CARTESIAN_POINT('',(-44.06066017178,49.93933982822,3.));
#8786 = SURFACE_CURVE('',#8787,(#8791,#8798),.PCURVE_S1.);
#8787 = LINE('',#8788,#8789);
#8788 = CARTESIAN_POINT('',(-44.06066017178,49.93933982822,3.));
#8789 = VECTOR('',#8790,1.);
#8790 = DIRECTION('',(0.773010453363,-0.634393284164,0.));
#8791 = PCURVE('',#612,#8792);
#8792 = DEFINITIONAL_REPRESENTATION('',(#8793),#8797);
#8793 = LINE('',#8794,#8795);
#8794 = CARTESIAN_POINT('',(-45.06066017178,49.93933982822));
#8795 = VECTOR('',#8796,1.);
#8796 = DIRECTION('',(0.773010453363,-0.634393284164));
#8797 = ( GEOMETRIC_REPRESENTATION_CONTEXT(2) 
PARAMETRIC_REPRESENTATION_CONTEXT() REPRESENTATION_CONTEXT('2D SPACE',''
  ) );
#8798 = PCURVE('',#5461,#8799);
#8799 = DEFINITIONAL_REPRESENTATION('',(#8800),#8804);
#8800 = LINE('',#8801,#8802);
#8801 = CARTESIAN_POINT('',(0.,-4.));
#8802 = VECTOR('',#8803,1.);
#8803 = DIRECTION('',(1.,0.));
#8804 = ( GEOMETRIC_REPRESENTATION_CONTEXT(2) 
PARAMETRIC_REPRESENTATION_CONTEXT() REPRESENTATION_CONTEXT('2D SPACE',''
  ) );
#8805 = ORIENTED_EDGE('',*,*,#8806,.F.);
#8806 = EDGE_CURVE('',#8807,#8784,#8809,.T.);
#8807 = VERTEX_POINT('',#8808);
#8808 = CARTESIAN_POINT('',(-44.24720441845,50.166644650471,3.));
#8809 = SURFACE_CURVE('',#8810,(#8814,#8821),.PCURVE_S1.);
#8810 = LINE('',#8811,#8812);
#8811 = CARTESIAN_POINT('',(-44.24720441845,50.166644650471,3.));
#8812 = VECTOR('',#8813,1.);
#8813 = DIRECTION('',(0.634393284164,-0.773010453363,0.));
#8814 = PCURVE('',#612,#8815);
#8815 = DEFINITIONAL_REPRESENTATION('',(#8816),#8820);
#8816 = LINE('',#8817,#8818);
#8817 = CARTESIAN_POINT('',(-45.24720441845,50.166644650471));
#8818 = VECTOR('',#8819,1.);
#8819 = DIRECTION('',(0.634393284164,-0.773010453363));
#8820 = ( GEOMETRIC_REPRESENTATION_CONTEXT(2) 
PARAMETRIC_REPRESENTATION_CONTEXT() REPRESENTATION_CONTEXT('2D SPACE',''
  ) );
#8821 = PCURVE('',#5487,#8822);
#8822 = DEFINITIONAL_REPRESENTATION('',(#8823),#8827);
#8823 = LINE('',#8824,#8825);
#8824 = CARTESIAN_POINT('',(0.,-4.));
#8825 = VECTOR('',#8826,1.);
#8826 = DIRECTION('',(1.,0.));
#8827 = ( GEOMETRIC_REPRESENTATION_CONTEXT(2) 
PARAMETRIC_REPRESENTATION_CONTEXT() REPRESENTATION_CONTEXT('2D SPACE',''
  ) );
#8828 = ORIENTED_EDGE('',*,*,#8829,.F.);
#8829 = EDGE_CURVE('',#8830,#8807,#8832,.T.);
#8830 = VERTEX_POINT('',#8831);
#8831 = CARTESIAN_POINT('',(-44.38581929876,50.425974851452,3.));
#8832 = SURFACE_CURVE('',#8833,(#8837,#8844),.PCURVE_S1.);
#8833 = LINE('',#8834,#8835);
#8834 = CARTESIAN_POINT('',(-44.38581929876,50.425974851452,3.));
#8835 = VECTOR('',#8836,1.);
#8836 = DIRECTION('',(0.471396736826,-0.881921264348,0.));
#8837 = PCURVE('',#612,#8838);
#8838 = DEFINITIONAL_REPRESENTATION('',(#8839),#8843);
#8839 = LINE('',#8840,#8841);
#8840 = CARTESIAN_POINT('',(-45.38581929876,50.425974851452));
#8841 = VECTOR('',#8842,1.);
#8842 = DIRECTION('',(0.471396736826,-0.881921264348));
#8843 = ( GEOMETRIC_REPRESENTATION_CONTEXT(2) 
PARAMETRIC_REPRESENTATION_CONTEXT() REPRESENTATION_CONTEXT('2D SPACE',''
  ) );
#8844 = PCURVE('',#5511,#8845);
#8845 = DEFINITIONAL_REPRESENTATION('',(#8846),#8850);
#8846 = LINE('',#8847,#8848);
#8847 = CARTESIAN_POINT('',(0.,-4.));
#8848 = VECTOR('',#8849,1.);
#8849 = DIRECTION('',(1.,0.));
#8850 = ( GEOMETRIC_REPRESENTATION_CONTEXT(2) 
PARAMETRIC_REPRESENTATION_CONTEXT() REPRESENTATION_CONTEXT('2D SPACE',''
  ) );
#8851 = ORIENTED_EDGE('',*,*,#8852,.F.);
#8852 = EDGE_CURVE('',#7634,#8830,#8853,.T.);
#8853 = SURFACE_CURVE('',#8854,(#8858,#8865),.PCURVE_S1.);
#8854 = LINE('',#8855,#8856);
#8855 = CARTESIAN_POINT('',(-44.4711779206,50.707364516976,3.));
#8856 = VECTOR('',#8857,1.);
#8857 = DIRECTION('',(0.290284677254,-0.956940335732,0.));
#8858 = PCURVE('',#612,#8859);
#8859 = DEFINITIONAL_REPRESENTATION('',(#8860),#8864);
#8860 = LINE('',#8861,#8862);
#8861 = CARTESIAN_POINT('',(-45.4711779206,50.707364516976));
#8862 = VECTOR('',#8863,1.);
#8863 = DIRECTION('',(0.290284677254,-0.956940335732));
#8864 = ( GEOMETRIC_REPRESENTATION_CONTEXT(2) 
PARAMETRIC_REPRESENTATION_CONTEXT() REPRESENTATION_CONTEXT('2D SPACE',''
  ) );
#8865 = PCURVE('',#4135,#8866);
#8866 = DEFINITIONAL_REPRESENTATION('',(#8867),#8871);
#8867 = LINE('',#8868,#8869);
#8868 = CARTESIAN_POINT('',(0.,-4.));
#8869 = VECTOR('',#8870,1.);
#8870 = DIRECTION('',(1.,0.));
#8871 = ( GEOMETRIC_REPRESENTATION_CONTEXT(2) 
PARAMETRIC_REPRESENTATION_CONTEXT() REPRESENTATION_CONTEXT('2D SPACE',''
  ) );
#8872 = FACE_BOUND('',#8873,.T.);
#8873 = EDGE_LOOP('',(#8874));
#8874 = ORIENTED_EDGE('',*,*,#8875,.F.);
#8875 = EDGE_CURVE('',#8876,#8876,#8878,.T.);
#8876 = VERTEX_POINT('',#8877);
#8877 = CARTESIAN_POINT('',(44.8,40.5,3.));
#8878 = SURFACE_CURVE('',#8879,(#8884,#8891),.PCURVE_S1.);
#8879 = CIRCLE('',#8880,2.55);
#8880 = AXIS2_PLACEMENT_3D('',#8881,#8882,#8883);
#8881 = CARTESIAN_POINT('',(42.25,40.5,3.));
#8882 = DIRECTION('',(0.,0.,1.));
#8883 = DIRECTION('',(1.,0.,0.));
#8884 = PCURVE('',#612,#8885);
#8885 = DEFINITIONAL_REPRESENTATION('',(#8886),#8890);
#8886 = CIRCLE('',#8887,2.55);
#8887 = AXIS2_PLACEMENT_2D('',#8888,#8889);
#8888 = CARTESIAN_POINT('',(41.25,40.5));
#8889 = DIRECTION('',(1.,0.));
#8890 = ( GEOMETRIC_REPRESENTATION_CONTEXT(2) 
PARAMETRIC_REPRESENTATION_CONTEXT() REPRESENTATION_CONTEXT('2D SPACE',''
  ) );
#8891 = PCURVE('',#8892,#8897);
#8892 = CYLINDRICAL_SURFACE('',#8893,2.55);
#8893 = AXIS2_PLACEMENT_3D('',#8894,#8895,#8896);
#8894 = CARTESIAN_POINT('',(42.25,40.5,-1.));
#8895 = DIRECTION('',(-0.,-0.,-1.));
#8896 = DIRECTION('',(1.,0.,0.));
#8897 = DEFINITIONAL_REPRESENTATION('',(#8898),#8902);
#8898 = LINE('',#8899,#8900);
#8899 = CARTESIAN_POINT('',(-0.,-4.));
#8900 = VECTOR('',#8901,1.);
#8901 = DIRECTION('',(-1.,0.));
#8902 = ( GEOMETRIC_REPRESENTATION_CONTEXT(2) 
PARAMETRIC_REPRESENTATION_CONTEXT() REPRESENTATION_CONTEXT('2D SPACE',''
  ) );
#8903 = FACE_BOUND('',#8904,.T.);
#8904 = EDGE_LOOP('',(#8905));
#8905 = ORIENTED_EDGE('',*,*,#8906,.F.);
#8906 = EDGE_CURVE('',#8907,#8907,#8909,.T.);
#8907 = VERTEX_POINT('',#8908);
#8908 = CARTESIAN_POINT('',(57.95,51.75,3.));
#8909 = SURFACE_CURVE('',#8910,(#8915,#8922),.PCURVE_S1.);
#8910 = CIRCLE('',#8911,2.55);
#8911 = AXIS2_PLACEMENT_3D('',#8912,#8913,#8914);
#8912 = CARTESIAN_POINT('',(55.4,51.75,3.));
#8913 = DIRECTION('',(0.,0.,1.));
#8914 = DIRECTION('',(1.,0.,0.));
#8915 = PCURVE('',#612,#8916);
#8916 = DEFINITIONAL_REPRESENTATION('',(#8917),#8921);
#8917 = CIRCLE('',#8918,2.55);
#8918 = AXIS2_PLACEMENT_2D('',#8919,#8920);
#8919 = CARTESIAN_POINT('',(54.4,51.75));
#8920 = DIRECTION('',(1.,0.));
#8921 = ( GEOMETRIC_REPRESENTATION_CONTEXT(2) 
PARAMETRIC_REPRESENTATION_CONTEXT() REPRESENTATION_CONTEXT('2D SPACE',''
  ) );
#8922 = PCURVE('',#8923,#8928);
#8923 = CYLINDRICAL_SURFACE('',#8924,2.55);
#8924 = AXIS2_PLACEMENT_3D('',#8925,#8926,#8927);
#8925 = CARTESIAN_POINT('',(55.4,51.75,-1.));
#8926 = DIRECTION('',(-0.,-0.,-1.));
#8927 = DIRECTION('',(1.,0.,0.));
#8928 = DEFINITIONAL_REPRESENTATION('',(#8929),#8933);
#8929 = LINE('',#8930,#8931);
#8930 = CARTESIAN_POINT('',(-0.,-4.));
#8931 = VECTOR('',#8932,1.);
#8932 = DIRECTION('',(-1.,0.));
#8933 = ( GEOMETRIC_REPRESENTATION_CONTEXT(2) 
PARAMETRIC_REPRESENTATION_CONTEXT() REPRESENTATION_CONTEXT('2D SPACE',''
  ) );
#8934 = FACE_BOUND('',#8935,.T.);
#8935 = EDGE_LOOP('',(#8936));
#8936 = ORIENTED_EDGE('',*,*,#8937,.F.);
#8937 = EDGE_CURVE('',#8938,#8938,#8940,.T.);
#8938 = VERTEX_POINT('',#8939);
#8939 = CARTESIAN_POINT('',(162.95,51.75,3.));
#8940 = SURFACE_CURVE('',#8941,(#8946,#8953),.PCURVE_S1.);
#8941 = CIRCLE('',#8942,2.55);
#8942 = AXIS2_PLACEMENT_3D('',#8943,#8944,#8945);
#8943 = CARTESIAN_POINT('',(160.4,51.75,3.));
#8944 = DIRECTION('',(0.,0.,1.));
#8945 = DIRECTION('',(1.,0.,0.));
#8946 = PCURVE('',#612,#8947);
#8947 = DEFINITIONAL_REPRESENTATION('',(#8948),#8952);
#8948 = CIRCLE('',#8949,2.55);
#8949 = AXIS2_PLACEMENT_2D('',#8950,#8951);
#8950 = CARTESIAN_POINT('',(159.4,51.75));
#8951 = DIRECTION('',(1.,0.));
#8952 = ( GEOMETRIC_REPRESENTATION_CONTEXT(2) 
PARAMETRIC_REPRESENTATION_CONTEXT() REPRESENTATION_CONTEXT('2D SPACE',''
  ) );
#8953 = PCURVE('',#8954,#8959);
#8954 = CYLINDRICAL_SURFACE('',#8955,2.55);
#8955 = AXIS2_PLACEMENT_3D('',#8956,#8957,#8958);
#8956 = CARTESIAN_POINT('',(160.4,51.75,-1.));
#8957 = DIRECTION('',(-0.,-0.,-1.));
#8958 = DIRECTION('',(1.,0.,0.));
#8959 = DEFINITIONAL_REPRESENTATION('',(#8960),#8964);
#8960 = LINE('',#8961,#8962);
#8961 = CARTESIAN_POINT('',(-0.,-4.));
#8962 = VECTOR('',#8963,1.);
#8963 = DIRECTION('',(-1.,0.));
#8964 = ( GEOMETRIC_REPRESENTATION_CONTEXT(2) 
PARAMETRIC_REPRESENTATION_CONTEXT() REPRESENTATION_CONTEXT('2D SPACE',''
  ) );
#8965 = FACE_BOUND('',#8966,.T.);
#8966 = EDGE_LOOP('',(#8967));
#8967 = ORIENTED_EDGE('',*,*,#8968,.F.);
#8968 = EDGE_CURVE('',#8969,#8969,#8971,.T.);
#8969 = VERTEX_POINT('',#8970);
#8970 = CARTESIAN_POINT('',(157.775,56.125,3.));
#8971 = SURFACE_CURVE('',#8972,(#8977,#8984),.PCURVE_S1.);
#8972 = CIRCLE('',#8973,1.9);
#8973 = AXIS2_PLACEMENT_3D('',#8974,#8975,#8976);
#8974 = CARTESIAN_POINT('',(155.875,56.125,3.));
#8975 = DIRECTION('',(0.,0.,1.));
#8976 = DIRECTION('',(1.,0.,0.));
#8977 = PCURVE('',#612,#8978);
#8978 = DEFINITIONAL_REPRESENTATION('',(#8979),#8983);
#8979 = CIRCLE('',#8980,1.9);
#8980 = AXIS2_PLACEMENT_2D('',#8981,#8982);
#8981 = CARTESIAN_POINT('',(154.875,56.125));
#8982 = DIRECTION('',(1.,0.));
#8983 = ( GEOMETRIC_REPRESENTATION_CONTEXT(2) 
PARAMETRIC_REPRESENTATION_CONTEXT() REPRESENTATION_CONTEXT('2D SPACE',''
  ) );
#8984 = PCURVE('',#8985,#8990);
#8985 = CYLINDRICAL_SURFACE('',#8986,1.9);
#8986 = AXIS2_PLACEMENT_3D('',#8987,#8988,#8989);
#8987 = CARTESIAN_POINT('',(155.875,56.125,0.8));
#8988 = DIRECTION('',(-0.,-0.,-1.));
#8989 = DIRECTION('',(1.,0.,0.));
#8990 = DEFINITIONAL_REPRESENTATION('',(#8991),#8995);
#8991 = LINE('',#8992,#8993);
#8992 = CARTESIAN_POINT('',(-0.,-2.2));
#8993 = VECTOR('',#8994,1.);
#8994 = DIRECTION('',(-1.,0.));
#8995 = ( GEOMETRIC_REPRESENTATION_CONTEXT(2) 
PARAMETRIC_REPRESENTATION_CONTEXT() REPRESENTATION_CONTEXT('2D SPACE',''
  ) );
#8996 = ADVANCED_FACE('',(#8997,#9000),#873,.F.);
#8997 = FACE_BOUND('',#8998,.F.);
#8998 = EDGE_LOOP('',(#8999));
#8999 = ORIENTED_EDGE('',*,*,#858,.T.);
#9000 = FACE_BOUND('',#9001,.F.);
#9001 = EDGE_LOOP('',(#9002));
#9002 = ORIENTED_EDGE('',*,*,#9003,.F.);
#9003 = EDGE_CURVE('',#9004,#9004,#9006,.T.);
#9004 = VERTEX_POINT('',#9005);
#9005 = CARTESIAN_POINT('',(163.75,51.75,1.));
#9006 = SURFACE_CURVE('',#9007,(#9012,#9019),.PCURVE_S1.);
#9007 = CIRCLE('',#9008,3.35);
#9008 = AXIS2_PLACEMENT_3D('',#9009,#9010,#9011);
#9009 = CARTESIAN_POINT('',(160.4,51.75,1.));
#9010 = DIRECTION('',(0.,0.,1.));
#9011 = DIRECTION('',(1.,0.,-0.));
#9012 = PCURVE('',#873,#9013);
#9013 = DEFINITIONAL_REPRESENTATION('',(#9014),#9018);
#9014 = CIRCLE('',#9015,3.35);
#9015 = AXIS2_PLACEMENT_2D('',#9016,#9017);
#9016 = CARTESIAN_POINT('',(0.,0.));
#9017 = DIRECTION('',(1.,0.));
#9018 = ( GEOMETRIC_REPRESENTATION_CONTEXT(2) 
PARAMETRIC_REPRESENTATION_CONTEXT() REPRESENTATION_CONTEXT('2D SPACE',''
  ) );
#9019 = PCURVE('',#9020,#9025);
#9020 = CONICAL_SURFACE('',#9021,3.35,0.489957326254);
#9021 = AXIS2_PLACEMENT_3D('',#9022,#9023,#9024);
#9022 = CARTESIAN_POINT('',(160.4,51.75,1.));
#9023 = DIRECTION('',(-0.,-0.,-1.));
#9024 = DIRECTION('',(1.,0.,-0.));
#9025 = DEFINITIONAL_REPRESENTATION('',(#9026),#9030);
#9026 = LINE('',#9027,#9028);
#9027 = CARTESIAN_POINT('',(-0.,-0.));
#9028 = VECTOR('',#9029,1.);
#9029 = DIRECTION('',(-1.,-0.));
#9030 = ( GEOMETRIC_REPRESENTATION_CONTEXT(2) 
PARAMETRIC_REPRESENTATION_CONTEXT() REPRESENTATION_CONTEXT('2D SPACE',''
  ) );
#9031 = ADVANCED_FACE('',(#9032),#1024,.T.);
#9032 = FACE_BOUND('',#9033,.F.);
#9033 = EDGE_LOOP('',(#9034,#9035,#9036,#9057));
#9034 = ORIENTED_EDGE('',*,*,#1008,.T.);
#9035 = ORIENTED_EDGE('',*,*,#1112,.T.);
#9036 = ORIENTED_EDGE('',*,*,#9037,.T.);
#9037 = EDGE_CURVE('',#1113,#5910,#9038,.T.);
#9038 = SURFACE_CURVE('',#9039,(#9043,#9050),.PCURVE_S1.);
#9039 = LINE('',#9040,#9041);
#9040 = CARTESIAN_POINT('',(164.4,-60.5,-1.));
#9041 = VECTOR('',#9042,1.);
#9042 = DIRECTION('',(0.,0.,1.));
#9043 = PCURVE('',#1024,#9044);
#9044 = DEFINITIONAL_REPRESENTATION('',(#9045),#9049);
#9045 = LINE('',#9046,#9047);
#9046 = CARTESIAN_POINT('',(-1.570796326795,-1.));
#9047 = VECTOR('',#9048,1.);
#9048 = DIRECTION('',(-0.,1.));
#9049 = ( GEOMETRIC_REPRESENTATION_CONTEXT(2) 
PARAMETRIC_REPRESENTATION_CONTEXT() REPRESENTATION_CONTEXT('2D SPACE',''
  ) );
#9050 = PCURVE('',#1267,#9051);
#9051 = DEFINITIONAL_REPRESENTATION('',(#9052),#9056);
#9052 = LINE('',#9053,#9054);
#9053 = CARTESIAN_POINT('',(329.8,1.));
#9054 = VECTOR('',#9055,1.);
#9055 = DIRECTION('',(0.,-1.));
#9056 = ( GEOMETRIC_REPRESENTATION_CONTEXT(2) 
PARAMETRIC_REPRESENTATION_CONTEXT() REPRESENTATION_CONTEXT('2D SPACE',''
  ) );
#9057 = ORIENTED_EDGE('',*,*,#5932,.F.);
#9058 = ADVANCED_FACE('',(#9059),#1075,.T.);
#9059 = FACE_BOUND('',#9060,.T.);
#9060 = EDGE_LOOP('',(#9061,#9062,#9063,#9084));
#9061 = ORIENTED_EDGE('',*,*,#1059,.F.);
#9062 = ORIENTED_EDGE('',*,*,#1665,.T.);
#9063 = ORIENTED_EDGE('',*,*,#9064,.T.);
#9064 = EDGE_CURVE('',#1666,#5587,#9065,.T.);
#9065 = SURFACE_CURVE('',#9066,(#9070,#9077),.PCURVE_S1.);
#9066 = LINE('',#9067,#9068);
#9067 = CARTESIAN_POINT('',(164.4,60.5,-1.));
#9068 = VECTOR('',#9069,1.);
#9069 = DIRECTION('',(0.,0.,1.));
#9070 = PCURVE('',#1075,#9071);
#9071 = DEFINITIONAL_REPRESENTATION('',(#9072),#9076);
#9072 = LINE('',#9073,#9074);
#9073 = CARTESIAN_POINT('',(1.570796326795,-1.));
#9074 = VECTOR('',#9075,1.);
#9075 = DIRECTION('',(0.,1.));
#9076 = ( GEOMETRIC_REPRESENTATION_CONTEXT(2) 
PARAMETRIC_REPRESENTATION_CONTEXT() REPRESENTATION_CONTEXT('2D SPACE',''
  ) );
#9077 = PCURVE('',#1703,#9078);
#9078 = DEFINITIONAL_REPRESENTATION('',(#9079),#9083);
#9079 = LINE('',#9080,#9081);
#9080 = CARTESIAN_POINT('',(3.,1.));
#9081 = VECTOR('',#9082,1.);
#9082 = DIRECTION('',(0.,-1.));
#9083 = ( GEOMETRIC_REPRESENTATION_CONTEXT(2) 
PARAMETRIC_REPRESENTATION_CONTEXT() REPRESENTATION_CONTEXT('2D SPACE',''
  ) );
#9084 = ORIENTED_EDGE('',*,*,#5586,.F.);
#9085 = ADVANCED_FACE('',(#9086),#1267,.F.);
#9086 = FACE_BOUND('',#9087,.F.);
#9087 = EDGE_LOOP('',(#9088,#9089,#9110,#9111,#9112,#9113));
#9088 = ORIENTED_EDGE('',*,*,#2447,.F.);
#9089 = ORIENTED_EDGE('',*,*,#9090,.T.);
#9090 = EDGE_CURVE('',#2419,#5886,#9091,.T.);
#9091 = SURFACE_CURVE('',#9092,(#9096,#9103),.PCURVE_S1.);
#9092 = LINE('',#9093,#9094);
#9093 = CARTESIAN_POINT('',(33.125,-60.5,0.));
#9094 = VECTOR('',#9095,1.);
#9095 = DIRECTION('',(0.,-0.,1.));
#9096 = PCURVE('',#1267,#9097);
#9097 = DEFINITIONAL_REPRESENTATION('',(#9098),#9102);
#9098 = LINE('',#9099,#9100);
#9099 = CARTESIAN_POINT('',(198.525,0.));
#9100 = VECTOR('',#9101,1.);
#9101 = DIRECTION('',(0.,-1.));
#9102 = ( GEOMETRIC_REPRESENTATION_CONTEXT(2) 
PARAMETRIC_REPRESENTATION_CONTEXT() REPRESENTATION_CONTEXT('2D SPACE',''
  ) );
#9103 = PCURVE('',#2435,#9104);
#9104 = DEFINITIONAL_REPRESENTATION('',(#9105),#9109);
#9105 = LINE('',#9106,#9107);
#9106 = CARTESIAN_POINT('',(1.570796326795,0.));
#9107 = VECTOR('',#9108,1.);
#9108 = DIRECTION('',(0.,1.));
#9109 = ( GEOMETRIC_REPRESENTATION_CONTEXT(2) 
PARAMETRIC_REPRESENTATION_CONTEXT() REPRESENTATION_CONTEXT('2D SPACE',''
  ) );
#9110 = ORIENTED_EDGE('',*,*,#5909,.T.);
#9111 = ORIENTED_EDGE('',*,*,#9037,.F.);
#9112 = ORIENTED_EDGE('',*,*,#1253,.F.);
#9113 = ORIENTED_EDGE('',*,*,#9114,.T.);
#9114 = EDGE_CURVE('',#1226,#2448,#9115,.T.);
#9115 = SURFACE_CURVE('',#9116,(#9120,#9127),.PCURVE_S1.);
#9116 = LINE('',#9117,#9118);
#9117 = CARTESIAN_POINT('',(33.625,-60.5,-1.));
#9118 = VECTOR('',#9119,1.);
#9119 = DIRECTION('',(0.,-0.,1.));
#9120 = PCURVE('',#1267,#9121);
#9121 = DEFINITIONAL_REPRESENTATION('',(#9122),#9126);
#9122 = LINE('',#9123,#9124);
#9123 = CARTESIAN_POINT('',(199.025,1.));
#9124 = VECTOR('',#9125,1.);
#9125 = DIRECTION('',(0.,-1.));
#9126 = ( GEOMETRIC_REPRESENTATION_CONTEXT(2) 
PARAMETRIC_REPRESENTATION_CONTEXT() REPRESENTATION_CONTEXT('2D SPACE',''
  ) );
#9127 = PCURVE('',#1241,#9128);
#9128 = DEFINITIONAL_REPRESENTATION('',(#9129),#9132);
#9129 = B_SPLINE_CURVE_WITH_KNOTS('',1,(#9130,#9131),.UNSPECIFIED.,.F.,
  .F.,(2,2),(0.,1.),.PIECEWISE_BEZIER_KNOTS.);
#9130 = CARTESIAN_POINT('',(0.5,0.));
#9131 = CARTESIAN_POINT('',(0.5,-1.));
#9132 = ( GEOMETRIC_REPRESENTATION_CONTEXT(2) 
PARAMETRIC_REPRESENTATION_CONTEXT() REPRESENTATION_CONTEXT('2D SPACE',''
  ) );
#9133 = ADVANCED_FACE('',(#9134),#1241,.T.);
#9134 = FACE_BOUND('',#9135,.T.);
#9135 = EDGE_LOOP('',(#9136,#9137,#9138,#9139));
#9136 = ORIENTED_EDGE('',*,*,#1225,.F.);
#9137 = ORIENTED_EDGE('',*,*,#9114,.T.);
#9138 = ORIENTED_EDGE('',*,*,#2470,.T.);
#9139 = ORIENTED_EDGE('',*,*,#9140,.T.);
#9140 = EDGE_CURVE('',#2471,#1198,#9141,.T.);
#9141 = SURFACE_CURVE('',#9142,(#9146,#9152),.PCURVE_S1.);
#9142 = LINE('',#9143,#9144);
#9143 = CARTESIAN_POINT('',(33.625,-53.625,-1.));
#9144 = VECTOR('',#9145,1.);
#9145 = DIRECTION('',(-0.,-0.,-1.));
#9146 = PCURVE('',#1241,#9147);
#9147 = DEFINITIONAL_REPRESENTATION('',(#9148),#9151);
#9148 = B_SPLINE_CURVE_WITH_KNOTS('',1,(#9149,#9150),.UNSPECIFIED.,.F.,
  .F.,(2,2),(-1.,0.),.PIECEWISE_BEZIER_KNOTS.);
#9149 = CARTESIAN_POINT('',(7.375,-1.));
#9150 = CARTESIAN_POINT('',(7.375,0.));
#9151 = ( GEOMETRIC_REPRESENTATION_CONTEXT(2) 
PARAMETRIC_REPRESENTATION_CONTEXT() REPRESENTATION_CONTEXT('2D SPACE',''
  ) );
#9152 = PCURVE('',#1213,#9153);
#9153 = DEFINITIONAL_REPRESENTATION('',(#9154),#9157);
#9154 = B_SPLINE_CURVE_WITH_KNOTS('',1,(#9155,#9156),.UNSPECIFIED.,.F.,
  .F.,(2,2),(-1.,0.),.PIECEWISE_BEZIER_KNOTS.);
#9155 = CARTESIAN_POINT('',(133.775,-1.));
#9156 = CARTESIAN_POINT('',(133.775,0.));
#9157 = ( GEOMETRIC_REPRESENTATION_CONTEXT(2) 
PARAMETRIC_REPRESENTATION_CONTEXT() REPRESENTATION_CONTEXT('2D SPACE',''
  ) );
#9158 = ADVANCED_FACE('',(#9159),#1213,.F.);
#9159 = FACE_BOUND('',#9160,.F.);
#9160 = EDGE_LOOP('',(#9161,#9162,#9181,#9182));
#9161 = ORIENTED_EDGE('',*,*,#1197,.F.);
#9162 = ORIENTED_EDGE('',*,*,#9163,.F.);
#9163 = EDGE_CURVE('',#2494,#1169,#9164,.T.);
#9164 = SURFACE_CURVE('',#9165,(#9169,#9175),.PCURVE_S1.);
#9165 = LINE('',#9166,#9167);
#9166 = CARTESIAN_POINT('',(51.920147273231,-53.625,-1.));
#9167 = VECTOR('',#9168,1.);
#9168 = DIRECTION('',(-0.,-0.,-1.));
#9169 = PCURVE('',#1213,#9170);
#9170 = DEFINITIONAL_REPRESENTATION('',(#9171),#9174);
#9171 = B_SPLINE_CURVE_WITH_KNOTS('',1,(#9172,#9173),.UNSPECIFIED.,.F.,
  .F.,(2,2),(-1.1,5.999999999062E-07),.PIECEWISE_BEZIER_KNOTS.);
#9172 = CARTESIAN_POINT('',(115.47985272676,-1.1));
#9173 = CARTESIAN_POINT('',(115.47985272676,5.999999999062E-07));
#9174 = ( GEOMETRIC_REPRESENTATION_CONTEXT(2) 
PARAMETRIC_REPRESENTATION_CONTEXT() REPRESENTATION_CONTEXT('2D SPACE',''
  ) );
#9175 = PCURVE('',#1185,#9176);
#9176 = DEFINITIONAL_REPRESENTATION('',(#9177),#9180);
#9177 = B_SPLINE_CURVE_WITH_KNOTS('',1,(#9178,#9179),.UNSPECIFIED.,.F.,
  .F.,(2,2),(-1.1,5.999999999062E-07),.PIECEWISE_BEZIER_KNOTS.);
#9178 = CARTESIAN_POINT('',(-3.248941569692,-1.1));
#9179 = CARTESIAN_POINT('',(-3.248941569692,5.999999999062E-07));
#9180 = ( GEOMETRIC_REPRESENTATION_CONTEXT(2) 
PARAMETRIC_REPRESENTATION_CONTEXT() REPRESENTATION_CONTEXT('2D SPACE',''
  ) );
#9181 = ORIENTED_EDGE('',*,*,#2493,.T.);
#9182 = ORIENTED_EDGE('',*,*,#9140,.T.);
#9183 = ADVANCED_FACE('',(#9184),#1185,.F.);
#9184 = FACE_BOUND('',#9185,.T.);
#9185 = EDGE_LOOP('',(#9186,#9187,#9210,#9237,#9238,#9239,#9240,#9241));
#9186 = ORIENTED_EDGE('',*,*,#2516,.T.);
#9187 = ORIENTED_EDGE('',*,*,#9188,.T.);
#9188 = EDGE_CURVE('',#2517,#9189,#9191,.T.);
#9189 = VERTEX_POINT('',#9190);
#9190 = CARTESIAN_POINT('',(58.9,-53.25,1.));
#9191 = SEAM_CURVE('',#9192,(#9196,#9203),.PCURVE_S1.);
#9192 = LINE('',#9193,#9194);
#9193 = CARTESIAN_POINT('',(58.9,-53.25,-1.));
#9194 = VECTOR('',#9195,1.);
#9195 = DIRECTION('',(0.,0.,1.));
#9196 = PCURVE('',#1185,#9197);
#9197 = DEFINITIONAL_REPRESENTATION('',(#9198),#9202);
#9198 = LINE('',#9199,#9200);
#9199 = CARTESIAN_POINT('',(-6.28318530718,0.));
#9200 = VECTOR('',#9201,1.);
#9201 = DIRECTION('',(-0.,-1.));
#9202 = ( GEOMETRIC_REPRESENTATION_CONTEXT(2) 
PARAMETRIC_REPRESENTATION_CONTEXT() REPRESENTATION_CONTEXT('2D SPACE',''
  ) );
#9203 = PCURVE('',#1185,#9204);
#9204 = DEFINITIONAL_REPRESENTATION('',(#9205),#9209);
#9205 = LINE('',#9206,#9207);
#9206 = CARTESIAN_POINT('',(-0.,0.));
#9207 = VECTOR('',#9208,1.);
#9208 = DIRECTION('',(-0.,-1.));
#9209 = ( GEOMETRIC_REPRESENTATION_CONTEXT(2) 
PARAMETRIC_REPRESENTATION_CONTEXT() REPRESENTATION_CONTEXT('2D SPACE',''
  ) );
#9210 = ORIENTED_EDGE('',*,*,#9211,.T.);
#9211 = EDGE_CURVE('',#9189,#9189,#9212,.T.);
#9212 = SURFACE_CURVE('',#9213,(#9218,#9225),.PCURVE_S1.);
#9213 = CIRCLE('',#9214,3.5);
#9214 = AXIS2_PLACEMENT_3D('',#9215,#9216,#9217);
#9215 = CARTESIAN_POINT('',(55.4,-53.25,1.));
#9216 = DIRECTION('',(0.,0.,1.));
#9217 = DIRECTION('',(1.,0.,0.));
#9218 = PCURVE('',#1185,#9219);
#9219 = DEFINITIONAL_REPRESENTATION('',(#9220),#9224);
#9220 = LINE('',#9221,#9222);
#9221 = CARTESIAN_POINT('',(-0.,-2.));
#9222 = VECTOR('',#9223,1.);
#9223 = DIRECTION('',(-1.,0.));
#9224 = ( GEOMETRIC_REPRESENTATION_CONTEXT(2) 
PARAMETRIC_REPRESENTATION_CONTEXT() REPRESENTATION_CONTEXT('2D SPACE',''
  ) );
#9225 = PCURVE('',#9226,#9231);
#9226 = PLANE('',#9227);
#9227 = AXIS2_PLACEMENT_3D('',#9228,#9229,#9230);
#9228 = CARTESIAN_POINT('',(55.4,-53.25,1.));
#9229 = DIRECTION('',(0.,0.,1.));
#9230 = DIRECTION('',(1.,0.,-0.));
#9231 = DEFINITIONAL_REPRESENTATION('',(#9232),#9236);
#9232 = CIRCLE('',#9233,3.5);
#9233 = AXIS2_PLACEMENT_2D('',#9234,#9235);
#9234 = CARTESIAN_POINT('',(0.,0.));
#9235 = DIRECTION('',(1.,0.));
#9236 = ( GEOMETRIC_REPRESENTATION_CONTEXT(2) 
PARAMETRIC_REPRESENTATION_CONTEXT() REPRESENTATION_CONTEXT('2D SPACE',''
  ) );
#9237 = ORIENTED_EDGE('',*,*,#9188,.F.);
#9238 = ORIENTED_EDGE('',*,*,#2544,.T.);
#9239 = ORIENTED_EDGE('',*,*,#5563,.T.);
#9240 = ORIENTED_EDGE('',*,*,#1168,.F.);
#9241 = ORIENTED_EDGE('',*,*,#9163,.F.);
#9242 = ADVANCED_FACE('',(#9243),#1298,.F.);
#9243 = FACE_BOUND('',#9244,.T.);
#9244 = EDGE_LOOP('',(#9245,#9246,#9269,#9300));
#9245 = ORIENTED_EDGE('',*,*,#1281,.F.);
#9246 = ORIENTED_EDGE('',*,*,#9247,.T.);
#9247 = EDGE_CURVE('',#1282,#9248,#9250,.T.);
#9248 = VERTEX_POINT('',#9249);
#9249 = CARTESIAN_POINT('',(156.825,-56.125,0.8));
#9250 = SEAM_CURVE('',#9251,(#9255,#9262),.PCURVE_S1.);
#9251 = LINE('',#9252,#9253);
#9252 = CARTESIAN_POINT('',(156.825,-56.125,-1.));
#9253 = VECTOR('',#9254,1.);
#9254 = DIRECTION('',(0.,0.,1.));
#9255 = PCURVE('',#1298,#9256);
#9256 = DEFINITIONAL_REPRESENTATION('',(#9257),#9261);
#9257 = LINE('',#9258,#9259);
#9258 = CARTESIAN_POINT('',(-6.28318530718,0.));
#9259 = VECTOR('',#9260,1.);
#9260 = DIRECTION('',(-0.,-1.));
#9261 = ( GEOMETRIC_REPRESENTATION_CONTEXT(2) 
PARAMETRIC_REPRESENTATION_CONTEXT() REPRESENTATION_CONTEXT('2D SPACE',''
  ) );
#9262 = PCURVE('',#1298,#9263);
#9263 = DEFINITIONAL_REPRESENTATION('',(#9264),#9268);
#9264 = LINE('',#9265,#9266);
#9265 = CARTESIAN_POINT('',(-0.,0.));
#9266 = VECTOR('',#9267,1.);
#9267 = DIRECTION('',(-0.,-1.));
#9268 = ( GEOMETRIC_REPRESENTATION_CONTEXT(2) 
PARAMETRIC_REPRESENTATION_CONTEXT() REPRESENTATION_CONTEXT('2D SPACE',''
  ) );
#9269 = ORIENTED_EDGE('',*,*,#9270,.F.);
#9270 = EDGE_CURVE('',#9248,#9248,#9271,.T.);
#9271 = SURFACE_CURVE('',#9272,(#9277,#9284),.PCURVE_S1.);
#9272 = CIRCLE('',#9273,1.2);
#9273 = AXIS2_PLACEMENT_3D('',#9274,#9275,#9276);
#9274 = CARTESIAN_POINT('',(155.625,-56.125,0.8));
#9275 = DIRECTION('',(0.,0.,-1.));
#9276 = DIRECTION('',(1.,0.,0.));
#9277 = PCURVE('',#1298,#9278);
#9278 = DEFINITIONAL_REPRESENTATION('',(#9279),#9283);
#9279 = LINE('',#9280,#9281);
#9280 = CARTESIAN_POINT('',(-6.28318530718,-1.8));
#9281 = VECTOR('',#9282,1.);
#9282 = DIRECTION('',(1.,-0.));
#9283 = ( GEOMETRIC_REPRESENTATION_CONTEXT(2) 
PARAMETRIC_REPRESENTATION_CONTEXT() REPRESENTATION_CONTEXT('2D SPACE',''
  ) );
#9284 = PCURVE('',#9285,#9290);
#9285 = PLANE('',#9286);
#9286 = AXIS2_PLACEMENT_3D('',#9287,#9288,#9289);
#9287 = CARTESIAN_POINT('',(155.625,-56.125,0.8));
#9288 = DIRECTION('',(0.,0.,1.));
#9289 = DIRECTION('',(1.,0.,-0.));
#9290 = DEFINITIONAL_REPRESENTATION('',(#9291),#9299);
#9291 = ( BOUNDED_CURVE() B_SPLINE_CURVE(2,(#9292,#9293,#9294,#9295,
#9296,#9297,#9298),.UNSPECIFIED.,.T.,.F.) B_SPLINE_CURVE_WITH_KNOTS((1,2
    ,2,2,2,1),(-2.094395102393,0.,2.094395102393,4.188790204786,
6.28318530718,8.377580409573),.UNSPECIFIED.) CURVE() 
GEOMETRIC_REPRESENTATION_ITEM() RATIONAL_B_SPLINE_CURVE((1.,0.5,1.,0.5,
1.,0.5,1.)) REPRESENTATION_ITEM('') );
#9292 = CARTESIAN_POINT('',(1.2,0.));
#9293 = CARTESIAN_POINT('',(1.2,-2.078460969083));
#9294 = CARTESIAN_POINT('',(-0.6,-1.039230484541));
#9295 = CARTESIAN_POINT('',(-2.4,-2.939152317954E-16));
#9296 = CARTESIAN_POINT('',(-0.6,1.039230484541));
#9297 = CARTESIAN_POINT('',(1.2,2.078460969083));
#9298 = CARTESIAN_POINT('',(1.2,0.));
#9299 = ( GEOMETRIC_REPRESENTATION_CONTEXT(2) 
PARAMETRIC_REPRESENTATION_CONTEXT() REPRESENTATION_CONTEXT('2D SPACE',''
  ) );
#9300 = ORIENTED_EDGE('',*,*,#9247,.F.);
#9301 = ADVANCED_FACE('',(#9302),#1333,.F.);
#9302 = FACE_BOUND('',#9303,.F.);
#9303 = EDGE_LOOP('',(#9304,#9328,#9349,#9350));
#9304 = ORIENTED_EDGE('',*,*,#9305,.F.);
#9305 = EDGE_CURVE('',#9306,#9306,#9308,.T.);
#9306 = VERTEX_POINT('',#9307);
#9307 = CARTESIAN_POINT('',(162.95,-53.25,2.5));
#9308 = SURFACE_CURVE('',#9309,(#9314,#9321),.PCURVE_S1.);
#9309 = CIRCLE('',#9310,2.55);
#9310 = AXIS2_PLACEMENT_3D('',#9311,#9312,#9313);
#9311 = CARTESIAN_POINT('',(160.4,-53.25,2.5));
#9312 = DIRECTION('',(0.,0.,1.));
#9313 = DIRECTION('',(1.,0.,-0.));
#9314 = PCURVE('',#1333,#9315);
#9315 = DEFINITIONAL_REPRESENTATION('',(#9316),#9320);
#9316 = LINE('',#9317,#9318);
#9317 = CARTESIAN_POINT('',(-0.,-1.5));
#9318 = VECTOR('',#9319,1.);
#9319 = DIRECTION('',(-1.,-0.));
#9320 = ( GEOMETRIC_REPRESENTATION_CONTEXT(2) 
PARAMETRIC_REPRESENTATION_CONTEXT() REPRESENTATION_CONTEXT('2D SPACE',''
  ) );
#9321 = PCURVE('',#7464,#9322);
#9322 = DEFINITIONAL_REPRESENTATION('',(#9323),#9327);
#9323 = LINE('',#9324,#9325);
#9324 = CARTESIAN_POINT('',(-0.,-3.5));
#9325 = VECTOR('',#9326,1.);
#9326 = DIRECTION('',(-1.,0.));
#9327 = ( GEOMETRIC_REPRESENTATION_CONTEXT(2) 
PARAMETRIC_REPRESENTATION_CONTEXT() REPRESENTATION_CONTEXT('2D SPACE',''
  ) );
#9328 = ORIENTED_EDGE('',*,*,#9329,.F.);
#9329 = EDGE_CURVE('',#1317,#9306,#9330,.T.);
#9330 = SEAM_CURVE('',#9331,(#9335,#9342),.PCURVE_S1.);
#9331 = LINE('',#9332,#9333);
#9332 = CARTESIAN_POINT('',(163.75,-53.25,1.));
#9333 = VECTOR('',#9334,1.);
#9334 = DIRECTION('',(-0.470588235294,1.152608752139E-16,0.882352941176)
  );
#9335 = PCURVE('',#1333,#9336);
#9336 = DEFINITIONAL_REPRESENTATION('',(#9337),#9341);
#9337 = LINE('',#9338,#9339);
#9338 = CARTESIAN_POINT('',(-6.28318530718,0.));
#9339 = VECTOR('',#9340,1.);
#9340 = DIRECTION('',(-0.,-1.));
#9341 = ( GEOMETRIC_REPRESENTATION_CONTEXT(2) 
PARAMETRIC_REPRESENTATION_CONTEXT() REPRESENTATION_CONTEXT('2D SPACE',''
  ) );
#9342 = PCURVE('',#1333,#9343);
#9343 = DEFINITIONAL_REPRESENTATION('',(#9344),#9348);
#9344 = LINE('',#9345,#9346);
#9345 = CARTESIAN_POINT('',(0.,-0.));
#9346 = VECTOR('',#9347,1.);
#9347 = DIRECTION('',(-0.,-1.));
#9348 = ( GEOMETRIC_REPRESENTATION_CONTEXT(2) 
PARAMETRIC_REPRESENTATION_CONTEXT() REPRESENTATION_CONTEXT('2D SPACE',''
  ) );
#9349 = ORIENTED_EDGE('',*,*,#1316,.T.);
#9350 = ORIENTED_EDGE('',*,*,#9329,.T.);
#9351 = ADVANCED_FACE('',(#9352),#1371,.T.);
#9352 = FACE_BOUND('',#9353,.F.);
#9353 = EDGE_LOOP('',(#9354,#9375,#9376,#9397));
#9354 = ORIENTED_EDGE('',*,*,#9355,.T.);
#9355 = EDGE_CURVE('',#5634,#1349,#9356,.T.);
#9356 = SURFACE_CURVE('',#9357,(#9361,#9368),.PCURVE_S1.);
#9357 = LINE('',#9358,#9359);
#9358 = CARTESIAN_POINT('',(-165.4,57.5,3.));
#9359 = VECTOR('',#9360,1.);
#9360 = DIRECTION('',(0.,0.,-1.));
#9361 = PCURVE('',#1371,#9362);
#9362 = DEFINITIONAL_REPRESENTATION('',(#9363),#9367);
#9363 = LINE('',#9364,#9365);
#9364 = CARTESIAN_POINT('',(-0.,3.));
#9365 = VECTOR('',#9366,1.);
#9366 = DIRECTION('',(-0.,-1.));
#9367 = ( GEOMETRIC_REPRESENTATION_CONTEXT(2) 
PARAMETRIC_REPRESENTATION_CONTEXT() REPRESENTATION_CONTEXT('2D SPACE',''
  ) );
#9368 = PCURVE('',#1399,#9369);
#9369 = DEFINITIONAL_REPRESENTATION('',(#9370),#9374);
#9370 = LINE('',#9371,#9372);
#9371 = CARTESIAN_POINT('',(3.,-3.));
#9372 = VECTOR('',#9373,1.);
#9373 = DIRECTION('',(0.,1.));
#9374 = ( GEOMETRIC_REPRESENTATION_CONTEXT(2) 
PARAMETRIC_REPRESENTATION_CONTEXT() REPRESENTATION_CONTEXT('2D SPACE',''
  ) );
#9375 = ORIENTED_EDGE('',*,*,#1348,.T.);
#9376 = ORIENTED_EDGE('',*,*,#9377,.F.);
#9377 = EDGE_CURVE('',#5611,#1351,#9378,.T.);
#9378 = SURFACE_CURVE('',#9379,(#9383,#9390),.PCURVE_S1.);
#9379 = LINE('',#9380,#9381);
#9380 = CARTESIAN_POINT('',(-162.4,60.5,3.));
#9381 = VECTOR('',#9382,1.);
#9382 = DIRECTION('',(0.,0.,-1.));
#9383 = PCURVE('',#1371,#9384);
#9384 = DEFINITIONAL_REPRESENTATION('',(#9385),#9389);
#9385 = LINE('',#9386,#9387);
#9386 = CARTESIAN_POINT('',(-1.570796326795,3.));
#9387 = VECTOR('',#9388,1.);
#9388 = DIRECTION('',(-0.,-1.));
#9389 = ( GEOMETRIC_REPRESENTATION_CONTEXT(2) 
PARAMETRIC_REPRESENTATION_CONTEXT() REPRESENTATION_CONTEXT('2D SPACE',''
  ) );
#9390 = PCURVE('',#1703,#9391);
#9391 = DEFINITIONAL_REPRESENTATION('',(#9392),#9396);
#9392 = LINE('',#9393,#9394);
#9393 = CARTESIAN_POINT('',(329.8,-3.));
#9394 = VECTOR('',#9395,1.);
#9395 = DIRECTION('',(0.,1.));
#9396 = ( GEOMETRIC_REPRESENTATION_CONTEXT(2) 
PARAMETRIC_REPRESENTATION_CONTEXT() REPRESENTATION_CONTEXT('2D SPACE',''
  ) );
#9397 = ORIENTED_EDGE('',*,*,#5633,.F.);
#9398 = ADVANCED_FACE('',(#9399),#1399,.F.);
#9399 = FACE_BOUND('',#9400,.F.);
#9400 = EDGE_LOOP('',(#9401,#9431,#9452,#9453,#9454,#9455,#9478,#9506));
#9401 = ORIENTED_EDGE('',*,*,#9402,.F.);
#9402 = EDGE_CURVE('',#9403,#9405,#9407,.T.);
#9403 = VERTEX_POINT('',#9404);
#9404 = CARTESIAN_POINT('',(-165.4,53.625,0.));
#9405 = VERTEX_POINT('',#9406);
#9406 = CARTESIAN_POINT('',(-165.4,-53.625,0.));
#9407 = SURFACE_CURVE('',#9408,(#9412,#9419),.PCURVE_S1.);
#9408 = LINE('',#9409,#9410);
#9409 = CARTESIAN_POINT('',(-165.4,60.5,0.));
#9410 = VECTOR('',#9411,1.);
#9411 = DIRECTION('',(0.,-1.,0.));
#9412 = PCURVE('',#1399,#9413);
#9413 = DEFINITIONAL_REPRESENTATION('',(#9414),#9418);
#9414 = LINE('',#9415,#9416);
#9415 = CARTESIAN_POINT('',(0.,0.));
#9416 = VECTOR('',#9417,1.);
#9417 = DIRECTION('',(1.,0.));
#9418 = ( GEOMETRIC_REPRESENTATION_CONTEXT(2) 
PARAMETRIC_REPRESENTATION_CONTEXT() REPRESENTATION_CONTEXT('2D SPACE',''
  ) );
#9419 = PCURVE('',#9420,#9425);
#9420 = PLANE('',#9421);
#9421 = AXIS2_PLACEMENT_3D('',#9422,#9423,#9424);
#9422 = CARTESIAN_POINT('',(1.,0.,0.));
#9423 = DIRECTION('',(0.,0.,1.));
#9424 = DIRECTION('',(1.,0.,-0.));
#9425 = DEFINITIONAL_REPRESENTATION('',(#9426),#9430);
#9426 = LINE('',#9427,#9428);
#9427 = CARTESIAN_POINT('',(-166.4,60.5));
#9428 = VECTOR('',#9429,1.);
#9429 = DIRECTION('',(0.,-1.));
#9430 = ( GEOMETRIC_REPRESENTATION_CONTEXT(2) 
PARAMETRIC_REPRESENTATION_CONTEXT() REPRESENTATION_CONTEXT('2D SPACE',''
  ) );
#9431 = ORIENTED_EDGE('',*,*,#9432,.F.);
#9432 = EDGE_CURVE('',#1384,#9403,#9433,.T.);
#9433 = SURFACE_CURVE('',#9434,(#9438,#9445),.PCURVE_S1.);
#9434 = LINE('',#9435,#9436);
#9435 = CARTESIAN_POINT('',(-165.4,53.625,-1.));
#9436 = VECTOR('',#9437,1.);
#9437 = DIRECTION('',(0.,0.,1.));
#9438 = PCURVE('',#1399,#9439);
#9439 = DEFINITIONAL_REPRESENTATION('',(#9440),#9444);
#9440 = LINE('',#9441,#9442);
#9441 = CARTESIAN_POINT('',(6.875,1.));
#9442 = VECTOR('',#9443,1.);
#9443 = DIRECTION('',(0.,-1.));
#9444 = ( GEOMETRIC_REPRESENTATION_CONTEXT(2) 
PARAMETRIC_REPRESENTATION_CONTEXT() REPRESENTATION_CONTEXT('2D SPACE',''
  ) );
#9445 = PCURVE('',#1427,#9446);
#9446 = DEFINITIONAL_REPRESENTATION('',(#9447),#9451);
#9447 = LINE('',#9448,#9449);
#9448 = CARTESIAN_POINT('',(0.,0.));
#9449 = VECTOR('',#9450,1.);
#9450 = DIRECTION('',(0.,-1.));
#9451 = ( GEOMETRIC_REPRESENTATION_CONTEXT(2) 
PARAMETRIC_REPRESENTATION_CONTEXT() REPRESENTATION_CONTEXT('2D SPACE',''
  ) );
#9452 = ORIENTED_EDGE('',*,*,#1383,.F.);
#9453 = ORIENTED_EDGE('',*,*,#9355,.F.);
#9454 = ORIENTED_EDGE('',*,*,#5661,.T.);
#9455 = ORIENTED_EDGE('',*,*,#9456,.F.);
#9456 = EDGE_CURVE('',#9457,#5662,#9459,.T.);
#9457 = VERTEX_POINT('',#9458);
#9458 = CARTESIAN_POINT('',(-165.4,-57.5,-1.));
#9459 = SURFACE_CURVE('',#9460,(#9464,#9471),.PCURVE_S1.);
#9460 = LINE('',#9461,#9462);
#9461 = CARTESIAN_POINT('',(-165.4,-57.5,-1.));
#9462 = VECTOR('',#9463,1.);
#9463 = DIRECTION('',(0.,0.,1.));
#9464 = PCURVE('',#1399,#9465);
#9465 = DEFINITIONAL_REPRESENTATION('',(#9466),#9470);
#9466 = LINE('',#9467,#9468);
#9467 = CARTESIAN_POINT('',(118.,1.));
#9468 = VECTOR('',#9469,1.);
#9469 = DIRECTION('',(0.,-1.));
#9470 = ( GEOMETRIC_REPRESENTATION_CONTEXT(2) 
PARAMETRIC_REPRESENTATION_CONTEXT() REPRESENTATION_CONTEXT('2D SPACE',''
  ) );
#9471 = PCURVE('',#5701,#9472);
#9472 = DEFINITIONAL_REPRESENTATION('',(#9473),#9477);
#9473 = LINE('',#9474,#9475);
#9474 = CARTESIAN_POINT('',(0.,-1.));
#9475 = VECTOR('',#9476,1.);
#9476 = DIRECTION('',(0.,1.));
#9477 = ( GEOMETRIC_REPRESENTATION_CONTEXT(2) 
PARAMETRIC_REPRESENTATION_CONTEXT() REPRESENTATION_CONTEXT('2D SPACE',''
  ) );
#9478 = ORIENTED_EDGE('',*,*,#9479,.F.);
#9479 = EDGE_CURVE('',#9480,#9457,#9482,.T.);
#9480 = VERTEX_POINT('',#9481);
#9481 = CARTESIAN_POINT('',(-165.4,-53.625,-1.));
#9482 = SURFACE_CURVE('',#9483,(#9487,#9494),.PCURVE_S1.);
#9483 = LINE('',#9484,#9485);
#9484 = CARTESIAN_POINT('',(-165.4,-53.625,-1.));
#9485 = VECTOR('',#9486,1.);
#9486 = DIRECTION('',(0.,-1.,0.));
#9487 = PCURVE('',#1399,#9488);
#9488 = DEFINITIONAL_REPRESENTATION('',(#9489),#9493);
#9489 = LINE('',#9490,#9491);
#9490 = CARTESIAN_POINT('',(114.125,1.));
#9491 = VECTOR('',#9492,1.);
#9492 = DIRECTION('',(1.,0.));
#9493 = ( GEOMETRIC_REPRESENTATION_CONTEXT(2) 
PARAMETRIC_REPRESENTATION_CONTEXT() REPRESENTATION_CONTEXT('2D SPACE',''
  ) );
#9494 = PCURVE('',#9495,#9500);
#9495 = PLANE('',#9496);
#9496 = AXIS2_PLACEMENT_3D('',#9497,#9498,#9499);
#9497 = CARTESIAN_POINT('',(1.,-57.0625,-1.));
#9498 = DIRECTION('',(0.,0.,1.));
#9499 = DIRECTION('',(1.,0.,-0.));
#9500 = DEFINITIONAL_REPRESENTATION('',(#9501),#9505);
#9501 = LINE('',#9502,#9503);
#9502 = CARTESIAN_POINT('',(-166.4,3.4375));
#9503 = VECTOR('',#9504,1.);
#9504 = DIRECTION('',(0.,-1.));
#9505 = ( GEOMETRIC_REPRESENTATION_CONTEXT(2) 
PARAMETRIC_REPRESENTATION_CONTEXT() REPRESENTATION_CONTEXT('2D SPACE',''
  ) );
#9506 = ORIENTED_EDGE('',*,*,#9507,.T.);
#9507 = EDGE_CURVE('',#9480,#9405,#9508,.T.);
#9508 = SURFACE_CURVE('',#9509,(#9513,#9520),.PCURVE_S1.);
#9509 = LINE('',#9510,#9511);
#9510 = CARTESIAN_POINT('',(-165.4,-53.625,-1.));
#9511 = VECTOR('',#9512,1.);
#9512 = DIRECTION('',(0.,0.,1.));
#9513 = PCURVE('',#1399,#9514);
#9514 = DEFINITIONAL_REPRESENTATION('',(#9515),#9519);
#9515 = LINE('',#9516,#9517);
#9516 = CARTESIAN_POINT('',(114.125,1.));
#9517 = VECTOR('',#9518,1.);
#9518 = DIRECTION('',(0.,-1.));
#9519 = ( GEOMETRIC_REPRESENTATION_CONTEXT(2) 
PARAMETRIC_REPRESENTATION_CONTEXT() REPRESENTATION_CONTEXT('2D SPACE',''
  ) );
#9520 = PCURVE('',#9521,#9526);
#9521 = PLANE('',#9522);
#9522 = AXIS2_PLACEMENT_3D('',#9523,#9524,#9525);
#9523 = CARTESIAN_POINT('',(167.4,-53.625,-1.));
#9524 = DIRECTION('',(0.,-1.,0.));
#9525 = DIRECTION('',(-1.,0.,0.));
#9526 = DEFINITIONAL_REPRESENTATION('',(#9527),#9531);
#9527 = LINE('',#9528,#9529);
#9528 = CARTESIAN_POINT('',(332.8,0.));
#9529 = VECTOR('',#9530,1.);
#9530 = DIRECTION('',(0.,-1.));
#9531 = ( GEOMETRIC_REPRESENTATION_CONTEXT(2) 
PARAMETRIC_REPRESENTATION_CONTEXT() REPRESENTATION_CONTEXT('2D SPACE',''
  ) );
#9532 = ADVANCED_FACE('',(#9533),#1703,.F.);
#9533 = FACE_BOUND('',#9534,.F.);
#9534 = EDGE_LOOP('',(#9535,#9536,#9537,#9538));
#9535 = ORIENTED_EDGE('',*,*,#5610,.T.);
#9536 = ORIENTED_EDGE('',*,*,#9377,.T.);
#9537 = ORIENTED_EDGE('',*,*,#1689,.F.);
#9538 = ORIENTED_EDGE('',*,*,#9064,.T.);
#9539 = ADVANCED_FACE('',(#9540),#1427,.F.);
#9540 = FACE_BOUND('',#9541,.F.);
#9541 = EDGE_LOOP('',(#9542,#9543,#9544,#9567));
#9542 = ORIENTED_EDGE('',*,*,#1411,.F.);
#9543 = ORIENTED_EDGE('',*,*,#9432,.T.);
#9544 = ORIENTED_EDGE('',*,*,#9545,.T.);
#9545 = EDGE_CURVE('',#9403,#9546,#9548,.T.);
#9546 = VERTEX_POINT('',#9547);
#9547 = CARTESIAN_POINT('',(-161.3553976043,53.625,0.));
#9548 = SURFACE_CURVE('',#9549,(#9553,#9560),.PCURVE_S1.);
#9549 = LINE('',#9550,#9551);
#9550 = CARTESIAN_POINT('',(-165.4,53.625,0.));
#9551 = VECTOR('',#9552,1.);
#9552 = DIRECTION('',(1.,0.,0.));
#9553 = PCURVE('',#1427,#9554);
#9554 = DEFINITIONAL_REPRESENTATION('',(#9555),#9559);
#9555 = LINE('',#9556,#9557);
#9556 = CARTESIAN_POINT('',(0.,-1.));
#9557 = VECTOR('',#9558,1.);
#9558 = DIRECTION('',(1.,0.));
#9559 = ( GEOMETRIC_REPRESENTATION_CONTEXT(2) 
PARAMETRIC_REPRESENTATION_CONTEXT() REPRESENTATION_CONTEXT('2D SPACE',''
  ) );
#9560 = PCURVE('',#9420,#9561);
#9561 = DEFINITIONAL_REPRESENTATION('',(#9562),#9566);
#9562 = LINE('',#9563,#9564);
#9563 = CARTESIAN_POINT('',(-166.4,53.625));
#9564 = VECTOR('',#9565,1.);
#9565 = DIRECTION('',(1.,0.));
#9566 = ( GEOMETRIC_REPRESENTATION_CONTEXT(2) 
PARAMETRIC_REPRESENTATION_CONTEXT() REPRESENTATION_CONTEXT('2D SPACE',''
  ) );
#9567 = ORIENTED_EDGE('',*,*,#9568,.T.);
#9568 = EDGE_CURVE('',#9546,#1412,#9569,.T.);
#9569 = SURFACE_CURVE('',#9570,(#9574,#9580),.PCURVE_S1.);
#9570 = LINE('',#9571,#9572);
#9571 = CARTESIAN_POINT('',(-161.3553976043,53.625,-1.));
#9572 = VECTOR('',#9573,1.);
#9573 = DIRECTION('',(-0.,-0.,-1.));
#9574 = PCURVE('',#1427,#9575);
#9575 = DEFINITIONAL_REPRESENTATION('',(#9576),#9579);
#9576 = B_SPLINE_CURVE_WITH_KNOTS('',1,(#9577,#9578),.UNSPECIFIED.,.F.,
  .F.,(2,2),(-1.1,5.999999999062E-07),.PIECEWISE_BEZIER_KNOTS.);
#9577 = CARTESIAN_POINT('',(4.044602395616,-1.1));
#9578 = CARTESIAN_POINT('',(4.044602395616,5.999999999062E-07));
#9579 = ( GEOMETRIC_REPRESENTATION_CONTEXT(2) 
PARAMETRIC_REPRESENTATION_CONTEXT() REPRESENTATION_CONTEXT('2D SPACE',''
  ) );
#9580 = PCURVE('',#1456,#9581);
#9581 = DEFINITIONAL_REPRESENTATION('',(#9582),#9585);
#9582 = B_SPLINE_CURVE_WITH_KNOTS('',1,(#9583,#9584),.UNSPECIFIED.,.F.,
  .F.,(2,2),(-1.1,5.999999999062E-07),.PIECEWISE_BEZIER_KNOTS.);
#9583 = CARTESIAN_POINT('',(-2.576239223352,-1.1));
#9584 = CARTESIAN_POINT('',(-2.576239223352,5.999999999062E-07));
#9585 = ( GEOMETRIC_REPRESENTATION_CONTEXT(2) 
PARAMETRIC_REPRESENTATION_CONTEXT() REPRESENTATION_CONTEXT('2D SPACE',''
  ) );
#9586 = ADVANCED_FACE('',(#9587),#1456,.F.);
#9587 = FACE_BOUND('',#9588,.T.);
#9588 = EDGE_LOOP('',(#9589,#9619,#9642,#9669,#9670,#9696,#9697,#9698));
#9589 = ORIENTED_EDGE('',*,*,#9590,.T.);
#9590 = EDGE_CURVE('',#9591,#9593,#9595,.T.);
#9591 = VERTEX_POINT('',#9592);
#9592 = CARTESIAN_POINT('',(-155.4446023956,53.625,0.));
#9593 = VERTEX_POINT('',#9594);
#9594 = CARTESIAN_POINT('',(-154.9,51.75,0.));
#9595 = SURFACE_CURVE('',#9596,(#9601,#9608),.PCURVE_S1.);
#9596 = CIRCLE('',#9597,3.5);
#9597 = AXIS2_PLACEMENT_3D('',#9598,#9599,#9600);
#9598 = CARTESIAN_POINT('',(-158.4,51.75,0.));
#9599 = DIRECTION('',(0.,0.,-1.));
#9600 = DIRECTION('',(1.,0.,0.));
#9601 = PCURVE('',#1456,#9602);
#9602 = DEFINITIONAL_REPRESENTATION('',(#9603),#9607);
#9603 = LINE('',#9604,#9605);
#9604 = CARTESIAN_POINT('',(-6.28318530718,-1.));
#9605 = VECTOR('',#9606,1.);
#9606 = DIRECTION('',(1.,-0.));
#9607 = ( GEOMETRIC_REPRESENTATION_CONTEXT(2) 
PARAMETRIC_REPRESENTATION_CONTEXT() REPRESENTATION_CONTEXT('2D SPACE',''
  ) );
#9608 = PCURVE('',#9420,#9609);
#9609 = DEFINITIONAL_REPRESENTATION('',(#9610),#9618);
#9610 = ( BOUNDED_CURVE() B_SPLINE_CURVE(2,(#9611,#9612,#9613,#9614,
#9615,#9616,#9617),.UNSPECIFIED.,.T.,.F.) B_SPLINE_CURVE_WITH_KNOTS((1,2
    ,2,2,2,1),(-2.094395102393,0.,2.094395102393,4.188790204786,
6.28318530718,8.377580409573),.UNSPECIFIED.) CURVE() 
GEOMETRIC_REPRESENTATION_ITEM() RATIONAL_B_SPLINE_CURVE((1.,0.5,1.,0.5,
1.,0.5,1.)) REPRESENTATION_ITEM('') );
#9611 = CARTESIAN_POINT('',(-155.9,51.75));
#9612 = CARTESIAN_POINT('',(-155.9,45.687822173509));
#9613 = CARTESIAN_POINT('',(-161.15,48.718911086754));
#9614 = CARTESIAN_POINT('',(-166.4,51.75));
#9615 = CARTESIAN_POINT('',(-161.15,54.781088913246));
#9616 = CARTESIAN_POINT('',(-155.9,57.812177826491));
#9617 = CARTESIAN_POINT('',(-155.9,51.75));
#9618 = ( GEOMETRIC_REPRESENTATION_CONTEXT(2) 
PARAMETRIC_REPRESENTATION_CONTEXT() REPRESENTATION_CONTEXT('2D SPACE',''
  ) );
#9619 = ORIENTED_EDGE('',*,*,#9620,.T.);
#9620 = EDGE_CURVE('',#9593,#9621,#9623,.T.);
#9621 = VERTEX_POINT('',#9622);
#9622 = CARTESIAN_POINT('',(-154.9,51.75,1.));
#9623 = SEAM_CURVE('',#9624,(#9628,#9635),.PCURVE_S1.);
#9624 = LINE('',#9625,#9626);
#9625 = CARTESIAN_POINT('',(-154.9,51.75,-1.));
#9626 = VECTOR('',#9627,1.);
#9627 = DIRECTION('',(0.,0.,1.));
#9628 = PCURVE('',#1456,#9629);
#9629 = DEFINITIONAL_REPRESENTATION('',(#9630),#9634);
#9630 = LINE('',#9631,#9632);
#9631 = CARTESIAN_POINT('',(-6.28318530718,0.));
#9632 = VECTOR('',#9633,1.);
#9633 = DIRECTION('',(-0.,-1.));
#9634 = ( GEOMETRIC_REPRESENTATION_CONTEXT(2) 
PARAMETRIC_REPRESENTATION_CONTEXT() REPRESENTATION_CONTEXT('2D SPACE',''
  ) );
#9635 = PCURVE('',#1456,#9636);
#9636 = DEFINITIONAL_REPRESENTATION('',(#9637),#9641);
#9637 = LINE('',#9638,#9639);
#9638 = CARTESIAN_POINT('',(-0.,0.));
#9639 = VECTOR('',#9640,1.);
#9640 = DIRECTION('',(-0.,-1.));
#9641 = ( GEOMETRIC_REPRESENTATION_CONTEXT(2) 
PARAMETRIC_REPRESENTATION_CONTEXT() REPRESENTATION_CONTEXT('2D SPACE',''
  ) );
#9642 = ORIENTED_EDGE('',*,*,#9643,.T.);
#9643 = EDGE_CURVE('',#9621,#9621,#9644,.T.);
#9644 = SURFACE_CURVE('',#9645,(#9650,#9657),.PCURVE_S1.);
#9645 = CIRCLE('',#9646,3.5);
#9646 = AXIS2_PLACEMENT_3D('',#9647,#9648,#9649);
#9647 = CARTESIAN_POINT('',(-158.4,51.75,1.));
#9648 = DIRECTION('',(0.,0.,1.));
#9649 = DIRECTION('',(1.,0.,0.));
#9650 = PCURVE('',#1456,#9651);
#9651 = DEFINITIONAL_REPRESENTATION('',(#9652),#9656);
#9652 = LINE('',#9653,#9654);
#9653 = CARTESIAN_POINT('',(-0.,-2.));
#9654 = VECTOR('',#9655,1.);
#9655 = DIRECTION('',(-1.,0.));
#9656 = ( GEOMETRIC_REPRESENTATION_CONTEXT(2) 
PARAMETRIC_REPRESENTATION_CONTEXT() REPRESENTATION_CONTEXT('2D SPACE',''
  ) );
#9657 = PCURVE('',#9658,#9663);
#9658 = PLANE('',#9659);
#9659 = AXIS2_PLACEMENT_3D('',#9660,#9661,#9662);
#9660 = CARTESIAN_POINT('',(-158.4,51.75,1.));
#9661 = DIRECTION('',(0.,0.,1.));
#9662 = DIRECTION('',(1.,0.,-0.));
#9663 = DEFINITIONAL_REPRESENTATION('',(#9664),#9668);
#9664 = CIRCLE('',#9665,3.5);
#9665 = AXIS2_PLACEMENT_2D('',#9666,#9667);
#9666 = CARTESIAN_POINT('',(0.,0.));
#9667 = DIRECTION('',(1.,0.));
#9668 = ( GEOMETRIC_REPRESENTATION_CONTEXT(2) 
PARAMETRIC_REPRESENTATION_CONTEXT() REPRESENTATION_CONTEXT('2D SPACE',''
  ) );
#9669 = ORIENTED_EDGE('',*,*,#9620,.F.);
#9670 = ORIENTED_EDGE('',*,*,#9671,.T.);
#9671 = EDGE_CURVE('',#9593,#9546,#9672,.T.);
#9672 = SURFACE_CURVE('',#9673,(#9678,#9685),.PCURVE_S1.);
#9673 = CIRCLE('',#9674,3.5);
#9674 = AXIS2_PLACEMENT_3D('',#9675,#9676,#9677);
#9675 = CARTESIAN_POINT('',(-158.4,51.75,0.));
#9676 = DIRECTION('',(0.,0.,-1.));
#9677 = DIRECTION('',(1.,0.,0.));
#9678 = PCURVE('',#1456,#9679);
#9679 = DEFINITIONAL_REPRESENTATION('',(#9680),#9684);
#9680 = LINE('',#9681,#9682);
#9681 = CARTESIAN_POINT('',(-6.28318530718,-1.));
#9682 = VECTOR('',#9683,1.);
#9683 = DIRECTION('',(1.,-0.));
#9684 = ( GEOMETRIC_REPRESENTATION_CONTEXT(2) 
PARAMETRIC_REPRESENTATION_CONTEXT() REPRESENTATION_CONTEXT('2D SPACE',''
  ) );
#9685 = PCURVE('',#9420,#9686);
#9686 = DEFINITIONAL_REPRESENTATION('',(#9687),#9695);
#9687 = ( BOUNDED_CURVE() B_SPLINE_CURVE(2,(#9688,#9689,#9690,#9691,
#9692,#9693,#9694),.UNSPECIFIED.,.T.,.F.) B_SPLINE_CURVE_WITH_KNOTS((1,2
    ,2,2,2,1),(-2.094395102393,0.,2.094395102393,4.188790204786,
6.28318530718,8.377580409573),.UNSPECIFIED.) CURVE() 
GEOMETRIC_REPRESENTATION_ITEM() RATIONAL_B_SPLINE_CURVE((1.,0.5,1.,0.5,
1.,0.5,1.)) REPRESENTATION_ITEM('') );
#9688 = CARTESIAN_POINT('',(-155.9,51.75));
#9689 = CARTESIAN_POINT('',(-155.9,45.687822173509));
#9690 = CARTESIAN_POINT('',(-161.15,48.718911086754));
#9691 = CARTESIAN_POINT('',(-166.4,51.75));
#9692 = CARTESIAN_POINT('',(-161.15,54.781088913246));
#9693 = CARTESIAN_POINT('',(-155.9,57.812177826491));
#9694 = CARTESIAN_POINT('',(-155.9,51.75));
#9695 = ( GEOMETRIC_REPRESENTATION_CONTEXT(2) 
PARAMETRIC_REPRESENTATION_CONTEXT() REPRESENTATION_CONTEXT('2D SPACE',''
  ) );
#9696 = ORIENTED_EDGE('',*,*,#9568,.T.);
#9697 = ORIENTED_EDGE('',*,*,#1439,.F.);
#9698 = ORIENTED_EDGE('',*,*,#9699,.F.);
#9699 = EDGE_CURVE('',#9591,#1440,#9700,.T.);
#9700 = SURFACE_CURVE('',#9701,(#9705,#9711),.PCURVE_S1.);
#9701 = LINE('',#9702,#9703);
#9702 = CARTESIAN_POINT('',(-155.4446023956,53.625,-1.));
#9703 = VECTOR('',#9704,1.);
#9704 = DIRECTION('',(-0.,-0.,-1.));
#9705 = PCURVE('',#1456,#9706);
#9706 = DEFINITIONAL_REPRESENTATION('',(#9707),#9710);
#9707 = B_SPLINE_CURVE_WITH_KNOTS('',1,(#9708,#9709),.UNSPECIFIED.,.F.,
  .F.,(2,2),(-1.1,5.999999999062E-07),.PIECEWISE_BEZIER_KNOTS.);
#9708 = CARTESIAN_POINT('',(-0.565353430237,-1.1));
#9709 = CARTESIAN_POINT('',(-0.565353430237,5.999999999062E-07));
#9710 = ( GEOMETRIC_REPRESENTATION_CONTEXT(2) 
PARAMETRIC_REPRESENTATION_CONTEXT() REPRESENTATION_CONTEXT('2D SPACE',''
  ) );
#9711 = PCURVE('',#1484,#9712);
#9712 = DEFINITIONAL_REPRESENTATION('',(#9713),#9716);
#9713 = B_SPLINE_CURVE_WITH_KNOTS('',1,(#9714,#9715),.UNSPECIFIED.,.F.,
  .F.,(2,2),(-1.1,5.999999999062E-07),.PIECEWISE_BEZIER_KNOTS.);
#9714 = CARTESIAN_POINT('',(9.955397604384,-1.1));
#9715 = CARTESIAN_POINT('',(9.955397604384,5.999999999062E-07));
#9716 = ( GEOMETRIC_REPRESENTATION_CONTEXT(2) 
PARAMETRIC_REPRESENTATION_CONTEXT() REPRESENTATION_CONTEXT('2D SPACE',''
  ) );
#9717 = ADVANCED_FACE('',(#9718),#1484,.F.);
#9718 = FACE_BOUND('',#9719,.F.);
#9719 = EDGE_LOOP('',(#9720,#9721,#9722,#9745));
#9720 = ORIENTED_EDGE('',*,*,#1468,.F.);
#9721 = ORIENTED_EDGE('',*,*,#9699,.F.);
#9722 = ORIENTED_EDGE('',*,*,#9723,.T.);
#9723 = EDGE_CURVE('',#9591,#9724,#9726,.T.);
#9724 = VERTEX_POINT('',#9725);
#9725 = CARTESIAN_POINT('',(-126.0831458152,53.625,0.));
#9726 = SURFACE_CURVE('',#9727,(#9731,#9738),.PCURVE_S1.);
#9727 = LINE('',#9728,#9729);
#9728 = CARTESIAN_POINT('',(-165.4,53.625,0.));
#9729 = VECTOR('',#9730,1.);
#9730 = DIRECTION('',(1.,0.,0.));
#9731 = PCURVE('',#1484,#9732);
#9732 = DEFINITIONAL_REPRESENTATION('',(#9733),#9737);
#9733 = LINE('',#9734,#9735);
#9734 = CARTESIAN_POINT('',(0.,-1.));
#9735 = VECTOR('',#9736,1.);
#9736 = DIRECTION('',(1.,0.));
#9737 = ( GEOMETRIC_REPRESENTATION_CONTEXT(2) 
PARAMETRIC_REPRESENTATION_CONTEXT() REPRESENTATION_CONTEXT('2D SPACE',''
  ) );
#9738 = PCURVE('',#9420,#9739);
#9739 = DEFINITIONAL_REPRESENTATION('',(#9740),#9744);
#9740 = LINE('',#9741,#9742);
#9741 = CARTESIAN_POINT('',(-166.4,53.625));
#9742 = VECTOR('',#9743,1.);
#9743 = DIRECTION('',(1.,0.));
#9744 = ( GEOMETRIC_REPRESENTATION_CONTEXT(2) 
PARAMETRIC_REPRESENTATION_CONTEXT() REPRESENTATION_CONTEXT('2D SPACE',''
  ) );
#9745 = ORIENTED_EDGE('',*,*,#9746,.T.);
#9746 = EDGE_CURVE('',#9724,#1469,#9747,.T.);
#9747 = SURFACE_CURVE('',#9748,(#9752,#9758),.PCURVE_S1.);
#9748 = LINE('',#9749,#9750);
#9749 = CARTESIAN_POINT('',(-126.0831458152,53.625,-1.));
#9750 = VECTOR('',#9751,1.);
#9751 = DIRECTION('',(-0.,-0.,-1.));
#9752 = PCURVE('',#1484,#9753);
#9753 = DEFINITIONAL_REPRESENTATION('',(#9754),#9757);
#9754 = B_SPLINE_CURVE_WITH_KNOTS('',1,(#9755,#9756),.UNSPECIFIED.,.F.,
  .F.,(2,2),(-1.1,5.999999999062E-07),.PIECEWISE_BEZIER_KNOTS.);
#9755 = CARTESIAN_POINT('',(39.316854184741,-1.1));
#9756 = CARTESIAN_POINT('',(39.316854184741,5.999999999062E-07));
#9757 = ( GEOMETRIC_REPRESENTATION_CONTEXT(2) 
PARAMETRIC_REPRESENTATION_CONTEXT() REPRESENTATION_CONTEXT('2D SPACE',''
  ) );
#9758 = PCURVE('',#1513,#9759);
#9759 = DEFINITIONAL_REPRESENTATION('',(#9760),#9763);
#9760 = B_SPLINE_CURVE_WITH_KNOTS('',1,(#9761,#9762),.UNSPECIFIED.,.F.,
  .F.,(2,2),(-1.1,5.999999999062E-07),.PIECEWISE_BEZIER_KNOTS.);
#9761 = CARTESIAN_POINT('',(-1.926217528485,-1.1));
#9762 = CARTESIAN_POINT('',(-1.926217528485,5.999999999062E-07));
#9763 = ( GEOMETRIC_REPRESENTATION_CONTEXT(2) 
PARAMETRIC_REPRESENTATION_CONTEXT() REPRESENTATION_CONTEXT('2D SPACE',''
  ) );
#9764 = ADVANCED_FACE('',(#9765),#1513,.F.);
#9765 = FACE_BOUND('',#9766,.T.);
#9766 = EDGE_LOOP('',(#9767,#9768,#9789,#9790,#9791,#9792,#9813,#9837,
    #9863,#9889,#9890,#9891));
#9767 = ORIENTED_EDGE('',*,*,#2010,.T.);
#9768 = ORIENTED_EDGE('',*,*,#9769,.T.);
#9769 = EDGE_CURVE('',#2011,#7329,#9770,.T.);
#9770 = SEAM_CURVE('',#9771,(#9775,#9782),.PCURVE_S1.);
#9771 = LINE('',#9772,#9773);
#9772 = CARTESIAN_POINT('',(-47.9,-0.75,-1.));
#9773 = VECTOR('',#9774,1.);
#9774 = DIRECTION('',(0.,0.,1.));
#9775 = PCURVE('',#1513,#9776);
#9776 = DEFINITIONAL_REPRESENTATION('',(#9777),#9781);
#9777 = LINE('',#9778,#9779);
#9778 = CARTESIAN_POINT('',(-6.28318530718,0.));
#9779 = VECTOR('',#9780,1.);
#9780 = DIRECTION('',(-0.,-1.));
#9781 = ( GEOMETRIC_REPRESENTATION_CONTEXT(2) 
PARAMETRIC_REPRESENTATION_CONTEXT() REPRESENTATION_CONTEXT('2D SPACE',''
  ) );
#9782 = PCURVE('',#1513,#9783);
#9783 = DEFINITIONAL_REPRESENTATION('',(#9784),#9788);
#9784 = LINE('',#9785,#9786);
#9785 = CARTESIAN_POINT('',(-0.,0.));
#9786 = VECTOR('',#9787,1.);
#9787 = DIRECTION('',(-0.,-1.));
#9788 = ( GEOMETRIC_REPRESENTATION_CONTEXT(2) 
PARAMETRIC_REPRESENTATION_CONTEXT() REPRESENTATION_CONTEXT('2D SPACE',''
  ) );
#9789 = ORIENTED_EDGE('',*,*,#7328,.T.);
#9790 = ORIENTED_EDGE('',*,*,#9769,.F.);
#9791 = ORIENTED_EDGE('',*,*,#2038,.T.);
#9792 = ORIENTED_EDGE('',*,*,#9793,.T.);
#9793 = EDGE_CURVE('',#2039,#9794,#9796,.T.);
#9794 = VERTEX_POINT('',#9795);
#9795 = CARTESIAN_POINT('',(-82.06233285323,-53.625,-1.));
#9796 = SURFACE_CURVE('',#9797,(#9801,#9807),.PCURVE_S1.);
#9797 = LINE('',#9798,#9799);
#9798 = CARTESIAN_POINT('',(-82.06233285323,-53.625,-1.));
#9799 = VECTOR('',#9800,1.);
#9800 = DIRECTION('',(-0.,-0.,-1.));
#9801 = PCURVE('',#1513,#9802);
#9802 = DEFINITIONAL_REPRESENTATION('',(#9803),#9806);
#9803 = B_SPLINE_CURVE_WITH_KNOTS('',1,(#9804,#9805),.UNSPECIFIED.,.F.,
  .F.,(2,2),(-1.1,5.999999999062E-07),.PIECEWISE_BEZIER_KNOTS.);
#9804 = CARTESIAN_POINT('',(-5.13593340641,-1.1));
#9805 = CARTESIAN_POINT('',(-5.13593340641,5.999999999062E-07));
#9806 = ( GEOMETRIC_REPRESENTATION_CONTEXT(2) 
PARAMETRIC_REPRESENTATION_CONTEXT() REPRESENTATION_CONTEXT('2D SPACE',''
  ) );
#9807 = PCURVE('',#2082,#9808);
#9808 = DEFINITIONAL_REPRESENTATION('',(#9809),#9812);
#9809 = B_SPLINE_CURVE_WITH_KNOTS('',1,(#9810,#9811),.UNSPECIFIED.,.F.,
  .F.,(2,2),(-1.1,5.999999999062E-07),.PIECEWISE_BEZIER_KNOTS.);
#9810 = CARTESIAN_POINT('',(249.46233285323,-1.1));
#9811 = CARTESIAN_POINT('',(249.46233285323,5.999999999062E-07));
#9812 = ( GEOMETRIC_REPRESENTATION_CONTEXT(2) 
PARAMETRIC_REPRESENTATION_CONTEXT() REPRESENTATION_CONTEXT('2D SPACE',''
  ) );
#9813 = ORIENTED_EDGE('',*,*,#9814,.F.);
#9814 = EDGE_CURVE('',#9815,#9794,#9817,.T.);
#9815 = VERTEX_POINT('',#9816);
#9816 = CARTESIAN_POINT('',(-129.7376671467,-53.625,-1.));
#9817 = SURFACE_CURVE('',#9818,(#9823,#9830),.PCURVE_S1.);
#9818 = CIRCLE('',#9819,58.);
#9819 = AXIS2_PLACEMENT_3D('',#9820,#9821,#9822);
#9820 = CARTESIAN_POINT('',(-105.9,-0.75,-1.));
#9821 = DIRECTION('',(0.,0.,1.));
#9822 = DIRECTION('',(1.,0.,0.));
#9823 = PCURVE('',#1513,#9824);
#9824 = DEFINITIONAL_REPRESENTATION('',(#9825),#9829);
#9825 = LINE('',#9826,#9827);
#9826 = CARTESIAN_POINT('',(-0.,0.));
#9827 = VECTOR('',#9828,1.);
#9828 = DIRECTION('',(-1.,0.));
#9829 = ( GEOMETRIC_REPRESENTATION_CONTEXT(2) 
PARAMETRIC_REPRESENTATION_CONTEXT() REPRESENTATION_CONTEXT('2D SPACE',''
  ) );
#9830 = PCURVE('',#9495,#9831);
#9831 = DEFINITIONAL_REPRESENTATION('',(#9832),#9836);
#9832 = CIRCLE('',#9833,58.);
#9833 = AXIS2_PLACEMENT_2D('',#9834,#9835);
#9834 = CARTESIAN_POINT('',(-106.9,56.3125));
#9835 = DIRECTION('',(1.,0.));
#9836 = ( GEOMETRIC_REPRESENTATION_CONTEXT(2) 
PARAMETRIC_REPRESENTATION_CONTEXT() REPRESENTATION_CONTEXT('2D SPACE',''
  ) );
#9837 = ORIENTED_EDGE('',*,*,#9838,.F.);
#9838 = EDGE_CURVE('',#9839,#9815,#9841,.T.);
#9839 = VERTEX_POINT('',#9840);
#9840 = CARTESIAN_POINT('',(-129.7376671467,-53.625,0.));
#9841 = SURFACE_CURVE('',#9842,(#9846,#9852),.PCURVE_S1.);
#9842 = LINE('',#9843,#9844);
#9843 = CARTESIAN_POINT('',(-129.7376671467,-53.625,-1.));
#9844 = VECTOR('',#9845,1.);
#9845 = DIRECTION('',(-0.,-0.,-1.));
#9846 = PCURVE('',#1513,#9847);
#9847 = DEFINITIONAL_REPRESENTATION('',(#9848),#9851);
#9848 = B_SPLINE_CURVE_WITH_KNOTS('',1,(#9849,#9850),.UNSPECIFIED.,.F.,
  .F.,(2,2),(-1.1,5.999999999062E-07),.PIECEWISE_BEZIER_KNOTS.);
#9849 = CARTESIAN_POINT('',(-4.288844554359,-1.1));
#9850 = CARTESIAN_POINT('',(-4.288844554359,5.999999999062E-07));
#9851 = ( GEOMETRIC_REPRESENTATION_CONTEXT(2) 
PARAMETRIC_REPRESENTATION_CONTEXT() REPRESENTATION_CONTEXT('2D SPACE',''
  ) );
#9852 = PCURVE('',#9853,#9858);
#9853 = PLANE('',#9854);
#9854 = AXIS2_PLACEMENT_3D('',#9855,#9856,#9857);
#9855 = CARTESIAN_POINT('',(167.4,-53.625,-1.));
#9856 = DIRECTION('',(0.,-1.,0.));
#9857 = DIRECTION('',(-1.,0.,0.));
#9858 = DEFINITIONAL_REPRESENTATION('',(#9859),#9862);
#9859 = B_SPLINE_CURVE_WITH_KNOTS('',1,(#9860,#9861),.UNSPECIFIED.,.F.,
  .F.,(2,2),(-1.1,5.999999999062E-07),.PIECEWISE_BEZIER_KNOTS.);
#9860 = CARTESIAN_POINT('',(297.13766714676,-1.1));
#9861 = CARTESIAN_POINT('',(297.13766714676,5.999999999062E-07));
#9862 = ( GEOMETRIC_REPRESENTATION_CONTEXT(2) 
PARAMETRIC_REPRESENTATION_CONTEXT() REPRESENTATION_CONTEXT('2D SPACE',''
  ) );
#9863 = ORIENTED_EDGE('',*,*,#9864,.T.);
#9864 = EDGE_CURVE('',#9839,#9724,#9865,.T.);
#9865 = SURFACE_CURVE('',#9866,(#9871,#9878),.PCURVE_S1.);
#9866 = CIRCLE('',#9867,58.);
#9867 = AXIS2_PLACEMENT_3D('',#9868,#9869,#9870);
#9868 = CARTESIAN_POINT('',(-105.9,-0.75,0.));
#9869 = DIRECTION('',(0.,0.,-1.));
#9870 = DIRECTION('',(1.,0.,0.));
#9871 = PCURVE('',#1513,#9872);
#9872 = DEFINITIONAL_REPRESENTATION('',(#9873),#9877);
#9873 = LINE('',#9874,#9875);
#9874 = CARTESIAN_POINT('',(-6.28318530718,-1.));
#9875 = VECTOR('',#9876,1.);
#9876 = DIRECTION('',(1.,-0.));
#9877 = ( GEOMETRIC_REPRESENTATION_CONTEXT(2) 
PARAMETRIC_REPRESENTATION_CONTEXT() REPRESENTATION_CONTEXT('2D SPACE',''
  ) );
#9878 = PCURVE('',#9420,#9879);
#9879 = DEFINITIONAL_REPRESENTATION('',(#9880),#9888);
#9880 = ( BOUNDED_CURVE() B_SPLINE_CURVE(2,(#9881,#9882,#9883,#9884,
#9885,#9886,#9887),.UNSPECIFIED.,.T.,.F.) B_SPLINE_CURVE_WITH_KNOTS((1,2
    ,2,2,2,1),(-2.094395102393,0.,2.094395102393,4.188790204786,
6.28318530718,8.377580409573),.UNSPECIFIED.) CURVE() 
GEOMETRIC_REPRESENTATION_ITEM() RATIONAL_B_SPLINE_CURVE((1.,0.5,1.,0.5,
1.,0.5,1.)) REPRESENTATION_ITEM('') );
#9881 = CARTESIAN_POINT('',(-48.9,-0.75));
#9882 = CARTESIAN_POINT('',(-48.9,-101.2089468389));
#9883 = CARTESIAN_POINT('',(-135.9,-50.97947341949));
#9884 = CARTESIAN_POINT('',(-222.9,-0.75));
#9885 = CARTESIAN_POINT('',(-135.9,49.479473419497));
#9886 = CARTESIAN_POINT('',(-48.9,99.708946838995));
#9887 = CARTESIAN_POINT('',(-48.9,-0.75));
#9888 = ( GEOMETRIC_REPRESENTATION_CONTEXT(2) 
PARAMETRIC_REPRESENTATION_CONTEXT() REPRESENTATION_CONTEXT('2D SPACE',''
  ) );
#9889 = ORIENTED_EDGE('',*,*,#9746,.T.);
#9890 = ORIENTED_EDGE('',*,*,#1496,.F.);
#9891 = ORIENTED_EDGE('',*,*,#9892,.F.);
#9892 = EDGE_CURVE('',#1988,#1497,#9893,.T.);
#9893 = SURFACE_CURVE('',#9894,(#9898,#9904),.PCURVE_S1.);
#9894 = LINE('',#9895,#9896);
#9895 = CARTESIAN_POINT('',(-85.71685418474,53.625,-1.));
#9896 = VECTOR('',#9897,1.);
#9897 = DIRECTION('',(-0.,-0.,-1.));
#9898 = PCURVE('',#1513,#9899);
#9899 = DEFINITIONAL_REPRESENTATION('',(#9900),#9903);
#9900 = B_SPLINE_CURVE_WITH_KNOTS('',1,(#9901,#9902),.UNSPECIFIED.,.F.,
  .F.,(2,2),(-1.1,5.999999999062E-07),.PIECEWISE_BEZIER_KNOTS.);
#9901 = CARTESIAN_POINT('',(-1.215375125105,-1.1));
#9902 = CARTESIAN_POINT('',(-1.215375125105,5.999999999062E-07));
#9903 = ( GEOMETRIC_REPRESENTATION_CONTEXT(2) 
PARAMETRIC_REPRESENTATION_CONTEXT() REPRESENTATION_CONTEXT('2D SPACE',''
  ) );
#9904 = PCURVE('',#1541,#9905);
#9905 = DEFINITIONAL_REPRESENTATION('',(#9906),#9909);
#9906 = B_SPLINE_CURVE_WITH_KNOTS('',1,(#9907,#9908),.UNSPECIFIED.,.F.,
  .F.,(2,2),(-1.1,5.999999999062E-07),.PIECEWISE_BEZIER_KNOTS.);
#9907 = CARTESIAN_POINT('',(79.683145815259,-1.1));
#9908 = CARTESIAN_POINT('',(79.683145815259,5.999999999062E-07));
#9909 = ( GEOMETRIC_REPRESENTATION_CONTEXT(2) 
PARAMETRIC_REPRESENTATION_CONTEXT() REPRESENTATION_CONTEXT('2D SPACE',''
  ) );
#9910 = ADVANCED_FACE('',(#9911),#1541,.F.);
#9911 = FACE_BOUND('',#9912,.F.);
#9912 = EDGE_LOOP('',(#9913,#9914,#9915,#9916));
#9913 = ORIENTED_EDGE('',*,*,#1525,.F.);
#9914 = ORIENTED_EDGE('',*,*,#9892,.F.);
#9915 = ORIENTED_EDGE('',*,*,#1987,.T.);
#9916 = ORIENTED_EDGE('',*,*,#9917,.T.);
#9917 = EDGE_CURVE('',#1960,#1526,#9918,.T.);
#9918 = SURFACE_CURVE('',#9919,(#9923,#9929),.PCURVE_S1.);
#9919 = LINE('',#9920,#9921);
#9920 = CARTESIAN_POINT('',(-56.35539760438,53.625,-1.));
#9921 = VECTOR('',#9922,1.);
#9922 = DIRECTION('',(-0.,-0.,-1.));
#9923 = PCURVE('',#1541,#9924);
#9924 = DEFINITIONAL_REPRESENTATION('',(#9925),#9928);
#9925 = B_SPLINE_CURVE_WITH_KNOTS('',1,(#9926,#9927),.UNSPECIFIED.,.F.,
  .F.,(2,2),(-1.1,5.999999999062E-07),.PIECEWISE_BEZIER_KNOTS.);
#9926 = CARTESIAN_POINT('',(109.04460239561,-1.1));
#9927 = CARTESIAN_POINT('',(109.04460239561,5.999999999062E-07));
#9928 = ( GEOMETRIC_REPRESENTATION_CONTEXT(2) 
PARAMETRIC_REPRESENTATION_CONTEXT() REPRESENTATION_CONTEXT('2D SPACE',''
  ) );
#9929 = PCURVE('',#1570,#9930);
#9930 = DEFINITIONAL_REPRESENTATION('',(#9931),#9934);
#9931 = B_SPLINE_CURVE_WITH_KNOTS('',1,(#9932,#9933),.UNSPECIFIED.,.F.,
  .F.,(2,2),(-1.1,5.999999999062E-07),.PIECEWISE_BEZIER_KNOTS.);
#9932 = CARTESIAN_POINT('',(-2.576239223352,-1.1));
#9933 = CARTESIAN_POINT('',(-2.576239223352,5.999999999062E-07));
#9934 = ( GEOMETRIC_REPRESENTATION_CONTEXT(2) 
PARAMETRIC_REPRESENTATION_CONTEXT() REPRESENTATION_CONTEXT('2D SPACE',''
  ) );
#9935 = ADVANCED_FACE('',(#9936),#1570,.F.);
#9936 = FACE_BOUND('',#9937,.T.);
#9937 = EDGE_LOOP('',(#9938,#9939,#9962,#9989,#9990,#9991,#9992,#9993));
#9938 = ORIENTED_EDGE('',*,*,#1931,.T.);
#9939 = ORIENTED_EDGE('',*,*,#9940,.T.);
#9940 = EDGE_CURVE('',#1932,#9941,#9943,.T.);
#9941 = VERTEX_POINT('',#9942);
#9942 = CARTESIAN_POINT('',(-49.9,51.75,1.));
#9943 = SEAM_CURVE('',#9944,(#9948,#9955),.PCURVE_S1.);
#9944 = LINE('',#9945,#9946);
#9945 = CARTESIAN_POINT('',(-49.9,51.75,-1.));
#9946 = VECTOR('',#9947,1.);
#9947 = DIRECTION('',(0.,0.,1.));
#9948 = PCURVE('',#1570,#9949);
#9949 = DEFINITIONAL_REPRESENTATION('',(#9950),#9954);
#9950 = LINE('',#9951,#9952);
#9951 = CARTESIAN_POINT('',(-6.28318530718,0.));
#9952 = VECTOR('',#9953,1.);
#9953 = DIRECTION('',(-0.,-1.));
#9954 = ( GEOMETRIC_REPRESENTATION_CONTEXT(2) 
PARAMETRIC_REPRESENTATION_CONTEXT() REPRESENTATION_CONTEXT('2D SPACE',''
  ) );
#9955 = PCURVE('',#1570,#9956);
#9956 = DEFINITIONAL_REPRESENTATION('',(#9957),#9961);
#9957 = LINE('',#9958,#9959);
#9958 = CARTESIAN_POINT('',(-0.,0.));
#9959 = VECTOR('',#9960,1.);
#9960 = DIRECTION('',(-0.,-1.));
#9961 = ( GEOMETRIC_REPRESENTATION_CONTEXT(2) 
PARAMETRIC_REPRESENTATION_CONTEXT() REPRESENTATION_CONTEXT('2D SPACE',''
  ) );
#9962 = ORIENTED_EDGE('',*,*,#9963,.T.);
#9963 = EDGE_CURVE('',#9941,#9941,#9964,.T.);
#9964 = SURFACE_CURVE('',#9965,(#9970,#9977),.PCURVE_S1.);
#9965 = CIRCLE('',#9966,3.5);
#9966 = AXIS2_PLACEMENT_3D('',#9967,#9968,#9969);
#9967 = CARTESIAN_POINT('',(-53.4,51.75,1.));
#9968 = DIRECTION('',(0.,0.,1.));
#9969 = DIRECTION('',(1.,0.,0.));
#9970 = PCURVE('',#1570,#9971);
#9971 = DEFINITIONAL_REPRESENTATION('',(#9972),#9976);
#9972 = LINE('',#9973,#9974);
#9973 = CARTESIAN_POINT('',(-0.,-2.));
#9974 = VECTOR('',#9975,1.);
#9975 = DIRECTION('',(-1.,0.));
#9976 = ( GEOMETRIC_REPRESENTATION_CONTEXT(2) 
PARAMETRIC_REPRESENTATION_CONTEXT() REPRESENTATION_CONTEXT('2D SPACE',''
  ) );
#9977 = PCURVE('',#9978,#9983);
#9978 = PLANE('',#9979);
#9979 = AXIS2_PLACEMENT_3D('',#9980,#9981,#9982);
#9980 = CARTESIAN_POINT('',(-53.4,51.75,1.));
#9981 = DIRECTION('',(0.,0.,1.));
#9982 = DIRECTION('',(1.,0.,-0.));
#9983 = DEFINITIONAL_REPRESENTATION('',(#9984),#9988);
#9984 = CIRCLE('',#9985,3.5);
#9985 = AXIS2_PLACEMENT_2D('',#9986,#9987);
#9986 = CARTESIAN_POINT('',(0.,0.));
#9987 = DIRECTION('',(1.,0.));
#9988 = ( GEOMETRIC_REPRESENTATION_CONTEXT(2) 
PARAMETRIC_REPRESENTATION_CONTEXT() REPRESENTATION_CONTEXT('2D SPACE',''
  ) );
#9989 = ORIENTED_EDGE('',*,*,#9940,.F.);
#9990 = ORIENTED_EDGE('',*,*,#1959,.T.);
#9991 = ORIENTED_EDGE('',*,*,#9917,.T.);
#9992 = ORIENTED_EDGE('',*,*,#1553,.F.);
#9993 = ORIENTED_EDGE('',*,*,#9994,.F.);
#9994 = EDGE_CURVE('',#1909,#1554,#9995,.T.);
#9995 = SURFACE_CURVE('',#9996,(#10000,#10006),.PCURVE_S1.);
#9996 = LINE('',#9997,#9998);
#9997 = CARTESIAN_POINT('',(-50.44460239561,53.625,-1.));
#9998 = VECTOR('',#9999,1.);
#9999 = DIRECTION('',(-0.,-0.,-1.));
#10000 = PCURVE('',#1570,#10001);
#10001 = DEFINITIONAL_REPRESENTATION('',(#10002),#10005);
#10002 = B_SPLINE_CURVE_WITH_KNOTS('',1,(#10003,#10004),.UNSPECIFIED.,
  .F.,.F.,(2,2),(-1.1,5.999999999062E-07),.PIECEWISE_BEZIER_KNOTS.);
#10003 = CARTESIAN_POINT('',(-0.565353430237,-1.1));
#10004 = CARTESIAN_POINT('',(-0.565353430237,5.999999999062E-07));
#10005 = ( GEOMETRIC_REPRESENTATION_CONTEXT(2) 
PARAMETRIC_REPRESENTATION_CONTEXT() REPRESENTATION_CONTEXT('2D SPACE',''
  ) );
#10006 = PCURVE('',#1598,#10007);
#10007 = DEFINITIONAL_REPRESENTATION('',(#10008),#10011);
#10008 = B_SPLINE_CURVE_WITH_KNOTS('',1,(#10009,#10010),.UNSPECIFIED.,
  .F.,.F.,(2,2),(-1.1,5.999999999062E-07),.PIECEWISE_BEZIER_KNOTS.);
#10009 = CARTESIAN_POINT('',(114.95539760438,-1.1));
#10010 = CARTESIAN_POINT('',(114.95539760438,5.999999999062E-07));
#10011 = ( GEOMETRIC_REPRESENTATION_CONTEXT(2) 
PARAMETRIC_REPRESENTATION_CONTEXT() REPRESENTATION_CONTEXT('2D SPACE',''
  ) );
#10012 = ADVANCED_FACE('',(#10013),#1598,.F.);
#10013 = FACE_BOUND('',#10014,.F.);
#10014 = EDGE_LOOP('',(#10015,#10016,#10017,#10018));
#10015 = ORIENTED_EDGE('',*,*,#1582,.F.);
#10016 = ORIENTED_EDGE('',*,*,#9994,.F.);
#10017 = ORIENTED_EDGE('',*,*,#1908,.T.);
#10018 = ORIENTED_EDGE('',*,*,#10019,.T.);
#10019 = EDGE_CURVE('',#1881,#1583,#10020,.T.);
#10020 = SURFACE_CURVE('',#10021,(#10025,#10031),.PCURVE_S1.);
#10021 = LINE('',#10022,#10023);
#10022 = CARTESIAN_POINT('',(52.444602395616,53.625,-1.));
#10023 = VECTOR('',#10024,1.);
#10024 = DIRECTION('',(-0.,-0.,-1.));
#10025 = PCURVE('',#1598,#10026);
#10026 = DEFINITIONAL_REPRESENTATION('',(#10027),#10030);
#10027 = B_SPLINE_CURVE_WITH_KNOTS('',1,(#10028,#10029),.UNSPECIFIED.,
  .F.,.F.,(2,2),(-1.1,5.999999999062E-07),.PIECEWISE_BEZIER_KNOTS.);
#10028 = CARTESIAN_POINT('',(217.84460239561,-1.1));
#10029 = CARTESIAN_POINT('',(217.84460239561,5.999999999062E-07));
#10030 = ( GEOMETRIC_REPRESENTATION_CONTEXT(2) 
PARAMETRIC_REPRESENTATION_CONTEXT() REPRESENTATION_CONTEXT('2D SPACE',''
  ) );
#10031 = PCURVE('',#1627,#10032);
#10032 = DEFINITIONAL_REPRESENTATION('',(#10033),#10036);
#10033 = B_SPLINE_CURVE_WITH_KNOTS('',1,(#10034,#10035),.UNSPECIFIED.,
  .F.,.F.,(2,2),(-1.1,5.999999999062E-07),.PIECEWISE_BEZIER_KNOTS.);
#10034 = CARTESIAN_POINT('',(-2.576239223352,-1.1));
#10035 = CARTESIAN_POINT('',(-2.576239223352,5.999999999062E-07));
#10036 = ( GEOMETRIC_REPRESENTATION_CONTEXT(2) 
PARAMETRIC_REPRESENTATION_CONTEXT() REPRESENTATION_CONTEXT('2D SPACE',''
  ) );
#10037 = ADVANCED_FACE('',(#10038),#1627,.F.);
#10038 = FACE_BOUND('',#10039,.T.);
#10039 = EDGE_LOOP('',(#10040,#10041,#10064,#10091,#10092,#10093,#10094,
    #10095));
#10040 = ORIENTED_EDGE('',*,*,#1852,.T.);
#10041 = ORIENTED_EDGE('',*,*,#10042,.T.);
#10042 = EDGE_CURVE('',#1853,#10043,#10045,.T.);
#10043 = VERTEX_POINT('',#10044);
#10044 = CARTESIAN_POINT('',(58.9,51.75,1.));
#10045 = SEAM_CURVE('',#10046,(#10050,#10057),.PCURVE_S1.);
#10046 = LINE('',#10047,#10048);
#10047 = CARTESIAN_POINT('',(58.9,51.75,-1.));
#10048 = VECTOR('',#10049,1.);
#10049 = DIRECTION('',(0.,0.,1.));
#10050 = PCURVE('',#1627,#10051);
#10051 = DEFINITIONAL_REPRESENTATION('',(#10052),#10056);
#10052 = LINE('',#10053,#10054);
#10053 = CARTESIAN_POINT('',(-6.28318530718,0.));
#10054 = VECTOR('',#10055,1.);
#10055 = DIRECTION('',(-0.,-1.));
#10056 = ( GEOMETRIC_REPRESENTATION_CONTEXT(2) 
PARAMETRIC_REPRESENTATION_CONTEXT() REPRESENTATION_CONTEXT('2D SPACE',''
  ) );
#10057 = PCURVE('',#1627,#10058);
#10058 = DEFINITIONAL_REPRESENTATION('',(#10059),#10063);
#10059 = LINE('',#10060,#10061);
#10060 = CARTESIAN_POINT('',(-0.,0.));
#10061 = VECTOR('',#10062,1.);
#10062 = DIRECTION('',(-0.,-1.));
#10063 = ( GEOMETRIC_REPRESENTATION_CONTEXT(2) 
PARAMETRIC_REPRESENTATION_CONTEXT() REPRESENTATION_CONTEXT('2D SPACE',''
  ) );
#10064 = ORIENTED_EDGE('',*,*,#10065,.T.);
#10065 = EDGE_CURVE('',#10043,#10043,#10066,.T.);
#10066 = SURFACE_CURVE('',#10067,(#10072,#10079),.PCURVE_S1.);
#10067 = CIRCLE('',#10068,3.5);
#10068 = AXIS2_PLACEMENT_3D('',#10069,#10070,#10071);
#10069 = CARTESIAN_POINT('',(55.4,51.75,1.));
#10070 = DIRECTION('',(0.,0.,1.));
#10071 = DIRECTION('',(1.,0.,0.));
#10072 = PCURVE('',#1627,#10073);
#10073 = DEFINITIONAL_REPRESENTATION('',(#10074),#10078);
#10074 = LINE('',#10075,#10076);
#10075 = CARTESIAN_POINT('',(-0.,-2.));
#10076 = VECTOR('',#10077,1.);
#10077 = DIRECTION('',(-1.,0.));
#10078 = ( GEOMETRIC_REPRESENTATION_CONTEXT(2) 
PARAMETRIC_REPRESENTATION_CONTEXT() REPRESENTATION_CONTEXT('2D SPACE',''
  ) );
#10079 = PCURVE('',#10080,#10085);
#10080 = PLANE('',#10081);
#10081 = AXIS2_PLACEMENT_3D('',#10082,#10083,#10084);
#10082 = CARTESIAN_POINT('',(55.4,51.75,1.));
#10083 = DIRECTION('',(0.,0.,1.));
#10084 = DIRECTION('',(1.,0.,-0.));
#10085 = DEFINITIONAL_REPRESENTATION('',(#10086),#10090);
#10086 = CIRCLE('',#10087,3.5);
#10087 = AXIS2_PLACEMENT_2D('',#10088,#10089);
#10088 = CARTESIAN_POINT('',(0.,0.));
#10089 = DIRECTION('',(1.,0.));
#10090 = ( GEOMETRIC_REPRESENTATION_CONTEXT(2) 
PARAMETRIC_REPRESENTATION_CONTEXT() REPRESENTATION_CONTEXT('2D SPACE',''
  ) );
#10091 = ORIENTED_EDGE('',*,*,#10042,.F.);
#10092 = ORIENTED_EDGE('',*,*,#1880,.T.);
#10093 = ORIENTED_EDGE('',*,*,#10019,.T.);
#10094 = ORIENTED_EDGE('',*,*,#1610,.F.);
#10095 = ORIENTED_EDGE('',*,*,#1781,.F.);
#10096 = ADVANCED_FACE('',(#10097),#1734,.F.);
#10097 = FACE_BOUND('',#10098,.T.);
#10098 = EDGE_LOOP('',(#10099,#10100,#10123,#10154));
#10099 = ORIENTED_EDGE('',*,*,#1717,.F.);
#10100 = ORIENTED_EDGE('',*,*,#10101,.T.);
#10101 = EDGE_CURVE('',#1718,#10102,#10104,.T.);
#10102 = VERTEX_POINT('',#10103);
#10103 = CARTESIAN_POINT('',(-153.675,56.125,0.8));
#10104 = SEAM_CURVE('',#10105,(#10109,#10116),.PCURVE_S1.);
#10105 = LINE('',#10106,#10107);
#10106 = CARTESIAN_POINT('',(-153.675,56.125,-1.));
#10107 = VECTOR('',#10108,1.);
#10108 = DIRECTION('',(0.,0.,1.));
#10109 = PCURVE('',#1734,#10110);
#10110 = DEFINITIONAL_REPRESENTATION('',(#10111),#10115);
#10111 = LINE('',#10112,#10113);
#10112 = CARTESIAN_POINT('',(-6.28318530718,0.));
#10113 = VECTOR('',#10114,1.);
#10114 = DIRECTION('',(-0.,-1.));
#10115 = ( GEOMETRIC_REPRESENTATION_CONTEXT(2) 
PARAMETRIC_REPRESENTATION_CONTEXT() REPRESENTATION_CONTEXT('2D SPACE',''
  ) );
#10116 = PCURVE('',#1734,#10117);
#10117 = DEFINITIONAL_REPRESENTATION('',(#10118),#10122);
#10118 = LINE('',#10119,#10120);
#10119 = CARTESIAN_POINT('',(-0.,0.));
#10120 = VECTOR('',#10121,1.);
#10121 = DIRECTION('',(-0.,-1.));
#10122 = ( GEOMETRIC_REPRESENTATION_CONTEXT(2) 
PARAMETRIC_REPRESENTATION_CONTEXT() REPRESENTATION_CONTEXT('2D SPACE',''
  ) );
#10123 = ORIENTED_EDGE('',*,*,#10124,.F.);
#10124 = EDGE_CURVE('',#10102,#10102,#10125,.T.);
#10125 = SURFACE_CURVE('',#10126,(#10131,#10138),.PCURVE_S1.);
#10126 = CIRCLE('',#10127,1.2);
#10127 = AXIS2_PLACEMENT_3D('',#10128,#10129,#10130);
#10128 = CARTESIAN_POINT('',(-154.875,56.125,0.8));
#10129 = DIRECTION('',(0.,0.,-1.));
#10130 = DIRECTION('',(1.,0.,0.));
#10131 = PCURVE('',#1734,#10132);
#10132 = DEFINITIONAL_REPRESENTATION('',(#10133),#10137);
#10133 = LINE('',#10134,#10135);
#10134 = CARTESIAN_POINT('',(-6.28318530718,-1.8));
#10135 = VECTOR('',#10136,1.);
#10136 = DIRECTION('',(1.,-0.));
#10137 = ( GEOMETRIC_REPRESENTATION_CONTEXT(2) 
PARAMETRIC_REPRESENTATION_CONTEXT() REPRESENTATION_CONTEXT('2D SPACE',''
  ) );
#10138 = PCURVE('',#10139,#10144);
#10139 = PLANE('',#10140);
#10140 = AXIS2_PLACEMENT_3D('',#10141,#10142,#10143);
#10141 = CARTESIAN_POINT('',(-154.875,56.125,0.8));
#10142 = DIRECTION('',(0.,0.,1.));
#10143 = DIRECTION('',(1.,0.,-0.));
#10144 = DEFINITIONAL_REPRESENTATION('',(#10145),#10153);
#10145 = ( BOUNDED_CURVE() B_SPLINE_CURVE(2,(#10146,#10147,#10148,#10149
    ,#10150,#10151,#10152),.UNSPECIFIED.,.T.,.F.) 
B_SPLINE_CURVE_WITH_KNOTS((1,2,2,2,2,1),(-2.094395102393,0.,
    2.094395102393,4.188790204786,6.28318530718,8.377580409573),
.UNSPECIFIED.) CURVE() GEOMETRIC_REPRESENTATION_ITEM() 
RATIONAL_B_SPLINE_CURVE((1.,0.5,1.,0.5,1.,0.5,1.)) REPRESENTATION_ITEM(
  '') );
#10146 = CARTESIAN_POINT('',(1.2,0.));
#10147 = CARTESIAN_POINT('',(1.2,-2.078460969083));
#10148 = CARTESIAN_POINT('',(-0.6,-1.039230484541));
#10149 = CARTESIAN_POINT('',(-2.4,-2.939152317954E-16));
#10150 = CARTESIAN_POINT('',(-0.6,1.039230484541));
#10151 = CARTESIAN_POINT('',(1.2,2.078460969083));
#10152 = CARTESIAN_POINT('',(1.2,0.));
#10153 = ( GEOMETRIC_REPRESENTATION_CONTEXT(2) 
PARAMETRIC_REPRESENTATION_CONTEXT() REPRESENTATION_CONTEXT('2D SPACE',''
  ) );
#10154 = ORIENTED_EDGE('',*,*,#10101,.F.);
#10155 = ADVANCED_FACE('',(#10156),#1765,.F.);
#10156 = FACE_BOUND('',#10157,.T.);
#10157 = EDGE_LOOP('',(#10158,#10159,#10182,#10213));
#10158 = ORIENTED_EDGE('',*,*,#1748,.F.);
#10159 = ORIENTED_EDGE('',*,*,#10160,.T.);
#10160 = EDGE_CURVE('',#1749,#10161,#10163,.T.);
#10161 = VERTEX_POINT('',#10162);
#10162 = CARTESIAN_POINT('',(157.075,56.125,0.8));
#10163 = SEAM_CURVE('',#10164,(#10168,#10175),.PCURVE_S1.);
#10164 = LINE('',#10165,#10166);
#10165 = CARTESIAN_POINT('',(157.075,56.125,-1.));
#10166 = VECTOR('',#10167,1.);
#10167 = DIRECTION('',(0.,0.,1.));
#10168 = PCURVE('',#1765,#10169);
#10169 = DEFINITIONAL_REPRESENTATION('',(#10170),#10174);
#10170 = LINE('',#10171,#10172);
#10171 = CARTESIAN_POINT('',(-6.28318530718,0.));
#10172 = VECTOR('',#10173,1.);
#10173 = DIRECTION('',(-0.,-1.));
#10174 = ( GEOMETRIC_REPRESENTATION_CONTEXT(2) 
PARAMETRIC_REPRESENTATION_CONTEXT() REPRESENTATION_CONTEXT('2D SPACE',''
  ) );
#10175 = PCURVE('',#1765,#10176);
#10176 = DEFINITIONAL_REPRESENTATION('',(#10177),#10181);
#10177 = LINE('',#10178,#10179);
#10178 = CARTESIAN_POINT('',(-0.,0.));
#10179 = VECTOR('',#10180,1.);
#10180 = DIRECTION('',(-0.,-1.));
#10181 = ( GEOMETRIC_REPRESENTATION_CONTEXT(2) 
PARAMETRIC_REPRESENTATION_CONTEXT() REPRESENTATION_CONTEXT('2D SPACE',''
  ) );
#10182 = ORIENTED_EDGE('',*,*,#10183,.F.);
#10183 = EDGE_CURVE('',#10161,#10161,#10184,.T.);
#10184 = SURFACE_CURVE('',#10185,(#10190,#10197),.PCURVE_S1.);
#10185 = CIRCLE('',#10186,1.2);
#10186 = AXIS2_PLACEMENT_3D('',#10187,#10188,#10189);
#10187 = CARTESIAN_POINT('',(155.875,56.125,0.8));
#10188 = DIRECTION('',(0.,0.,-1.));
#10189 = DIRECTION('',(1.,0.,0.));
#10190 = PCURVE('',#1765,#10191);
#10191 = DEFINITIONAL_REPRESENTATION('',(#10192),#10196);
#10192 = LINE('',#10193,#10194);
#10193 = CARTESIAN_POINT('',(-6.28318530718,-1.8));
#10194 = VECTOR('',#10195,1.);
#10195 = DIRECTION('',(1.,-0.));
#10196 = ( GEOMETRIC_REPRESENTATION_CONTEXT(2) 
PARAMETRIC_REPRESENTATION_CONTEXT() REPRESENTATION_CONTEXT('2D SPACE',''
  ) );
#10197 = PCURVE('',#10198,#10203);
#10198 = PLANE('',#10199);
#10199 = AXIS2_PLACEMENT_3D('',#10200,#10201,#10202);
#10200 = CARTESIAN_POINT('',(155.875,56.125,0.8));
#10201 = DIRECTION('',(0.,0.,1.));
#10202 = DIRECTION('',(1.,0.,-0.));
#10203 = DEFINITIONAL_REPRESENTATION('',(#10204),#10212);
#10204 = ( BOUNDED_CURVE() B_SPLINE_CURVE(2,(#10205,#10206,#10207,#10208
    ,#10209,#10210,#10211),.UNSPECIFIED.,.T.,.F.) 
B_SPLINE_CURVE_WITH_KNOTS((1,2,2,2,2,1),(-2.094395102393,0.,
    2.094395102393,4.188790204786,6.28318530718,8.377580409573),
.UNSPECIFIED.) CURVE() GEOMETRIC_REPRESENTATION_ITEM() 
RATIONAL_B_SPLINE_CURVE((1.,0.5,1.,0.5,1.,0.5,1.)) REPRESENTATION_ITEM(
  '') );
#10205 = CARTESIAN_POINT('',(1.2,0.));
#10206 = CARTESIAN_POINT('',(1.2,-2.078460969083));
#10207 = CARTESIAN_POINT('',(-0.6,-1.039230484541));
#10208 = CARTESIAN_POINT('',(-2.4,-2.939152317954E-16));
#10209 = CARTESIAN_POINT('',(-0.6,1.039230484541));
#10210 = CARTESIAN_POINT('',(1.2,2.078460969083));
#10211 = CARTESIAN_POINT('',(1.2,0.));
#10212 = ( GEOMETRIC_REPRESENTATION_CONTEXT(2) 
PARAMETRIC_REPRESENTATION_CONTEXT() REPRESENTATION_CONTEXT('2D SPACE',''
  ) );
#10213 = ORIENTED_EDGE('',*,*,#10160,.F.);
#10214 = ADVANCED_FACE('',(#10215),#2435,.T.);
#10215 = FACE_BOUND('',#10216,.T.);
#10216 = EDGE_LOOP('',(#10217,#10218,#10219,#10220));
#10217 = ORIENTED_EDGE('',*,*,#2418,.T.);
#10218 = ORIENTED_EDGE('',*,*,#9090,.T.);
#10219 = ORIENTED_EDGE('',*,*,#5885,.F.);
#10220 = ORIENTED_EDGE('',*,*,#10221,.F.);
#10221 = EDGE_CURVE('',#2391,#5863,#10222,.T.);
#10222 = SURFACE_CURVE('',#10223,(#10227,#10234),.PCURVE_S1.);
#10223 = LINE('',#10224,#10225);
#10224 = CARTESIAN_POINT('',(31.625,-59.,0.));
#10225 = VECTOR('',#10226,1.);
#10226 = DIRECTION('',(0.,-0.,1.));
#10227 = PCURVE('',#2435,#10228);
#10228 = DEFINITIONAL_REPRESENTATION('',(#10229),#10233);
#10229 = LINE('',#10230,#10231);
#10230 = CARTESIAN_POINT('',(0.,0.));
#10231 = VECTOR('',#10232,1.);
#10232 = DIRECTION('',(0.,1.));
#10233 = ( GEOMETRIC_REPRESENTATION_CONTEXT(2) 
PARAMETRIC_REPRESENTATION_CONTEXT() REPRESENTATION_CONTEXT('2D SPACE',''
  ) );
#10234 = PCURVE('',#2406,#10235);
#10235 = DEFINITIONAL_REPRESENTATION('',(#10236),#10240);
#10236 = LINE('',#10237,#10238);
#10237 = CARTESIAN_POINT('',(2.5,0.));
#10238 = VECTOR('',#10239,1.);
#10239 = DIRECTION('',(0.,-1.));
#10240 = ( GEOMETRIC_REPRESENTATION_CONTEXT(2) 
PARAMETRIC_REPRESENTATION_CONTEXT() REPRESENTATION_CONTEXT('2D SPACE',''
  ) );
#10241 = ADVANCED_FACE('',(#10242),#2406,.T.);
#10242 = FACE_BOUND('',#10243,.T.);
#10243 = EDGE_LOOP('',(#10244,#10245,#10246,#10247));
#10244 = ORIENTED_EDGE('',*,*,#2390,.F.);
#10245 = ORIENTED_EDGE('',*,*,#10221,.T.);
#10246 = ORIENTED_EDGE('',*,*,#5862,.T.);
#10247 = ORIENTED_EDGE('',*,*,#10248,.F.);
#10248 = EDGE_CURVE('',#2362,#5839,#10249,.T.);
#10249 = SURFACE_CURVE('',#10250,(#10254,#10261),.PCURVE_S1.);
#10250 = LINE('',#10251,#10252);
#10251 = CARTESIAN_POINT('',(31.625,-56.5,0.));
#10252 = VECTOR('',#10253,1.);
#10253 = DIRECTION('',(0.,0.,1.));
#10254 = PCURVE('',#2406,#10255);
#10255 = DEFINITIONAL_REPRESENTATION('',(#10256),#10260);
#10256 = LINE('',#10257,#10258);
#10257 = CARTESIAN_POINT('',(5.,0.));
#10258 = VECTOR('',#10259,1.);
#10259 = DIRECTION('',(0.,-1.));
#10260 = ( GEOMETRIC_REPRESENTATION_CONTEXT(2) 
PARAMETRIC_REPRESENTATION_CONTEXT() REPRESENTATION_CONTEXT('2D SPACE',''
  ) );
#10261 = PCURVE('',#2378,#10262);
#10262 = DEFINITIONAL_REPRESENTATION('',(#10263),#10267);
#10263 = LINE('',#10264,#10265);
#10264 = CARTESIAN_POINT('',(0.,0.));
#10265 = VECTOR('',#10266,1.);
#10266 = DIRECTION('',(0.,1.));
#10267 = ( GEOMETRIC_REPRESENTATION_CONTEXT(2) 
PARAMETRIC_REPRESENTATION_CONTEXT() REPRESENTATION_CONTEXT('2D SPACE',''
  ) );
#10268 = ADVANCED_FACE('',(#10269),#2378,.F.);
#10269 = FACE_BOUND('',#10270,.F.);
#10270 = EDGE_LOOP('',(#10271,#10272,#10293,#10294));
#10271 = ORIENTED_EDGE('',*,*,#2361,.T.);
#10272 = ORIENTED_EDGE('',*,*,#10273,.T.);
#10273 = EDGE_CURVE('',#2334,#5816,#10274,.T.);
#10274 = SURFACE_CURVE('',#10275,(#10279,#10286),.PCURVE_S1.);
#10275 = LINE('',#10276,#10277);
#10276 = CARTESIAN_POINT('',(29.625,-54.5,0.));
#10277 = VECTOR('',#10278,1.);
#10278 = DIRECTION('',(0.,0.,1.));
#10279 = PCURVE('',#2378,#10280);
#10280 = DEFINITIONAL_REPRESENTATION('',(#10281),#10285);
#10281 = LINE('',#10282,#10283);
#10282 = CARTESIAN_POINT('',(1.570796326795,0.));
#10283 = VECTOR('',#10284,1.);
#10284 = DIRECTION('',(0.,1.));
#10285 = ( GEOMETRIC_REPRESENTATION_CONTEXT(2) 
PARAMETRIC_REPRESENTATION_CONTEXT() REPRESENTATION_CONTEXT('2D SPACE',''
  ) );
#10286 = PCURVE('',#2349,#10287);
#10287 = DEFINITIONAL_REPRESENTATION('',(#10288),#10292);
#10288 = LINE('',#10289,#10290);
#10289 = CARTESIAN_POINT('',(2.,0.));
#10290 = VECTOR('',#10291,1.);
#10291 = DIRECTION('',(0.,-1.));
#10292 = ( GEOMETRIC_REPRESENTATION_CONTEXT(2) 
PARAMETRIC_REPRESENTATION_CONTEXT() REPRESENTATION_CONTEXT('2D SPACE',''
  ) );
#10293 = ORIENTED_EDGE('',*,*,#5838,.F.);
#10294 = ORIENTED_EDGE('',*,*,#10248,.F.);
#10295 = ADVANCED_FACE('',(#10296),#2349,.T.);
#10296 = FACE_BOUND('',#10297,.T.);
#10297 = EDGE_LOOP('',(#10298,#10299,#10300,#10301));
#10298 = ORIENTED_EDGE('',*,*,#2333,.F.);
#10299 = ORIENTED_EDGE('',*,*,#10273,.T.);
#10300 = ORIENTED_EDGE('',*,*,#5815,.T.);
#10301 = ORIENTED_EDGE('',*,*,#10302,.F.);
#10302 = EDGE_CURVE('',#2301,#5788,#10303,.T.);
#10303 = SURFACE_CURVE('',#10304,(#10308,#10315),.PCURVE_S1.);
#10304 = LINE('',#10305,#10306);
#10305 = CARTESIAN_POINT('',(10.375,-54.5,0.));
#10306 = VECTOR('',#10307,1.);
#10307 = DIRECTION('',(0.,0.,1.));
#10308 = PCURVE('',#2349,#10309);
#10309 = DEFINITIONAL_REPRESENTATION('',(#10310),#10314);
#10310 = LINE('',#10311,#10312);
#10311 = CARTESIAN_POINT('',(21.25,0.));
#10312 = VECTOR('',#10313,1.);
#10313 = DIRECTION('',(0.,-1.));
#10314 = ( GEOMETRIC_REPRESENTATION_CONTEXT(2) 
PARAMETRIC_REPRESENTATION_CONTEXT() REPRESENTATION_CONTEXT('2D SPACE',''
  ) );
#10315 = PCURVE('',#2321,#10316);
#10316 = DEFINITIONAL_REPRESENTATION('',(#10317),#10321);
#10317 = LINE('',#10318,#10319);
#10318 = CARTESIAN_POINT('',(-1.570796326795,0.));
#10319 = VECTOR('',#10320,1.);
#10320 = DIRECTION('',(-0.,1.));
#10321 = ( GEOMETRIC_REPRESENTATION_CONTEXT(2) 
PARAMETRIC_REPRESENTATION_CONTEXT() REPRESENTATION_CONTEXT('2D SPACE',''
  ) );
#10322 = ADVANCED_FACE('',(#10323),#2321,.F.);
#10323 = FACE_BOUND('',#10324,.T.);
#10324 = EDGE_LOOP('',(#10325,#10326,#10327,#10328));
#10325 = ORIENTED_EDGE('',*,*,#2300,.T.);
#10326 = ORIENTED_EDGE('',*,*,#10302,.T.);
#10327 = ORIENTED_EDGE('',*,*,#5787,.F.);
#10328 = ORIENTED_EDGE('',*,*,#10329,.F.);
#10329 = EDGE_CURVE('',#2273,#5765,#10330,.T.);
#10330 = SURFACE_CURVE('',#10331,(#10335,#10342),.PCURVE_S1.);
#10331 = LINE('',#10332,#10333);
#10332 = CARTESIAN_POINT('',(8.375,-56.5,0.));
#10333 = VECTOR('',#10334,1.);
#10334 = DIRECTION('',(0.,0.,1.));
#10335 = PCURVE('',#2321,#10336);
#10336 = DEFINITIONAL_REPRESENTATION('',(#10337),#10341);
#10337 = LINE('',#10338,#10339);
#10338 = CARTESIAN_POINT('',(-0.,0.));
#10339 = VECTOR('',#10340,1.);
#10340 = DIRECTION('',(-0.,1.));
#10341 = ( GEOMETRIC_REPRESENTATION_CONTEXT(2) 
PARAMETRIC_REPRESENTATION_CONTEXT() REPRESENTATION_CONTEXT('2D SPACE',''
  ) );
#10342 = PCURVE('',#2288,#10343);
#10343 = DEFINITIONAL_REPRESENTATION('',(#10344),#10348);
#10344 = LINE('',#10345,#10346);
#10345 = CARTESIAN_POINT('',(2.,0.));
#10346 = VECTOR('',#10347,1.);
#10347 = DIRECTION('',(0.,-1.));
#10348 = ( GEOMETRIC_REPRESENTATION_CONTEXT(2) 
PARAMETRIC_REPRESENTATION_CONTEXT() REPRESENTATION_CONTEXT('2D SPACE',''
  ) );
#10349 = ADVANCED_FACE('',(#10350),#2082,.F.);
#10350 = FACE_BOUND('',#10351,.F.);
#10351 = EDGE_LOOP('',(#10352,#10375,#10394,#10395));
#10352 = ORIENTED_EDGE('',*,*,#10353,.F.);
#10353 = EDGE_CURVE('',#10354,#9794,#10356,.T.);
#10354 = VERTEX_POINT('',#10355);
#10355 = CARTESIAN_POINT('',(-56.87985272676,-53.625,-1.));
#10356 = SURFACE_CURVE('',#10357,(#10361,#10368),.PCURVE_S1.);
#10357 = LINE('',#10358,#10359);
#10358 = CARTESIAN_POINT('',(167.4,-53.625,-1.));
#10359 = VECTOR('',#10360,1.);
#10360 = DIRECTION('',(-1.,0.,0.));
#10361 = PCURVE('',#2082,#10362);
#10362 = DEFINITIONAL_REPRESENTATION('',(#10363),#10367);
#10363 = LINE('',#10364,#10365);
#10364 = CARTESIAN_POINT('',(0.,-0.));
#10365 = VECTOR('',#10366,1.);
#10366 = DIRECTION('',(1.,0.));
#10367 = ( GEOMETRIC_REPRESENTATION_CONTEXT(2) 
PARAMETRIC_REPRESENTATION_CONTEXT() REPRESENTATION_CONTEXT('2D SPACE',''
  ) );
#10368 = PCURVE('',#9495,#10369);
#10369 = DEFINITIONAL_REPRESENTATION('',(#10370),#10374);
#10370 = LINE('',#10371,#10372);
#10371 = CARTESIAN_POINT('',(166.4,3.4375));
#10372 = VECTOR('',#10373,1.);
#10373 = DIRECTION('',(-1.,0.));
#10374 = ( GEOMETRIC_REPRESENTATION_CONTEXT(2) 
PARAMETRIC_REPRESENTATION_CONTEXT() REPRESENTATION_CONTEXT('2D SPACE',''
  ) );
#10375 = ORIENTED_EDGE('',*,*,#10376,.F.);
#10376 = EDGE_CURVE('',#2067,#10354,#10377,.T.);
#10377 = SURFACE_CURVE('',#10378,(#10382,#10388),.PCURVE_S1.);
#10378 = LINE('',#10379,#10380);
#10379 = CARTESIAN_POINT('',(-56.87985272676,-53.625,-1.));
#10380 = VECTOR('',#10381,1.);
#10381 = DIRECTION('',(-0.,-0.,-1.));
#10382 = PCURVE('',#2082,#10383);
#10383 = DEFINITIONAL_REPRESENTATION('',(#10384),#10387);
#10384 = B_SPLINE_CURVE_WITH_KNOTS('',1,(#10385,#10386),.UNSPECIFIED.,
  .F.,.F.,(2,2),(-1.1,5.999999999062E-07),.PIECEWISE_BEZIER_KNOTS.);
#10385 = CARTESIAN_POINT('',(224.27985272676,-1.1));
#10386 = CARTESIAN_POINT('',(224.27985272676,5.999999999062E-07));
#10387 = ( GEOMETRIC_REPRESENTATION_CONTEXT(2) 
PARAMETRIC_REPRESENTATION_CONTEXT() REPRESENTATION_CONTEXT('2D SPACE',''
  ) );
#10388 = PCURVE('',#2115,#10389);
#10389 = DEFINITIONAL_REPRESENTATION('',(#10390),#10393);
#10390 = B_SPLINE_CURVE_WITH_KNOTS('',1,(#10391,#10392),.UNSPECIFIED.,
  .F.,.F.,(2,2),(-1.1,5.999999999062E-07),.PIECEWISE_BEZIER_KNOTS.);
#10391 = CARTESIAN_POINT('',(-3.248941569692,-1.1));
#10392 = CARTESIAN_POINT('',(-3.248941569692,5.999999999062E-07));
#10393 = ( GEOMETRIC_REPRESENTATION_CONTEXT(2) 
PARAMETRIC_REPRESENTATION_CONTEXT() REPRESENTATION_CONTEXT('2D SPACE',''
  ) );
#10394 = ORIENTED_EDGE('',*,*,#2066,.T.);
#10395 = ORIENTED_EDGE('',*,*,#9793,.T.);
#10396 = ADVANCED_FACE('',(#10397),#2288,.T.);
#10397 = FACE_BOUND('',#10398,.T.);
#10398 = EDGE_LOOP('',(#10399,#10400,#10401,#10402));
#10399 = ORIENTED_EDGE('',*,*,#2272,.F.);
#10400 = ORIENTED_EDGE('',*,*,#10329,.T.);
#10401 = ORIENTED_EDGE('',*,*,#5764,.T.);
#10402 = ORIENTED_EDGE('',*,*,#10403,.T.);
#10403 = EDGE_CURVE('',#5737,#2240,#10404,.T.);
#10404 = SURFACE_CURVE('',#10405,(#10409,#10416),.PCURVE_S1.);
#10405 = LINE('',#10406,#10407);
#10406 = CARTESIAN_POINT('',(8.375,-59.,3.));
#10407 = VECTOR('',#10408,1.);
#10408 = DIRECTION('',(-0.,0.,-1.));
#10409 = PCURVE('',#2288,#10410);
#10410 = DEFINITIONAL_REPRESENTATION('',(#10411),#10415);
#10411 = LINE('',#10412,#10413);
#10412 = CARTESIAN_POINT('',(4.5,-3.));
#10413 = VECTOR('',#10414,1.);
#10414 = DIRECTION('',(-0.,1.));
#10415 = ( GEOMETRIC_REPRESENTATION_CONTEXT(2) 
PARAMETRIC_REPRESENTATION_CONTEXT() REPRESENTATION_CONTEXT('2D SPACE',''
  ) );
#10416 = PCURVE('',#2260,#10417);
#10417 = DEFINITIONAL_REPRESENTATION('',(#10418),#10422);
#10418 = LINE('',#10419,#10420);
#10419 = CARTESIAN_POINT('',(0.,0.));
#10420 = VECTOR('',#10421,1.);
#10421 = DIRECTION('',(0.,1.));
#10422 = ( GEOMETRIC_REPRESENTATION_CONTEXT(2) 
PARAMETRIC_REPRESENTATION_CONTEXT() REPRESENTATION_CONTEXT('2D SPACE',''
  ) );
#10423 = ADVANCED_FACE('',(#10424),#2115,.F.);
#10424 = FACE_BOUND('',#10425,.T.);
#10425 = EDGE_LOOP('',(#10426,#10427,#10450,#10477,#10478,#10479,#10500,
    #10522));
#10426 = ORIENTED_EDGE('',*,*,#2094,.T.);
#10427 = ORIENTED_EDGE('',*,*,#10428,.T.);
#10428 = EDGE_CURVE('',#2095,#10429,#10431,.T.);
#10429 = VERTEX_POINT('',#10430);
#10430 = CARTESIAN_POINT('',(-49.9,-53.25,1.));
#10431 = SEAM_CURVE('',#10432,(#10436,#10443),.PCURVE_S1.);
#10432 = LINE('',#10433,#10434);
#10433 = CARTESIAN_POINT('',(-49.9,-53.25,-1.));
#10434 = VECTOR('',#10435,1.);
#10435 = DIRECTION('',(0.,0.,1.));
#10436 = PCURVE('',#2115,#10437);
#10437 = DEFINITIONAL_REPRESENTATION('',(#10438),#10442);
#10438 = LINE('',#10439,#10440);
#10439 = CARTESIAN_POINT('',(-6.28318530718,0.));
#10440 = VECTOR('',#10441,1.);
#10441 = DIRECTION('',(-0.,-1.));
#10442 = ( GEOMETRIC_REPRESENTATION_CONTEXT(2) 
PARAMETRIC_REPRESENTATION_CONTEXT() REPRESENTATION_CONTEXT('2D SPACE',''
  ) );
#10443 = PCURVE('',#2115,#10444);
#10444 = DEFINITIONAL_REPRESENTATION('',(#10445),#10449);
#10445 = LINE('',#10446,#10447);
#10446 = CARTESIAN_POINT('',(-0.,0.));
#10447 = VECTOR('',#10448,1.);
#10448 = DIRECTION('',(-0.,-1.));
#10449 = ( GEOMETRIC_REPRESENTATION_CONTEXT(2) 
PARAMETRIC_REPRESENTATION_CONTEXT() REPRESENTATION_CONTEXT('2D SPACE',''
  ) );
#10450 = ORIENTED_EDGE('',*,*,#10451,.T.);
#10451 = EDGE_CURVE('',#10429,#10429,#10452,.T.);
#10452 = SURFACE_CURVE('',#10453,(#10458,#10465),.PCURVE_S1.);
#10453 = CIRCLE('',#10454,3.5);
#10454 = AXIS2_PLACEMENT_3D('',#10455,#10456,#10457);
#10455 = CARTESIAN_POINT('',(-53.4,-53.25,1.));
#10456 = DIRECTION('',(0.,0.,1.));
#10457 = DIRECTION('',(1.,0.,0.));
#10458 = PCURVE('',#2115,#10459);
#10459 = DEFINITIONAL_REPRESENTATION('',(#10460),#10464);
#10460 = LINE('',#10461,#10462);
#10461 = CARTESIAN_POINT('',(-0.,-2.));
#10462 = VECTOR('',#10463,1.);
#10463 = DIRECTION('',(-1.,0.));
#10464 = ( GEOMETRIC_REPRESENTATION_CONTEXT(2) 
PARAMETRIC_REPRESENTATION_CONTEXT() REPRESENTATION_CONTEXT('2D SPACE',''
  ) );
#10465 = PCURVE('',#10466,#10471);
#10466 = PLANE('',#10467);
#10467 = AXIS2_PLACEMENT_3D('',#10468,#10469,#10470);
#10468 = CARTESIAN_POINT('',(-53.4,-53.25,1.));
#10469 = DIRECTION('',(0.,0.,1.));
#10470 = DIRECTION('',(1.,0.,-0.));
#10471 = DEFINITIONAL_REPRESENTATION('',(#10472),#10476);
#10472 = CIRCLE('',#10473,3.5);
#10473 = AXIS2_PLACEMENT_2D('',#10474,#10475);
#10474 = CARTESIAN_POINT('',(0.,0.));
#10475 = DIRECTION('',(1.,0.));
#10476 = ( GEOMETRIC_REPRESENTATION_CONTEXT(2) 
PARAMETRIC_REPRESENTATION_CONTEXT() REPRESENTATION_CONTEXT('2D SPACE',''
  ) );
#10477 = ORIENTED_EDGE('',*,*,#10428,.F.);
#10478 = ORIENTED_EDGE('',*,*,#2127,.T.);
#10479 = ORIENTED_EDGE('',*,*,#10480,.T.);
#10480 = EDGE_CURVE('',#2128,#10481,#10483,.T.);
#10481 = VERTEX_POINT('',#10482);
#10482 = CARTESIAN_POINT('',(-49.92014727323,-53.625,-1.));
#10483 = SURFACE_CURVE('',#10484,(#10488,#10494),.PCURVE_S1.);
#10484 = LINE('',#10485,#10486);
#10485 = CARTESIAN_POINT('',(-49.92014727323,-53.625,-1.));
#10486 = VECTOR('',#10487,1.);
#10487 = DIRECTION('',(-0.,-0.,-1.));
#10488 = PCURVE('',#2115,#10489);
#10489 = DEFINITIONAL_REPRESENTATION('',(#10490),#10493);
#10490 = B_SPLINE_CURVE_WITH_KNOTS('',1,(#10491,#10492),.UNSPECIFIED.,
  .F.,.F.,(2,2),(-1.1,5.999999999062E-07),.PIECEWISE_BEZIER_KNOTS.);
#10491 = CARTESIAN_POINT('',(-6.175836391078,-1.1));
#10492 = CARTESIAN_POINT('',(-6.175836391078,5.999999999062E-07));
#10493 = ( GEOMETRIC_REPRESENTATION_CONTEXT(2) 
PARAMETRIC_REPRESENTATION_CONTEXT() REPRESENTATION_CONTEXT('2D SPACE',''
  ) );
#10494 = PCURVE('',#2171,#10495);
#10495 = DEFINITIONAL_REPRESENTATION('',(#10496),#10499);
#10496 = B_SPLINE_CURVE_WITH_KNOTS('',1,(#10497,#10498),.UNSPECIFIED.,
  .F.,.F.,(2,2),(-1.1,5.999999999062E-07),.PIECEWISE_BEZIER_KNOTS.);
#10497 = CARTESIAN_POINT('',(217.32014727323,-1.1));
#10498 = CARTESIAN_POINT('',(217.32014727323,5.999999999062E-07));
#10499 = ( GEOMETRIC_REPRESENTATION_CONTEXT(2) 
PARAMETRIC_REPRESENTATION_CONTEXT() REPRESENTATION_CONTEXT('2D SPACE',''
  ) );
#10500 = ORIENTED_EDGE('',*,*,#10501,.F.);
#10501 = EDGE_CURVE('',#10354,#10481,#10502,.T.);
#10502 = SURFACE_CURVE('',#10503,(#10508,#10515),.PCURVE_S1.);
#10503 = CIRCLE('',#10504,3.5);
#10504 = AXIS2_PLACEMENT_3D('',#10505,#10506,#10507);
#10505 = CARTESIAN_POINT('',(-53.4,-53.25,-1.));
#10506 = DIRECTION('',(0.,0.,1.));
#10507 = DIRECTION('',(1.,0.,0.));
#10508 = PCURVE('',#2115,#10509);
#10509 = DEFINITIONAL_REPRESENTATION('',(#10510),#10514);
#10510 = LINE('',#10511,#10512);
#10511 = CARTESIAN_POINT('',(-0.,0.));
#10512 = VECTOR('',#10513,1.);
#10513 = DIRECTION('',(-1.,0.));
#10514 = ( GEOMETRIC_REPRESENTATION_CONTEXT(2) 
PARAMETRIC_REPRESENTATION_CONTEXT() REPRESENTATION_CONTEXT('2D SPACE',''
  ) );
#10515 = PCURVE('',#9495,#10516);
#10516 = DEFINITIONAL_REPRESENTATION('',(#10517),#10521);
#10517 = CIRCLE('',#10518,3.5);
#10518 = AXIS2_PLACEMENT_2D('',#10519,#10520);
#10519 = CARTESIAN_POINT('',(-54.4,3.8125));
#10520 = DIRECTION('',(1.,0.));
#10521 = ( GEOMETRIC_REPRESENTATION_CONTEXT(2) 
PARAMETRIC_REPRESENTATION_CONTEXT() REPRESENTATION_CONTEXT('2D SPACE',''
  ) );
#10522 = ORIENTED_EDGE('',*,*,#10376,.F.);
#10523 = ADVANCED_FACE('',(#10524),#2260,.T.);
#10524 = FACE_BOUND('',#10525,.T.);
#10525 = EDGE_LOOP('',(#10526,#10527,#10548,#10549));
#10526 = ORIENTED_EDGE('',*,*,#5736,.T.);
#10527 = ORIENTED_EDGE('',*,*,#10528,.T.);
#10528 = EDGE_CURVE('',#5714,#2212,#10529,.T.);
#10529 = SURFACE_CURVE('',#10530,(#10534,#10541),.PCURVE_S1.);
#10530 = LINE('',#10531,#10532);
#10531 = CARTESIAN_POINT('',(6.875,-60.5,3.));
#10532 = VECTOR('',#10533,1.);
#10533 = DIRECTION('',(-0.,0.,-1.));
#10534 = PCURVE('',#2260,#10535);
#10535 = DEFINITIONAL_REPRESENTATION('',(#10536),#10540);
#10536 = LINE('',#10537,#10538);
#10537 = CARTESIAN_POINT('',(1.570796326795,0.));
#10538 = VECTOR('',#10539,1.);
#10539 = DIRECTION('',(0.,1.));
#10540 = ( GEOMETRIC_REPRESENTATION_CONTEXT(2) 
PARAMETRIC_REPRESENTATION_CONTEXT() REPRESENTATION_CONTEXT('2D SPACE',''
  ) );
#10541 = PCURVE('',#2227,#10542);
#10542 = DEFINITIONAL_REPRESENTATION('',(#10543),#10547);
#10543 = LINE('',#10544,#10545);
#10544 = CARTESIAN_POINT('',(172.275,-3.));
#10545 = VECTOR('',#10546,1.);
#10546 = DIRECTION('',(0.,1.));
#10547 = ( GEOMETRIC_REPRESENTATION_CONTEXT(2) 
PARAMETRIC_REPRESENTATION_CONTEXT() REPRESENTATION_CONTEXT('2D SPACE',''
  ) );
#10548 = ORIENTED_EDGE('',*,*,#2239,.F.);
#10549 = ORIENTED_EDGE('',*,*,#10403,.F.);
#10550 = ADVANCED_FACE('',(#10551),#2227,.F.);
#10551 = FACE_BOUND('',#10552,.F.);
#10552 = EDGE_LOOP('',(#10553,#10554,#10576,#10599,#10620,#10621));
#10553 = ORIENTED_EDGE('',*,*,#2211,.F.);
#10554 = ORIENTED_EDGE('',*,*,#10555,.T.);
#10555 = EDGE_CURVE('',#2184,#10556,#10558,.T.);
#10556 = VERTEX_POINT('',#10557);
#10557 = CARTESIAN_POINT('',(6.375,-60.5,-1.));
#10558 = SURFACE_CURVE('',#10559,(#10563,#10570),.PCURVE_S1.);
#10559 = LINE('',#10560,#10561);
#10560 = CARTESIAN_POINT('',(6.375,-60.5,-1.));
#10561 = VECTOR('',#10562,1.);
#10562 = DIRECTION('',(-0.,0.,-1.));
#10563 = PCURVE('',#2227,#10564);
#10564 = DEFINITIONAL_REPRESENTATION('',(#10565),#10569);
#10565 = LINE('',#10566,#10567);
#10566 = CARTESIAN_POINT('',(171.775,1.));
#10567 = VECTOR('',#10568,1.);
#10568 = DIRECTION('',(0.,1.));
#10569 = ( GEOMETRIC_REPRESENTATION_CONTEXT(2) 
PARAMETRIC_REPRESENTATION_CONTEXT() REPRESENTATION_CONTEXT('2D SPACE',''
  ) );
#10570 = PCURVE('',#2199,#10571);
#10571 = DEFINITIONAL_REPRESENTATION('',(#10572),#10575);
#10572 = B_SPLINE_CURVE_WITH_KNOTS('',1,(#10573,#10574),.UNSPECIFIED.,
  .F.,.F.,(2,2),(-1.,0.),.PIECEWISE_BEZIER_KNOTS.);
#10573 = CARTESIAN_POINT('',(7.375,-1.));
#10574 = CARTESIAN_POINT('',(7.375,0.));
#10575 = ( GEOMETRIC_REPRESENTATION_CONTEXT(2) 
PARAMETRIC_REPRESENTATION_CONTEXT() REPRESENTATION_CONTEXT('2D SPACE',''
  ) );
#10576 = ORIENTED_EDGE('',*,*,#10577,.F.);
#10577 = EDGE_CURVE('',#10578,#10556,#10580,.T.);
#10578 = VERTEX_POINT('',#10579);
#10579 = CARTESIAN_POINT('',(-162.4,-60.5,-1.));
#10580 = SURFACE_CURVE('',#10581,(#10585,#10592),.PCURVE_S1.);
#10581 = LINE('',#10582,#10583);
#10582 = CARTESIAN_POINT('',(-165.4,-60.5,-1.));
#10583 = VECTOR('',#10584,1.);
#10584 = DIRECTION('',(1.,0.,0.));
#10585 = PCURVE('',#2227,#10586);
#10586 = DEFINITIONAL_REPRESENTATION('',(#10587),#10591);
#10587 = LINE('',#10588,#10589);
#10588 = CARTESIAN_POINT('',(0.,1.));
#10589 = VECTOR('',#10590,1.);
#10590 = DIRECTION('',(1.,0.));
#10591 = ( GEOMETRIC_REPRESENTATION_CONTEXT(2) 
PARAMETRIC_REPRESENTATION_CONTEXT() REPRESENTATION_CONTEXT('2D SPACE',''
  ) );
#10592 = PCURVE('',#9495,#10593);
#10593 = DEFINITIONAL_REPRESENTATION('',(#10594),#10598);
#10594 = LINE('',#10595,#10596);
#10595 = CARTESIAN_POINT('',(-166.4,-3.4375));
#10596 = VECTOR('',#10597,1.);
#10597 = DIRECTION('',(1.,0.));
#10598 = ( GEOMETRIC_REPRESENTATION_CONTEXT(2) 
PARAMETRIC_REPRESENTATION_CONTEXT() REPRESENTATION_CONTEXT('2D SPACE',''
  ) );
#10599 = ORIENTED_EDGE('',*,*,#10600,.F.);
#10600 = EDGE_CURVE('',#5685,#10578,#10601,.T.);
#10601 = SURFACE_CURVE('',#10602,(#10606,#10613),.PCURVE_S1.);
#10602 = LINE('',#10603,#10604);
#10603 = CARTESIAN_POINT('',(-162.4,-60.5,3.));
#10604 = VECTOR('',#10605,1.);
#10605 = DIRECTION('',(0.,0.,-1.));
#10606 = PCURVE('',#2227,#10607);
#10607 = DEFINITIONAL_REPRESENTATION('',(#10608),#10612);
#10608 = LINE('',#10609,#10610);
#10609 = CARTESIAN_POINT('',(3.,-3.));
#10610 = VECTOR('',#10611,1.);
#10611 = DIRECTION('',(0.,1.));
#10612 = ( GEOMETRIC_REPRESENTATION_CONTEXT(2) 
PARAMETRIC_REPRESENTATION_CONTEXT() REPRESENTATION_CONTEXT('2D SPACE',''
  ) );
#10613 = PCURVE('',#5701,#10614);
#10614 = DEFINITIONAL_REPRESENTATION('',(#10615),#10619);
#10615 = LINE('',#10616,#10617);
#10616 = CARTESIAN_POINT('',(1.570796326795,3.));
#10617 = VECTOR('',#10618,1.);
#10618 = DIRECTION('',(-0.,-1.));
#10619 = ( GEOMETRIC_REPRESENTATION_CONTEXT(2) 
PARAMETRIC_REPRESENTATION_CONTEXT() REPRESENTATION_CONTEXT('2D SPACE',''
  ) );
#10620 = ORIENTED_EDGE('',*,*,#5713,.T.);
#10621 = ORIENTED_EDGE('',*,*,#10528,.T.);
#10622 = ADVANCED_FACE('',(#10623),#2171,.F.);
#10623 = FACE_BOUND('',#10624,.F.);
#10624 = EDGE_LOOP('',(#10625,#10648,#10667,#10668));
#10625 = ORIENTED_EDGE('',*,*,#10626,.F.);
#10626 = EDGE_CURVE('',#10627,#10481,#10629,.T.);
#10627 = VERTEX_POINT('',#10628);
#10628 = CARTESIAN_POINT('',(6.375,-53.625,-1.));
#10629 = SURFACE_CURVE('',#10630,(#10634,#10641),.PCURVE_S1.);
#10630 = LINE('',#10631,#10632);
#10631 = CARTESIAN_POINT('',(167.4,-53.625,-1.));
#10632 = VECTOR('',#10633,1.);
#10633 = DIRECTION('',(-1.,0.,0.));
#10634 = PCURVE('',#2171,#10635);
#10635 = DEFINITIONAL_REPRESENTATION('',(#10636),#10640);
#10636 = LINE('',#10637,#10638);
#10637 = CARTESIAN_POINT('',(0.,-0.));
#10638 = VECTOR('',#10639,1.);
#10639 = DIRECTION('',(1.,0.));
#10640 = ( GEOMETRIC_REPRESENTATION_CONTEXT(2) 
PARAMETRIC_REPRESENTATION_CONTEXT() REPRESENTATION_CONTEXT('2D SPACE',''
  ) );
#10641 = PCURVE('',#9495,#10642);
#10642 = DEFINITIONAL_REPRESENTATION('',(#10643),#10647);
#10643 = LINE('',#10644,#10645);
#10644 = CARTESIAN_POINT('',(166.4,3.4375));
#10645 = VECTOR('',#10646,1.);
#10646 = DIRECTION('',(-1.,0.));
#10647 = ( GEOMETRIC_REPRESENTATION_CONTEXT(2) 
PARAMETRIC_REPRESENTATION_CONTEXT() REPRESENTATION_CONTEXT('2D SPACE',''
  ) );
#10648 = ORIENTED_EDGE('',*,*,#10649,.T.);
#10649 = EDGE_CURVE('',#10627,#2156,#10650,.T.);
#10650 = SURFACE_CURVE('',#10651,(#10655,#10661),.PCURVE_S1.);
#10651 = LINE('',#10652,#10653);
#10652 = CARTESIAN_POINT('',(6.375,-53.625,-1.));
#10653 = VECTOR('',#10654,1.);
#10654 = DIRECTION('',(0.,0.,1.));
#10655 = PCURVE('',#2171,#10656);
#10656 = DEFINITIONAL_REPRESENTATION('',(#10657),#10660);
#10657 = B_SPLINE_CURVE_WITH_KNOTS('',1,(#10658,#10659),.UNSPECIFIED.,
  .F.,.F.,(2,2),(0.,1.),.PIECEWISE_BEZIER_KNOTS.);
#10658 = CARTESIAN_POINT('',(161.025,0.));
#10659 = CARTESIAN_POINT('',(161.025,-1.));
#10660 = ( GEOMETRIC_REPRESENTATION_CONTEXT(2) 
PARAMETRIC_REPRESENTATION_CONTEXT() REPRESENTATION_CONTEXT('2D SPACE',''
  ) );
#10661 = PCURVE('',#2199,#10662);
#10662 = DEFINITIONAL_REPRESENTATION('',(#10663),#10666);
#10663 = B_SPLINE_CURVE_WITH_KNOTS('',1,(#10664,#10665),.UNSPECIFIED.,
  .F.,.F.,(2,2),(0.,1.),.PIECEWISE_BEZIER_KNOTS.);
#10664 = CARTESIAN_POINT('',(0.5,0.));
#10665 = CARTESIAN_POINT('',(0.5,-1.));
#10666 = ( GEOMETRIC_REPRESENTATION_CONTEXT(2) 
PARAMETRIC_REPRESENTATION_CONTEXT() REPRESENTATION_CONTEXT('2D SPACE',''
  ) );
#10667 = ORIENTED_EDGE('',*,*,#2155,.T.);
#10668 = ORIENTED_EDGE('',*,*,#10480,.T.);
#10669 = ADVANCED_FACE('',(#10670),#2199,.T.);
#10670 = FACE_BOUND('',#10671,.T.);
#10671 = EDGE_LOOP('',(#10672,#10693,#10694,#10695));
#10672 = ORIENTED_EDGE('',*,*,#10673,.F.);
#10673 = EDGE_CURVE('',#10627,#10556,#10674,.T.);
#10674 = SURFACE_CURVE('',#10675,(#10679,#10686),.PCURVE_S1.);
#10675 = LINE('',#10676,#10677);
#10676 = CARTESIAN_POINT('',(6.375,-53.125,-1.));
#10677 = VECTOR('',#10678,1.);
#10678 = DIRECTION('',(0.,-1.,0.));
#10679 = PCURVE('',#2199,#10680);
#10680 = DEFINITIONAL_REPRESENTATION('',(#10681),#10685);
#10681 = LINE('',#10682,#10683);
#10682 = CARTESIAN_POINT('',(0.,0.));
#10683 = VECTOR('',#10684,1.);
#10684 = DIRECTION('',(1.,0.));
#10685 = ( GEOMETRIC_REPRESENTATION_CONTEXT(2) 
PARAMETRIC_REPRESENTATION_CONTEXT() REPRESENTATION_CONTEXT('2D SPACE',''
  ) );
#10686 = PCURVE('',#9495,#10687);
#10687 = DEFINITIONAL_REPRESENTATION('',(#10688),#10692);
#10688 = LINE('',#10689,#10690);
#10689 = CARTESIAN_POINT('',(5.375,3.9375));
#10690 = VECTOR('',#10691,1.);
#10691 = DIRECTION('',(0.,-1.));
#10692 = ( GEOMETRIC_REPRESENTATION_CONTEXT(2) 
PARAMETRIC_REPRESENTATION_CONTEXT() REPRESENTATION_CONTEXT('2D SPACE',''
  ) );
#10693 = ORIENTED_EDGE('',*,*,#10649,.T.);
#10694 = ORIENTED_EDGE('',*,*,#2183,.T.);
#10695 = ORIENTED_EDGE('',*,*,#10555,.T.);
#10696 = ADVANCED_FACE('',(#10697),#2589,.F.);
#10697 = FACE_BOUND('',#10698,.F.);
#10698 = EDGE_LOOP('',(#10699,#10700,#10721,#10722));
#10699 = ORIENTED_EDGE('',*,*,#2572,.T.);
#10700 = ORIENTED_EDGE('',*,*,#10701,.T.);
#10701 = EDGE_CURVE('',#2575,#6056,#10702,.T.);
#10702 = SURFACE_CURVE('',#10703,(#10707,#10714),.PCURVE_S1.);
#10703 = LINE('',#10704,#10705);
#10704 = CARTESIAN_POINT('',(-44.5,-51.,-1.));
#10705 = VECTOR('',#10706,1.);
#10706 = DIRECTION('',(0.,0.,1.));
#10707 = PCURVE('',#2589,#10708);
#10708 = DEFINITIONAL_REPRESENTATION('',(#10709),#10713);
#10709 = LINE('',#10710,#10711);
#10710 = CARTESIAN_POINT('',(0.,0.));
#10711 = VECTOR('',#10712,1.);
#10712 = DIRECTION('',(0.,-1.));
#10713 = ( GEOMETRIC_REPRESENTATION_CONTEXT(2) 
PARAMETRIC_REPRESENTATION_CONTEXT() REPRESENTATION_CONTEXT('2D SPACE',''
  ) );
#10714 = PCURVE('',#3965,#10715);
#10715 = DEFINITIONAL_REPRESENTATION('',(#10716),#10720);
#10716 = LINE('',#10717,#10718);
#10717 = CARTESIAN_POINT('',(1.,0.));
#10718 = VECTOR('',#10719,1.);
#10719 = DIRECTION('',(0.,-1.));
#10720 = ( GEOMETRIC_REPRESENTATION_CONTEXT(2) 
PARAMETRIC_REPRESENTATION_CONTEXT() REPRESENTATION_CONTEXT('2D SPACE',''
  ) );
#10721 = ORIENTED_EDGE('',*,*,#6078,.T.);
#10722 = ORIENTED_EDGE('',*,*,#10723,.F.);
#10723 = EDGE_CURVE('',#2573,#6079,#10724,.T.);
#10724 = SURFACE_CURVE('',#10725,(#10729,#10736),.PCURVE_S1.);
#10725 = LINE('',#10726,#10727);
#10726 = CARTESIAN_POINT('',(-44.4711779206,-50.70736451697,-1.));
#10727 = VECTOR('',#10728,1.);
#10728 = DIRECTION('',(0.,0.,1.));
#10729 = PCURVE('',#2589,#10730);
#10730 = DEFINITIONAL_REPRESENTATION('',(#10731),#10735);
#10731 = LINE('',#10732,#10733);
#10732 = CARTESIAN_POINT('',(0.294051420989,0.));
#10733 = VECTOR('',#10734,1.);
#10734 = DIRECTION('',(0.,-1.));
#10735 = ( GEOMETRIC_REPRESENTATION_CONTEXT(2) 
PARAMETRIC_REPRESENTATION_CONTEXT() REPRESENTATION_CONTEXT('2D SPACE',''
  ) );
#10736 = PCURVE('',#2615,#10737);
#10737 = DEFINITIONAL_REPRESENTATION('',(#10738),#10742);
#10738 = LINE('',#10739,#10740);
#10739 = CARTESIAN_POINT('',(0.,0.));
#10740 = VECTOR('',#10741,1.);
#10741 = DIRECTION('',(0.,-1.));
#10742 = ( GEOMETRIC_REPRESENTATION_CONTEXT(2) 
PARAMETRIC_REPRESENTATION_CONTEXT() REPRESENTATION_CONTEXT('2D SPACE',''
  ) );
#10743 = ADVANCED_FACE('',(#10744),#3965,.F.);
#10744 = FACE_BOUND('',#10745,.F.);
#10745 = EDGE_LOOP('',(#10746,#10747,#10768,#10769));
#10746 = ORIENTED_EDGE('',*,*,#3952,.T.);
#10747 = ORIENTED_EDGE('',*,*,#10748,.T.);
#10748 = EDGE_CURVE('',#3927,#6054,#10749,.T.);
#10749 = SURFACE_CURVE('',#10750,(#10754,#10761),.PCURVE_S1.);
#10750 = LINE('',#10751,#10752);
#10751 = CARTESIAN_POINT('',(-44.5,-52.,-1.));
#10752 = VECTOR('',#10753,1.);
#10753 = DIRECTION('',(0.,0.,1.));
#10754 = PCURVE('',#3965,#10755);
#10755 = DEFINITIONAL_REPRESENTATION('',(#10756),#10760);
#10756 = LINE('',#10757,#10758);
#10757 = CARTESIAN_POINT('',(0.,0.));
#10758 = VECTOR('',#10759,1.);
#10759 = DIRECTION('',(0.,-1.));
#10760 = ( GEOMETRIC_REPRESENTATION_CONTEXT(2) 
PARAMETRIC_REPRESENTATION_CONTEXT() REPRESENTATION_CONTEXT('2D SPACE',''
  ) );
#10761 = PCURVE('',#3941,#10762);
#10762 = DEFINITIONAL_REPRESENTATION('',(#10763),#10767);
#10763 = LINE('',#10764,#10765);
#10764 = CARTESIAN_POINT('',(0.294051420989,0.));
#10765 = VECTOR('',#10766,1.);
#10766 = DIRECTION('',(0.,-1.));
#10767 = ( GEOMETRIC_REPRESENTATION_CONTEXT(2) 
PARAMETRIC_REPRESENTATION_CONTEXT() REPRESENTATION_CONTEXT('2D SPACE',''
  ) );
#10768 = ORIENTED_EDGE('',*,*,#6053,.T.);
#10769 = ORIENTED_EDGE('',*,*,#10701,.F.);
#10770 = ADVANCED_FACE('',(#10771),#3941,.F.);
#10771 = FACE_BOUND('',#10772,.F.);
#10772 = EDGE_LOOP('',(#10773,#10774,#10795,#10796));
#10773 = ORIENTED_EDGE('',*,*,#3926,.T.);
#10774 = ORIENTED_EDGE('',*,*,#10775,.T.);
#10775 = EDGE_CURVE('',#3901,#7252,#10776,.T.);
#10776 = SURFACE_CURVE('',#10777,(#10781,#10788),.PCURVE_S1.);
#10777 = LINE('',#10778,#10779);
#10778 = CARTESIAN_POINT('',(-44.4711779206,-52.29263548302,-1.));
#10779 = VECTOR('',#10780,1.);
#10780 = DIRECTION('',(0.,0.,1.));
#10781 = PCURVE('',#3941,#10782);
#10782 = DEFINITIONAL_REPRESENTATION('',(#10783),#10787);
#10783 = LINE('',#10784,#10785);
#10784 = CARTESIAN_POINT('',(0.,0.));
#10785 = VECTOR('',#10786,1.);
#10786 = DIRECTION('',(0.,-1.));
#10787 = ( GEOMETRIC_REPRESENTATION_CONTEXT(2) 
PARAMETRIC_REPRESENTATION_CONTEXT() REPRESENTATION_CONTEXT('2D SPACE',''
  ) );
#10788 = PCURVE('',#3915,#10789);
#10789 = DEFINITIONAL_REPRESENTATION('',(#10790),#10794);
#10790 = LINE('',#10791,#10792);
#10791 = CARTESIAN_POINT('',(0.294051420989,0.));
#10792 = VECTOR('',#10793,1.);
#10793 = DIRECTION('',(0.,-1.));
#10794 = ( GEOMETRIC_REPRESENTATION_CONTEXT(2) 
PARAMETRIC_REPRESENTATION_CONTEXT() REPRESENTATION_CONTEXT('2D SPACE',''
  ) );
#10795 = ORIENTED_EDGE('',*,*,#7274,.T.);
#10796 = ORIENTED_EDGE('',*,*,#10748,.F.);
#10797 = ADVANCED_FACE('',(#10798),#3915,.F.);
#10798 = FACE_BOUND('',#10799,.F.);
#10799 = EDGE_LOOP('',(#10800,#10801,#10822,#10823));
#10800 = ORIENTED_EDGE('',*,*,#3900,.T.);
#10801 = ORIENTED_EDGE('',*,*,#10802,.T.);
#10802 = EDGE_CURVE('',#3875,#7229,#10803,.T.);
#10803 = SURFACE_CURVE('',#10804,(#10808,#10815),.PCURVE_S1.);
#10804 = LINE('',#10805,#10806);
#10805 = CARTESIAN_POINT('',(-44.38581929876,-52.57402514854,-1.));
#10806 = VECTOR('',#10807,1.);
#10807 = DIRECTION('',(0.,0.,1.));
#10808 = PCURVE('',#3915,#10809);
#10809 = DEFINITIONAL_REPRESENTATION('',(#10810),#10814);
#10810 = LINE('',#10811,#10812);
#10811 = CARTESIAN_POINT('',(0.,0.));
#10812 = VECTOR('',#10813,1.);
#10813 = DIRECTION('',(0.,-1.));
#10814 = ( GEOMETRIC_REPRESENTATION_CONTEXT(2) 
PARAMETRIC_REPRESENTATION_CONTEXT() REPRESENTATION_CONTEXT('2D SPACE',''
  ) );
#10815 = PCURVE('',#3889,#10816);
#10816 = DEFINITIONAL_REPRESENTATION('',(#10817),#10821);
#10817 = LINE('',#10818,#10819);
#10818 = CARTESIAN_POINT('',(0.294051420989,0.));
#10819 = VECTOR('',#10820,1.);
#10820 = DIRECTION('',(0.,-1.));
#10821 = ( GEOMETRIC_REPRESENTATION_CONTEXT(2) 
PARAMETRIC_REPRESENTATION_CONTEXT() REPRESENTATION_CONTEXT('2D SPACE',''
  ) );
#10822 = ORIENTED_EDGE('',*,*,#7251,.T.);
#10823 = ORIENTED_EDGE('',*,*,#10775,.F.);
#10824 = ADVANCED_FACE('',(#10825),#3889,.F.);
#10825 = FACE_BOUND('',#10826,.F.);
#10826 = EDGE_LOOP('',(#10827,#10828,#10849,#10850));
#10827 = ORIENTED_EDGE('',*,*,#3874,.T.);
#10828 = ORIENTED_EDGE('',*,*,#10829,.T.);
#10829 = EDGE_CURVE('',#3849,#7206,#10830,.T.);
#10830 = SURFACE_CURVE('',#10831,(#10835,#10842),.PCURVE_S1.);
#10831 = LINE('',#10832,#10833);
#10832 = CARTESIAN_POINT('',(-44.24720441845,-52.83335534952,-1.));
#10833 = VECTOR('',#10834,1.);
#10834 = DIRECTION('',(0.,0.,1.));
#10835 = PCURVE('',#3889,#10836);
#10836 = DEFINITIONAL_REPRESENTATION('',(#10837),#10841);
#10837 = LINE('',#10838,#10839);
#10838 = CARTESIAN_POINT('',(0.,0.));
#10839 = VECTOR('',#10840,1.);
#10840 = DIRECTION('',(0.,-1.));
#10841 = ( GEOMETRIC_REPRESENTATION_CONTEXT(2) 
PARAMETRIC_REPRESENTATION_CONTEXT() REPRESENTATION_CONTEXT('2D SPACE',''
  ) );
#10842 = PCURVE('',#3863,#10843);
#10843 = DEFINITIONAL_REPRESENTATION('',(#10844),#10848);
#10844 = LINE('',#10845,#10846);
#10845 = CARTESIAN_POINT('',(0.294051420989,0.));
#10846 = VECTOR('',#10847,1.);
#10847 = DIRECTION('',(0.,-1.));
#10848 = ( GEOMETRIC_REPRESENTATION_CONTEXT(2) 
PARAMETRIC_REPRESENTATION_CONTEXT() REPRESENTATION_CONTEXT('2D SPACE',''
  ) );
#10849 = ORIENTED_EDGE('',*,*,#7228,.T.);
#10850 = ORIENTED_EDGE('',*,*,#10802,.F.);
#10851 = ADVANCED_FACE('',(#10852),#3863,.F.);
#10852 = FACE_BOUND('',#10853,.F.);
#10853 = EDGE_LOOP('',(#10854,#10855,#10876,#10877));
#10854 = ORIENTED_EDGE('',*,*,#3848,.T.);
#10855 = ORIENTED_EDGE('',*,*,#10856,.T.);
#10856 = EDGE_CURVE('',#3823,#7183,#10857,.T.);
#10857 = SURFACE_CURVE('',#10858,(#10862,#10869),.PCURVE_S1.);
#10858 = LINE('',#10859,#10860);
#10859 = CARTESIAN_POINT('',(-44.06066017178,-53.06066017178,-1.));
#10860 = VECTOR('',#10861,1.);
#10861 = DIRECTION('',(0.,0.,1.));
#10862 = PCURVE('',#3863,#10863);
#10863 = DEFINITIONAL_REPRESENTATION('',(#10864),#10868);
#10864 = LINE('',#10865,#10866);
#10865 = CARTESIAN_POINT('',(0.,0.));
#10866 = VECTOR('',#10867,1.);
#10867 = DIRECTION('',(0.,-1.));
#10868 = ( GEOMETRIC_REPRESENTATION_CONTEXT(2) 
PARAMETRIC_REPRESENTATION_CONTEXT() REPRESENTATION_CONTEXT('2D SPACE',''
  ) );
#10869 = PCURVE('',#3837,#10870);
#10870 = DEFINITIONAL_REPRESENTATION('',(#10871),#10875);
#10871 = LINE('',#10872,#10873);
#10872 = CARTESIAN_POINT('',(0.294051420989,0.));
#10873 = VECTOR('',#10874,1.);
#10874 = DIRECTION('',(0.,-1.));
#10875 = ( GEOMETRIC_REPRESENTATION_CONTEXT(2) 
PARAMETRIC_REPRESENTATION_CONTEXT() REPRESENTATION_CONTEXT('2D SPACE',''
  ) );
#10876 = ORIENTED_EDGE('',*,*,#7205,.T.);
#10877 = ORIENTED_EDGE('',*,*,#10829,.F.);
#10878 = ADVANCED_FACE('',(#10879),#3837,.F.);
#10879 = FACE_BOUND('',#10880,.F.);
#10880 = EDGE_LOOP('',(#10881,#10882,#10903,#10904));
#10881 = ORIENTED_EDGE('',*,*,#3822,.T.);
#10882 = ORIENTED_EDGE('',*,*,#10883,.T.);
#10883 = EDGE_CURVE('',#3797,#7160,#10884,.T.);
#10884 = SURFACE_CURVE('',#10885,(#10889,#10896),.PCURVE_S1.);
#10885 = LINE('',#10886,#10887);
#10886 = CARTESIAN_POINT('',(-43.83335534952,-53.24720441845,-1.));
#10887 = VECTOR('',#10888,1.);
#10888 = DIRECTION('',(0.,0.,1.));
#10889 = PCURVE('',#3837,#10890);
#10890 = DEFINITIONAL_REPRESENTATION('',(#10891),#10895);
#10891 = LINE('',#10892,#10893);
#10892 = CARTESIAN_POINT('',(0.,0.));
#10893 = VECTOR('',#10894,1.);
#10894 = DIRECTION('',(0.,-1.));
#10895 = ( GEOMETRIC_REPRESENTATION_CONTEXT(2) 
PARAMETRIC_REPRESENTATION_CONTEXT() REPRESENTATION_CONTEXT('2D SPACE',''
  ) );
#10896 = PCURVE('',#3811,#10897);
#10897 = DEFINITIONAL_REPRESENTATION('',(#10898),#10902);
#10898 = LINE('',#10899,#10900);
#10899 = CARTESIAN_POINT('',(0.294051420989,0.));
#10900 = VECTOR('',#10901,1.);
#10901 = DIRECTION('',(0.,-1.));
#10902 = ( GEOMETRIC_REPRESENTATION_CONTEXT(2) 
PARAMETRIC_REPRESENTATION_CONTEXT() REPRESENTATION_CONTEXT('2D SPACE',''
  ) );
#10903 = ORIENTED_EDGE('',*,*,#7182,.T.);
#10904 = ORIENTED_EDGE('',*,*,#10856,.F.);
#10905 = ADVANCED_FACE('',(#10906),#3811,.F.);
#10906 = FACE_BOUND('',#10907,.F.);
#10907 = EDGE_LOOP('',(#10908,#10909,#10930,#10931));
#10908 = ORIENTED_EDGE('',*,*,#3796,.T.);
#10909 = ORIENTED_EDGE('',*,*,#10910,.T.);
#10910 = EDGE_CURVE('',#3771,#7137,#10911,.T.);
#10911 = SURFACE_CURVE('',#10912,(#10916,#10923),.PCURVE_S1.);
#10912 = LINE('',#10913,#10914);
#10913 = CARTESIAN_POINT('',(-43.57402514854,-53.38581929876,-1.));
#10914 = VECTOR('',#10915,1.);
#10915 = DIRECTION('',(0.,0.,1.));
#10916 = PCURVE('',#3811,#10917);
#10917 = DEFINITIONAL_REPRESENTATION('',(#10918),#10922);
#10918 = LINE('',#10919,#10920);
#10919 = CARTESIAN_POINT('',(0.,0.));
#10920 = VECTOR('',#10921,1.);
#10921 = DIRECTION('',(0.,-1.));
#10922 = ( GEOMETRIC_REPRESENTATION_CONTEXT(2) 
PARAMETRIC_REPRESENTATION_CONTEXT() REPRESENTATION_CONTEXT('2D SPACE',''
  ) );
#10923 = PCURVE('',#3785,#10924);
#10924 = DEFINITIONAL_REPRESENTATION('',(#10925),#10929);
#10925 = LINE('',#10926,#10927);
#10926 = CARTESIAN_POINT('',(0.294051420989,0.));
#10927 = VECTOR('',#10928,1.);
#10928 = DIRECTION('',(0.,-1.));
#10929 = ( GEOMETRIC_REPRESENTATION_CONTEXT(2) 
PARAMETRIC_REPRESENTATION_CONTEXT() REPRESENTATION_CONTEXT('2D SPACE',''
  ) );
#10930 = ORIENTED_EDGE('',*,*,#7159,.T.);
#10931 = ORIENTED_EDGE('',*,*,#10883,.F.);
#10932 = ADVANCED_FACE('',(#10933),#3785,.F.);
#10933 = FACE_BOUND('',#10934,.F.);
#10934 = EDGE_LOOP('',(#10935,#10936,#10957,#10958));
#10935 = ORIENTED_EDGE('',*,*,#3770,.T.);
#10936 = ORIENTED_EDGE('',*,*,#10937,.T.);
#10937 = EDGE_CURVE('',#3745,#7114,#10938,.T.);
#10938 = SURFACE_CURVE('',#10939,(#10943,#10950),.PCURVE_S1.);
#10939 = LINE('',#10940,#10941);
#10940 = CARTESIAN_POINT('',(-43.29263548302,-53.4711779206,-1.));
#10941 = VECTOR('',#10942,1.);
#10942 = DIRECTION('',(0.,0.,1.));
#10943 = PCURVE('',#3785,#10944);
#10944 = DEFINITIONAL_REPRESENTATION('',(#10945),#10949);
#10945 = LINE('',#10946,#10947);
#10946 = CARTESIAN_POINT('',(0.,0.));
#10947 = VECTOR('',#10948,1.);
#10948 = DIRECTION('',(0.,-1.));
#10949 = ( GEOMETRIC_REPRESENTATION_CONTEXT(2) 
PARAMETRIC_REPRESENTATION_CONTEXT() REPRESENTATION_CONTEXT('2D SPACE',''
  ) );
#10950 = PCURVE('',#3759,#10951);
#10951 = DEFINITIONAL_REPRESENTATION('',(#10952),#10956);
#10952 = LINE('',#10953,#10954);
#10953 = CARTESIAN_POINT('',(0.294051420989,0.));
#10954 = VECTOR('',#10955,1.);
#10955 = DIRECTION('',(0.,-1.));
#10956 = ( GEOMETRIC_REPRESENTATION_CONTEXT(2) 
PARAMETRIC_REPRESENTATION_CONTEXT() REPRESENTATION_CONTEXT('2D SPACE',''
  ) );
#10957 = ORIENTED_EDGE('',*,*,#7136,.T.);
#10958 = ORIENTED_EDGE('',*,*,#10910,.F.);
#10959 = ADVANCED_FACE('',(#10960),#3759,.F.);
#10960 = FACE_BOUND('',#10961,.F.);
#10961 = EDGE_LOOP('',(#10962,#10963,#10984,#10985));
#10962 = ORIENTED_EDGE('',*,*,#3744,.T.);
#10963 = ORIENTED_EDGE('',*,*,#10964,.T.);
#10964 = EDGE_CURVE('',#3719,#7091,#10965,.T.);
#10965 = SURFACE_CURVE('',#10966,(#10970,#10977),.PCURVE_S1.);
#10966 = LINE('',#10967,#10968);
#10967 = CARTESIAN_POINT('',(-43.,-53.5,-1.));
#10968 = VECTOR('',#10969,1.);
#10969 = DIRECTION('',(0.,0.,1.));
#10970 = PCURVE('',#3759,#10971);
#10971 = DEFINITIONAL_REPRESENTATION('',(#10972),#10976);
#10972 = LINE('',#10973,#10974);
#10973 = CARTESIAN_POINT('',(0.,0.));
#10974 = VECTOR('',#10975,1.);
#10975 = DIRECTION('',(0.,-1.));
#10976 = ( GEOMETRIC_REPRESENTATION_CONTEXT(2) 
PARAMETRIC_REPRESENTATION_CONTEXT() REPRESENTATION_CONTEXT('2D SPACE',''
  ) );
#10977 = PCURVE('',#3733,#10978);
#10978 = DEFINITIONAL_REPRESENTATION('',(#10979),#10983);
#10979 = LINE('',#10980,#10981);
#10980 = CARTESIAN_POINT('',(18.,0.));
#10981 = VECTOR('',#10982,1.);
#10982 = DIRECTION('',(0.,-1.));
#10983 = ( GEOMETRIC_REPRESENTATION_CONTEXT(2) 
PARAMETRIC_REPRESENTATION_CONTEXT() REPRESENTATION_CONTEXT('2D SPACE',''
  ) );
#10984 = ORIENTED_EDGE('',*,*,#7113,.T.);
#10985 = ORIENTED_EDGE('',*,*,#10937,.F.);
#10986 = ADVANCED_FACE('',(#10987),#3733,.F.);
#10987 = FACE_BOUND('',#10988,.F.);
#10988 = EDGE_LOOP('',(#10989,#10990,#11011,#11012));
#10989 = ORIENTED_EDGE('',*,*,#3718,.T.);
#10990 = ORIENTED_EDGE('',*,*,#10991,.T.);
#10991 = EDGE_CURVE('',#3693,#7068,#10992,.T.);
#10992 = SURFACE_CURVE('',#10993,(#10997,#11004),.PCURVE_S1.);
#10993 = LINE('',#10994,#10995);
#10994 = CARTESIAN_POINT('',(-25.,-53.5,-1.));
#10995 = VECTOR('',#10996,1.);
#10996 = DIRECTION('',(0.,0.,1.));
#10997 = PCURVE('',#3733,#10998);
#10998 = DEFINITIONAL_REPRESENTATION('',(#10999),#11003);
#10999 = LINE('',#11000,#11001);
#11000 = CARTESIAN_POINT('',(0.,-0.));
#11001 = VECTOR('',#11002,1.);
#11002 = DIRECTION('',(0.,-1.));
#11003 = ( GEOMETRIC_REPRESENTATION_CONTEXT(2) 
PARAMETRIC_REPRESENTATION_CONTEXT() REPRESENTATION_CONTEXT('2D SPACE',''
  ) );
#11004 = PCURVE('',#3707,#11005);
#11005 = DEFINITIONAL_REPRESENTATION('',(#11006),#11010);
#11006 = LINE('',#11007,#11008);
#11007 = CARTESIAN_POINT('',(0.294051420989,0.));
#11008 = VECTOR('',#11009,1.);
#11009 = DIRECTION('',(0.,-1.));
#11010 = ( GEOMETRIC_REPRESENTATION_CONTEXT(2) 
PARAMETRIC_REPRESENTATION_CONTEXT() REPRESENTATION_CONTEXT('2D SPACE',''
  ) );
#11011 = ORIENTED_EDGE('',*,*,#7090,.T.);
#11012 = ORIENTED_EDGE('',*,*,#10964,.F.);
#11013 = ADVANCED_FACE('',(#11014),#3707,.F.);
#11014 = FACE_BOUND('',#11015,.F.);
#11015 = EDGE_LOOP('',(#11016,#11017,#11038,#11039));
#11016 = ORIENTED_EDGE('',*,*,#3692,.T.);
#11017 = ORIENTED_EDGE('',*,*,#11018,.T.);
#11018 = EDGE_CURVE('',#3667,#7045,#11019,.T.);
#11019 = SURFACE_CURVE('',#11020,(#11024,#11031),.PCURVE_S1.);
#11020 = LINE('',#11021,#11022);
#11021 = CARTESIAN_POINT('',(-24.70736451697,-53.4711779206,-1.));
#11022 = VECTOR('',#11023,1.);
#11023 = DIRECTION('',(0.,0.,1.));
#11024 = PCURVE('',#3707,#11025);
#11025 = DEFINITIONAL_REPRESENTATION('',(#11026),#11030);
#11026 = LINE('',#11027,#11028);
#11027 = CARTESIAN_POINT('',(0.,0.));
#11028 = VECTOR('',#11029,1.);
#11029 = DIRECTION('',(0.,-1.));
#11030 = ( GEOMETRIC_REPRESENTATION_CONTEXT(2) 
PARAMETRIC_REPRESENTATION_CONTEXT() REPRESENTATION_CONTEXT('2D SPACE',''
  ) );
#11031 = PCURVE('',#3681,#11032);
#11032 = DEFINITIONAL_REPRESENTATION('',(#11033),#11037);
#11033 = LINE('',#11034,#11035);
#11034 = CARTESIAN_POINT('',(0.294051420989,0.));
#11035 = VECTOR('',#11036,1.);
#11036 = DIRECTION('',(0.,-1.));
#11037 = ( GEOMETRIC_REPRESENTATION_CONTEXT(2) 
PARAMETRIC_REPRESENTATION_CONTEXT() REPRESENTATION_CONTEXT('2D SPACE',''
  ) );
#11038 = ORIENTED_EDGE('',*,*,#7067,.T.);
#11039 = ORIENTED_EDGE('',*,*,#10991,.F.);
#11040 = ADVANCED_FACE('',(#11041),#3681,.F.);
#11041 = FACE_BOUND('',#11042,.F.);
#11042 = EDGE_LOOP('',(#11043,#11044,#11065,#11066));
#11043 = ORIENTED_EDGE('',*,*,#3666,.T.);
#11044 = ORIENTED_EDGE('',*,*,#11045,.T.);
#11045 = EDGE_CURVE('',#3641,#7022,#11046,.T.);
#11046 = SURFACE_CURVE('',#11047,(#11051,#11058),.PCURVE_S1.);
#11047 = LINE('',#11048,#11049);
#11048 = CARTESIAN_POINT('',(-24.42597485145,-53.38581929876,-1.));
#11049 = VECTOR('',#11050,1.);
#11050 = DIRECTION('',(0.,0.,1.));
#11051 = PCURVE('',#3681,#11052);
#11052 = DEFINITIONAL_REPRESENTATION('',(#11053),#11057);
#11053 = LINE('',#11054,#11055);
#11054 = CARTESIAN_POINT('',(0.,0.));
#11055 = VECTOR('',#11056,1.);
#11056 = DIRECTION('',(0.,-1.));
#11057 = ( GEOMETRIC_REPRESENTATION_CONTEXT(2) 
PARAMETRIC_REPRESENTATION_CONTEXT() REPRESENTATION_CONTEXT('2D SPACE',''
  ) );
#11058 = PCURVE('',#3655,#11059);
#11059 = DEFINITIONAL_REPRESENTATION('',(#11060),#11064);
#11060 = LINE('',#11061,#11062);
#11061 = CARTESIAN_POINT('',(0.294051420989,0.));
#11062 = VECTOR('',#11063,1.);
#11063 = DIRECTION('',(0.,-1.));
#11064 = ( GEOMETRIC_REPRESENTATION_CONTEXT(2) 
PARAMETRIC_REPRESENTATION_CONTEXT() REPRESENTATION_CONTEXT('2D SPACE',''
  ) );
#11065 = ORIENTED_EDGE('',*,*,#7044,.T.);
#11066 = ORIENTED_EDGE('',*,*,#11018,.F.);
#11067 = ADVANCED_FACE('',(#11068),#3655,.F.);
#11068 = FACE_BOUND('',#11069,.F.);
#11069 = EDGE_LOOP('',(#11070,#11071,#11092,#11093));
#11070 = ORIENTED_EDGE('',*,*,#3640,.T.);
#11071 = ORIENTED_EDGE('',*,*,#11072,.T.);
#11072 = EDGE_CURVE('',#3615,#6999,#11073,.T.);
#11073 = SURFACE_CURVE('',#11074,(#11078,#11085),.PCURVE_S1.);
#11074 = LINE('',#11075,#11076);
#11075 = CARTESIAN_POINT('',(-24.16664465047,-53.24720441845,-1.));
#11076 = VECTOR('',#11077,1.);
#11077 = DIRECTION('',(0.,0.,1.));
#11078 = PCURVE('',#3655,#11079);
#11079 = DEFINITIONAL_REPRESENTATION('',(#11080),#11084);
#11080 = LINE('',#11081,#11082);
#11081 = CARTESIAN_POINT('',(0.,0.));
#11082 = VECTOR('',#11083,1.);
#11083 = DIRECTION('',(0.,-1.));
#11084 = ( GEOMETRIC_REPRESENTATION_CONTEXT(2) 
PARAMETRIC_REPRESENTATION_CONTEXT() REPRESENTATION_CONTEXT('2D SPACE',''
  ) );
#11085 = PCURVE('',#3629,#11086);
#11086 = DEFINITIONAL_REPRESENTATION('',(#11087),#11091);
#11087 = LINE('',#11088,#11089);
#11088 = CARTESIAN_POINT('',(0.294051420989,0.));
#11089 = VECTOR('',#11090,1.);
#11090 = DIRECTION('',(0.,-1.));
#11091 = ( GEOMETRIC_REPRESENTATION_CONTEXT(2) 
PARAMETRIC_REPRESENTATION_CONTEXT() REPRESENTATION_CONTEXT('2D SPACE',''
  ) );
#11092 = ORIENTED_EDGE('',*,*,#7021,.T.);
#11093 = ORIENTED_EDGE('',*,*,#11045,.F.);
#11094 = ADVANCED_FACE('',(#11095),#3629,.F.);
#11095 = FACE_BOUND('',#11096,.F.);
#11096 = EDGE_LOOP('',(#11097,#11098,#11119,#11120));
#11097 = ORIENTED_EDGE('',*,*,#3614,.T.);
#11098 = ORIENTED_EDGE('',*,*,#11099,.T.);
#11099 = EDGE_CURVE('',#3589,#6976,#11100,.T.);
#11100 = SURFACE_CURVE('',#11101,(#11105,#11112),.PCURVE_S1.);
#11101 = LINE('',#11102,#11103);
#11102 = CARTESIAN_POINT('',(-23.93933982822,-53.06066017178,-1.));
#11103 = VECTOR('',#11104,1.);
#11104 = DIRECTION('',(0.,0.,1.));
#11105 = PCURVE('',#3629,#11106);
#11106 = DEFINITIONAL_REPRESENTATION('',(#11107),#11111);
#11107 = LINE('',#11108,#11109);
#11108 = CARTESIAN_POINT('',(0.,0.));
#11109 = VECTOR('',#11110,1.);
#11110 = DIRECTION('',(0.,-1.));
#11111 = ( GEOMETRIC_REPRESENTATION_CONTEXT(2) 
PARAMETRIC_REPRESENTATION_CONTEXT() REPRESENTATION_CONTEXT('2D SPACE',''
  ) );
#11112 = PCURVE('',#3603,#11113);
#11113 = DEFINITIONAL_REPRESENTATION('',(#11114),#11118);
#11114 = LINE('',#11115,#11116);
#11115 = CARTESIAN_POINT('',(0.294051420989,0.));
#11116 = VECTOR('',#11117,1.);
#11117 = DIRECTION('',(0.,-1.));
#11118 = ( GEOMETRIC_REPRESENTATION_CONTEXT(2) 
PARAMETRIC_REPRESENTATION_CONTEXT() REPRESENTATION_CONTEXT('2D SPACE',''
  ) );
#11119 = ORIENTED_EDGE('',*,*,#6998,.T.);
#11120 = ORIENTED_EDGE('',*,*,#11072,.F.);
#11121 = ADVANCED_FACE('',(#11122),#3603,.F.);
#11122 = FACE_BOUND('',#11123,.F.);
#11123 = EDGE_LOOP('',(#11124,#11125,#11146,#11147));
#11124 = ORIENTED_EDGE('',*,*,#3588,.T.);
#11125 = ORIENTED_EDGE('',*,*,#11126,.T.);
#11126 = EDGE_CURVE('',#3563,#6953,#11127,.T.);
#11127 = SURFACE_CURVE('',#11128,(#11132,#11139),.PCURVE_S1.);
#11128 = LINE('',#11129,#11130);
#11129 = CARTESIAN_POINT('',(-23.75279558154,-52.83335534952,-1.));
#11130 = VECTOR('',#11131,1.);
#11131 = DIRECTION('',(0.,0.,1.));
#11132 = PCURVE('',#3603,#11133);
#11133 = DEFINITIONAL_REPRESENTATION('',(#11134),#11138);
#11134 = LINE('',#11135,#11136);
#11135 = CARTESIAN_POINT('',(0.,0.));
#11136 = VECTOR('',#11137,1.);
#11137 = DIRECTION('',(0.,-1.));
#11138 = ( GEOMETRIC_REPRESENTATION_CONTEXT(2) 
PARAMETRIC_REPRESENTATION_CONTEXT() REPRESENTATION_CONTEXT('2D SPACE',''
  ) );
#11139 = PCURVE('',#3577,#11140);
#11140 = DEFINITIONAL_REPRESENTATION('',(#11141),#11145);
#11141 = LINE('',#11142,#11143);
#11142 = CARTESIAN_POINT('',(0.294051420989,0.));
#11143 = VECTOR('',#11144,1.);
#11144 = DIRECTION('',(0.,-1.));
#11145 = ( GEOMETRIC_REPRESENTATION_CONTEXT(2) 
PARAMETRIC_REPRESENTATION_CONTEXT() REPRESENTATION_CONTEXT('2D SPACE',''
  ) );
#11146 = ORIENTED_EDGE('',*,*,#6975,.T.);
#11147 = ORIENTED_EDGE('',*,*,#11099,.F.);
#11148 = ADVANCED_FACE('',(#11149),#3577,.F.);
#11149 = FACE_BOUND('',#11150,.F.);
#11150 = EDGE_LOOP('',(#11151,#11152,#11173,#11174));
#11151 = ORIENTED_EDGE('',*,*,#3562,.T.);
#11152 = ORIENTED_EDGE('',*,*,#11153,.T.);
#11153 = EDGE_CURVE('',#3537,#6930,#11154,.T.);
#11154 = SURFACE_CURVE('',#11155,(#11159,#11166),.PCURVE_S1.);
#11155 = LINE('',#11156,#11157);
#11156 = CARTESIAN_POINT('',(-23.61418070123,-52.57402514854,-1.));
#11157 = VECTOR('',#11158,1.);
#11158 = DIRECTION('',(0.,0.,1.));
#11159 = PCURVE('',#3577,#11160);
#11160 = DEFINITIONAL_REPRESENTATION('',(#11161),#11165);
#11161 = LINE('',#11162,#11163);
#11162 = CARTESIAN_POINT('',(0.,0.));
#11163 = VECTOR('',#11164,1.);
#11164 = DIRECTION('',(0.,-1.));
#11165 = ( GEOMETRIC_REPRESENTATION_CONTEXT(2) 
PARAMETRIC_REPRESENTATION_CONTEXT() REPRESENTATION_CONTEXT('2D SPACE',''
  ) );
#11166 = PCURVE('',#3551,#11167);
#11167 = DEFINITIONAL_REPRESENTATION('',(#11168),#11172);
#11168 = LINE('',#11169,#11170);
#11169 = CARTESIAN_POINT('',(0.294051420989,0.));
#11170 = VECTOR('',#11171,1.);
#11171 = DIRECTION('',(0.,-1.));
#11172 = ( GEOMETRIC_REPRESENTATION_CONTEXT(2) 
PARAMETRIC_REPRESENTATION_CONTEXT() REPRESENTATION_CONTEXT('2D SPACE',''
  ) );
#11173 = ORIENTED_EDGE('',*,*,#6952,.T.);
#11174 = ORIENTED_EDGE('',*,*,#11126,.F.);
#11175 = ADVANCED_FACE('',(#11176),#3551,.F.);
#11176 = FACE_BOUND('',#11177,.F.);
#11177 = EDGE_LOOP('',(#11178,#11179,#11200,#11201));
#11178 = ORIENTED_EDGE('',*,*,#3536,.T.);
#11179 = ORIENTED_EDGE('',*,*,#11180,.T.);
#11180 = EDGE_CURVE('',#3511,#6907,#11181,.T.);
#11181 = SURFACE_CURVE('',#11182,(#11186,#11193),.PCURVE_S1.);
#11182 = LINE('',#11183,#11184);
#11183 = CARTESIAN_POINT('',(-23.52882207939,-52.29263548302,-1.));
#11184 = VECTOR('',#11185,1.);
#11185 = DIRECTION('',(0.,0.,1.));
#11186 = PCURVE('',#3551,#11187);
#11187 = DEFINITIONAL_REPRESENTATION('',(#11188),#11192);
#11188 = LINE('',#11189,#11190);
#11189 = CARTESIAN_POINT('',(0.,0.));
#11190 = VECTOR('',#11191,1.);
#11191 = DIRECTION('',(0.,-1.));
#11192 = ( GEOMETRIC_REPRESENTATION_CONTEXT(2) 
PARAMETRIC_REPRESENTATION_CONTEXT() REPRESENTATION_CONTEXT('2D SPACE',''
  ) );
#11193 = PCURVE('',#3525,#11194);
#11194 = DEFINITIONAL_REPRESENTATION('',(#11195),#11199);
#11195 = LINE('',#11196,#11197);
#11196 = CARTESIAN_POINT('',(0.294051420989,0.));
#11197 = VECTOR('',#11198,1.);
#11198 = DIRECTION('',(0.,-1.));
#11199 = ( GEOMETRIC_REPRESENTATION_CONTEXT(2) 
PARAMETRIC_REPRESENTATION_CONTEXT() REPRESENTATION_CONTEXT('2D SPACE',''
  ) );
#11200 = ORIENTED_EDGE('',*,*,#6929,.T.);
#11201 = ORIENTED_EDGE('',*,*,#11153,.F.);
#11202 = ADVANCED_FACE('',(#11203),#3525,.F.);
#11203 = FACE_BOUND('',#11204,.F.);
#11204 = EDGE_LOOP('',(#11205,#11206,#11227,#11228));
#11205 = ORIENTED_EDGE('',*,*,#3510,.T.);
#11206 = ORIENTED_EDGE('',*,*,#11207,.T.);
#11207 = EDGE_CURVE('',#3485,#6884,#11208,.T.);
#11208 = SURFACE_CURVE('',#11209,(#11213,#11220),.PCURVE_S1.);
#11209 = LINE('',#11210,#11211);
#11210 = CARTESIAN_POINT('',(-23.5,-52.,-1.));
#11211 = VECTOR('',#11212,1.);
#11212 = DIRECTION('',(0.,0.,1.));
#11213 = PCURVE('',#3525,#11214);
#11214 = DEFINITIONAL_REPRESENTATION('',(#11215),#11219);
#11215 = LINE('',#11216,#11217);
#11216 = CARTESIAN_POINT('',(0.,0.));
#11217 = VECTOR('',#11218,1.);
#11218 = DIRECTION('',(0.,-1.));
#11219 = ( GEOMETRIC_REPRESENTATION_CONTEXT(2) 
PARAMETRIC_REPRESENTATION_CONTEXT() REPRESENTATION_CONTEXT('2D SPACE',''
  ) );
#11220 = PCURVE('',#3499,#11221);
#11221 = DEFINITIONAL_REPRESENTATION('',(#11222),#11226);
#11222 = LINE('',#11223,#11224);
#11223 = CARTESIAN_POINT('',(4.,0.));
#11224 = VECTOR('',#11225,1.);
#11225 = DIRECTION('',(0.,-1.));
#11226 = ( GEOMETRIC_REPRESENTATION_CONTEXT(2) 
PARAMETRIC_REPRESENTATION_CONTEXT() REPRESENTATION_CONTEXT('2D SPACE',''
  ) );
#11227 = ORIENTED_EDGE('',*,*,#6906,.T.);
#11228 = ORIENTED_EDGE('',*,*,#11180,.F.);
#11229 = ADVANCED_FACE('',(#11230),#3499,.F.);
#11230 = FACE_BOUND('',#11231,.F.);
#11231 = EDGE_LOOP('',(#11232,#11233,#11254,#11255));
#11232 = ORIENTED_EDGE('',*,*,#3484,.T.);
#11233 = ORIENTED_EDGE('',*,*,#11234,.T.);
#11234 = EDGE_CURVE('',#3459,#6861,#11235,.T.);
#11235 = SURFACE_CURVE('',#11236,(#11240,#11247),.PCURVE_S1.);
#11236 = LINE('',#11237,#11238);
#11237 = CARTESIAN_POINT('',(-23.5,-48.,-1.));
#11238 = VECTOR('',#11239,1.);
#11239 = DIRECTION('',(0.,0.,1.));
#11240 = PCURVE('',#3499,#11241);
#11241 = DEFINITIONAL_REPRESENTATION('',(#11242),#11246);
#11242 = LINE('',#11243,#11244);
#11243 = CARTESIAN_POINT('',(0.,0.));
#11244 = VECTOR('',#11245,1.);
#11245 = DIRECTION('',(0.,-1.));
#11246 = ( GEOMETRIC_REPRESENTATION_CONTEXT(2) 
PARAMETRIC_REPRESENTATION_CONTEXT() REPRESENTATION_CONTEXT('2D SPACE',''
  ) );
#11247 = PCURVE('',#3473,#11248);
#11248 = DEFINITIONAL_REPRESENTATION('',(#11249),#11253);
#11249 = LINE('',#11250,#11251);
#11250 = CARTESIAN_POINT('',(0.294051420989,0.));
#11251 = VECTOR('',#11252,1.);
#11252 = DIRECTION('',(0.,-1.));
#11253 = ( GEOMETRIC_REPRESENTATION_CONTEXT(2) 
PARAMETRIC_REPRESENTATION_CONTEXT() REPRESENTATION_CONTEXT('2D SPACE',''
  ) );
#11254 = ORIENTED_EDGE('',*,*,#6883,.T.);
#11255 = ORIENTED_EDGE('',*,*,#11207,.F.);
#11256 = ADVANCED_FACE('',(#11257),#3473,.F.);
#11257 = FACE_BOUND('',#11258,.F.);
#11258 = EDGE_LOOP('',(#11259,#11260,#11281,#11282));
#11259 = ORIENTED_EDGE('',*,*,#3458,.T.);
#11260 = ORIENTED_EDGE('',*,*,#11261,.T.);
#11261 = EDGE_CURVE('',#3433,#6838,#11262,.T.);
#11262 = SURFACE_CURVE('',#11263,(#11267,#11274),.PCURVE_S1.);
#11263 = LINE('',#11264,#11265);
#11264 = CARTESIAN_POINT('',(-23.52882207939,-47.70736451697,-1.));
#11265 = VECTOR('',#11266,1.);
#11266 = DIRECTION('',(0.,0.,1.));
#11267 = PCURVE('',#3473,#11268);
#11268 = DEFINITIONAL_REPRESENTATION('',(#11269),#11273);
#11269 = LINE('',#11270,#11271);
#11270 = CARTESIAN_POINT('',(0.,0.));
#11271 = VECTOR('',#11272,1.);
#11272 = DIRECTION('',(0.,-1.));
#11273 = ( GEOMETRIC_REPRESENTATION_CONTEXT(2) 
PARAMETRIC_REPRESENTATION_CONTEXT() REPRESENTATION_CONTEXT('2D SPACE',''
  ) );
#11274 = PCURVE('',#3447,#11275);
#11275 = DEFINITIONAL_REPRESENTATION('',(#11276),#11280);
#11276 = LINE('',#11277,#11278);
#11277 = CARTESIAN_POINT('',(0.294051420989,0.));
#11278 = VECTOR('',#11279,1.);
#11279 = DIRECTION('',(0.,-1.));
#11280 = ( GEOMETRIC_REPRESENTATION_CONTEXT(2) 
PARAMETRIC_REPRESENTATION_CONTEXT() REPRESENTATION_CONTEXT('2D SPACE',''
  ) );
#11281 = ORIENTED_EDGE('',*,*,#6860,.T.);
#11282 = ORIENTED_EDGE('',*,*,#11234,.F.);
#11283 = ADVANCED_FACE('',(#11284),#3447,.F.);
#11284 = FACE_BOUND('',#11285,.F.);
#11285 = EDGE_LOOP('',(#11286,#11287,#11308,#11309));
#11286 = ORIENTED_EDGE('',*,*,#3432,.T.);
#11287 = ORIENTED_EDGE('',*,*,#11288,.T.);
#11288 = EDGE_CURVE('',#3407,#6815,#11289,.T.);
#11289 = SURFACE_CURVE('',#11290,(#11294,#11301),.PCURVE_S1.);
#11290 = LINE('',#11291,#11292);
#11291 = CARTESIAN_POINT('',(-23.61418070123,-47.42597485145,-1.));
#11292 = VECTOR('',#11293,1.);
#11293 = DIRECTION('',(0.,0.,1.));
#11294 = PCURVE('',#3447,#11295);
#11295 = DEFINITIONAL_REPRESENTATION('',(#11296),#11300);
#11296 = LINE('',#11297,#11298);
#11297 = CARTESIAN_POINT('',(0.,0.));
#11298 = VECTOR('',#11299,1.);
#11299 = DIRECTION('',(0.,-1.));
#11300 = ( GEOMETRIC_REPRESENTATION_CONTEXT(2) 
PARAMETRIC_REPRESENTATION_CONTEXT() REPRESENTATION_CONTEXT('2D SPACE',''
  ) );
#11301 = PCURVE('',#3421,#11302);
#11302 = DEFINITIONAL_REPRESENTATION('',(#11303),#11307);
#11303 = LINE('',#11304,#11305);
#11304 = CARTESIAN_POINT('',(0.294051420989,0.));
#11305 = VECTOR('',#11306,1.);
#11306 = DIRECTION('',(0.,-1.));
#11307 = ( GEOMETRIC_REPRESENTATION_CONTEXT(2) 
PARAMETRIC_REPRESENTATION_CONTEXT() REPRESENTATION_CONTEXT('2D SPACE',''
  ) );
#11308 = ORIENTED_EDGE('',*,*,#6837,.T.);
#11309 = ORIENTED_EDGE('',*,*,#11261,.F.);
#11310 = ADVANCED_FACE('',(#11311),#3421,.F.);
#11311 = FACE_BOUND('',#11312,.F.);
#11312 = EDGE_LOOP('',(#11313,#11314,#11335,#11336));
#11313 = ORIENTED_EDGE('',*,*,#3406,.T.);
#11314 = ORIENTED_EDGE('',*,*,#11315,.T.);
#11315 = EDGE_CURVE('',#3381,#6792,#11316,.T.);
#11316 = SURFACE_CURVE('',#11317,(#11321,#11328),.PCURVE_S1.);
#11317 = LINE('',#11318,#11319);
#11318 = CARTESIAN_POINT('',(-23.75279558154,-47.16664465047,-1.));
#11319 = VECTOR('',#11320,1.);
#11320 = DIRECTION('',(0.,0.,1.));
#11321 = PCURVE('',#3421,#11322);
#11322 = DEFINITIONAL_REPRESENTATION('',(#11323),#11327);
#11323 = LINE('',#11324,#11325);
#11324 = CARTESIAN_POINT('',(0.,0.));
#11325 = VECTOR('',#11326,1.);
#11326 = DIRECTION('',(0.,-1.));
#11327 = ( GEOMETRIC_REPRESENTATION_CONTEXT(2) 
PARAMETRIC_REPRESENTATION_CONTEXT() REPRESENTATION_CONTEXT('2D SPACE',''
  ) );
#11328 = PCURVE('',#3395,#11329);
#11329 = DEFINITIONAL_REPRESENTATION('',(#11330),#11334);
#11330 = LINE('',#11331,#11332);
#11331 = CARTESIAN_POINT('',(0.294051420989,0.));
#11332 = VECTOR('',#11333,1.);
#11333 = DIRECTION('',(0.,-1.));
#11334 = ( GEOMETRIC_REPRESENTATION_CONTEXT(2) 
PARAMETRIC_REPRESENTATION_CONTEXT() REPRESENTATION_CONTEXT('2D SPACE',''
  ) );
#11335 = ORIENTED_EDGE('',*,*,#6814,.T.);
#11336 = ORIENTED_EDGE('',*,*,#11288,.F.);
#11337 = ADVANCED_FACE('',(#11338),#3395,.F.);
#11338 = FACE_BOUND('',#11339,.F.);
#11339 = EDGE_LOOP('',(#11340,#11341,#11362,#11363));
#11340 = ORIENTED_EDGE('',*,*,#3380,.T.);
#11341 = ORIENTED_EDGE('',*,*,#11342,.T.);
#11342 = EDGE_CURVE('',#3355,#6769,#11343,.T.);
#11343 = SURFACE_CURVE('',#11344,(#11348,#11355),.PCURVE_S1.);
#11344 = LINE('',#11345,#11346);
#11345 = CARTESIAN_POINT('',(-23.93933982822,-46.93933982822,-1.));
#11346 = VECTOR('',#11347,1.);
#11347 = DIRECTION('',(0.,0.,1.));
#11348 = PCURVE('',#3395,#11349);
#11349 = DEFINITIONAL_REPRESENTATION('',(#11350),#11354);
#11350 = LINE('',#11351,#11352);
#11351 = CARTESIAN_POINT('',(0.,0.));
#11352 = VECTOR('',#11353,1.);
#11353 = DIRECTION('',(0.,-1.));
#11354 = ( GEOMETRIC_REPRESENTATION_CONTEXT(2) 
PARAMETRIC_REPRESENTATION_CONTEXT() REPRESENTATION_CONTEXT('2D SPACE',''
  ) );
#11355 = PCURVE('',#3369,#11356);
#11356 = DEFINITIONAL_REPRESENTATION('',(#11357),#11361);
#11357 = LINE('',#11358,#11359);
#11358 = CARTESIAN_POINT('',(0.294051420989,0.));
#11359 = VECTOR('',#11360,1.);
#11360 = DIRECTION('',(0.,-1.));
#11361 = ( GEOMETRIC_REPRESENTATION_CONTEXT(2) 
PARAMETRIC_REPRESENTATION_CONTEXT() REPRESENTATION_CONTEXT('2D SPACE',''
  ) );
#11362 = ORIENTED_EDGE('',*,*,#6791,.T.);
#11363 = ORIENTED_EDGE('',*,*,#11315,.F.);
#11364 = ADVANCED_FACE('',(#11365),#3369,.F.);
#11365 = FACE_BOUND('',#11366,.F.);
#11366 = EDGE_LOOP('',(#11367,#11368,#11389,#11390));
#11367 = ORIENTED_EDGE('',*,*,#3354,.T.);
#11368 = ORIENTED_EDGE('',*,*,#11369,.T.);
#11369 = EDGE_CURVE('',#3329,#6746,#11370,.T.);
#11370 = SURFACE_CURVE('',#11371,(#11375,#11382),.PCURVE_S1.);
#11371 = LINE('',#11372,#11373);
#11372 = CARTESIAN_POINT('',(-24.16664465047,-46.75279558154,-1.));
#11373 = VECTOR('',#11374,1.);
#11374 = DIRECTION('',(0.,0.,1.));
#11375 = PCURVE('',#3369,#11376);
#11376 = DEFINITIONAL_REPRESENTATION('',(#11377),#11381);
#11377 = LINE('',#11378,#11379);
#11378 = CARTESIAN_POINT('',(0.,0.));
#11379 = VECTOR('',#11380,1.);
#11380 = DIRECTION('',(0.,-1.));
#11381 = ( GEOMETRIC_REPRESENTATION_CONTEXT(2) 
PARAMETRIC_REPRESENTATION_CONTEXT() REPRESENTATION_CONTEXT('2D SPACE',''
  ) );
#11382 = PCURVE('',#3343,#11383);
#11383 = DEFINITIONAL_REPRESENTATION('',(#11384),#11388);
#11384 = LINE('',#11385,#11386);
#11385 = CARTESIAN_POINT('',(0.294051420989,0.));
#11386 = VECTOR('',#11387,1.);
#11387 = DIRECTION('',(0.,-1.));
#11388 = ( GEOMETRIC_REPRESENTATION_CONTEXT(2) 
PARAMETRIC_REPRESENTATION_CONTEXT() REPRESENTATION_CONTEXT('2D SPACE',''
  ) );
#11389 = ORIENTED_EDGE('',*,*,#6768,.T.);
#11390 = ORIENTED_EDGE('',*,*,#11342,.F.);
#11391 = ADVANCED_FACE('',(#11392),#3343,.F.);
#11392 = FACE_BOUND('',#11393,.F.);
#11393 = EDGE_LOOP('',(#11394,#11395,#11416,#11417));
#11394 = ORIENTED_EDGE('',*,*,#3328,.T.);
#11395 = ORIENTED_EDGE('',*,*,#11396,.T.);
#11396 = EDGE_CURVE('',#3303,#6723,#11397,.T.);
#11397 = SURFACE_CURVE('',#11398,(#11402,#11409),.PCURVE_S1.);
#11398 = LINE('',#11399,#11400);
#11399 = CARTESIAN_POINT('',(-24.42597485145,-46.61418070123,-1.));
#11400 = VECTOR('',#11401,1.);
#11401 = DIRECTION('',(0.,0.,1.));
#11402 = PCURVE('',#3343,#11403);
#11403 = DEFINITIONAL_REPRESENTATION('',(#11404),#11408);
#11404 = LINE('',#11405,#11406);
#11405 = CARTESIAN_POINT('',(0.,0.));
#11406 = VECTOR('',#11407,1.);
#11407 = DIRECTION('',(0.,-1.));
#11408 = ( GEOMETRIC_REPRESENTATION_CONTEXT(2) 
PARAMETRIC_REPRESENTATION_CONTEXT() REPRESENTATION_CONTEXT('2D SPACE',''
  ) );
#11409 = PCURVE('',#3317,#11410);
#11410 = DEFINITIONAL_REPRESENTATION('',(#11411),#11415);
#11411 = LINE('',#11412,#11413);
#11412 = CARTESIAN_POINT('',(0.294051420989,0.));
#11413 = VECTOR('',#11414,1.);
#11414 = DIRECTION('',(0.,-1.));
#11415 = ( GEOMETRIC_REPRESENTATION_CONTEXT(2) 
PARAMETRIC_REPRESENTATION_CONTEXT() REPRESENTATION_CONTEXT('2D SPACE',''
  ) );
#11416 = ORIENTED_EDGE('',*,*,#6745,.T.);
#11417 = ORIENTED_EDGE('',*,*,#11369,.F.);
#11418 = ADVANCED_FACE('',(#11419),#3317,.F.);
#11419 = FACE_BOUND('',#11420,.F.);
#11420 = EDGE_LOOP('',(#11421,#11422,#11443,#11444));
#11421 = ORIENTED_EDGE('',*,*,#3302,.T.);
#11422 = ORIENTED_EDGE('',*,*,#11423,.T.);
#11423 = EDGE_CURVE('',#3277,#6700,#11424,.T.);
#11424 = SURFACE_CURVE('',#11425,(#11429,#11436),.PCURVE_S1.);
#11425 = LINE('',#11426,#11427);
#11426 = CARTESIAN_POINT('',(-24.70736451697,-46.52882207939,-1.));
#11427 = VECTOR('',#11428,1.);
#11428 = DIRECTION('',(0.,0.,1.));
#11429 = PCURVE('',#3317,#11430);
#11430 = DEFINITIONAL_REPRESENTATION('',(#11431),#11435);
#11431 = LINE('',#11432,#11433);
#11432 = CARTESIAN_POINT('',(0.,0.));
#11433 = VECTOR('',#11434,1.);
#11434 = DIRECTION('',(0.,-1.));
#11435 = ( GEOMETRIC_REPRESENTATION_CONTEXT(2) 
PARAMETRIC_REPRESENTATION_CONTEXT() REPRESENTATION_CONTEXT('2D SPACE',''
  ) );
#11436 = PCURVE('',#3291,#11437);
#11437 = DEFINITIONAL_REPRESENTATION('',(#11438),#11442);
#11438 = LINE('',#11439,#11440);
#11439 = CARTESIAN_POINT('',(0.294051420989,0.));
#11440 = VECTOR('',#11441,1.);
#11441 = DIRECTION('',(0.,-1.));
#11442 = ( GEOMETRIC_REPRESENTATION_CONTEXT(2) 
PARAMETRIC_REPRESENTATION_CONTEXT() REPRESENTATION_CONTEXT('2D SPACE',''
  ) );
#11443 = ORIENTED_EDGE('',*,*,#6722,.T.);
#11444 = ORIENTED_EDGE('',*,*,#11396,.F.);
#11445 = ADVANCED_FACE('',(#11446),#3291,.F.);
#11446 = FACE_BOUND('',#11447,.F.);
#11447 = EDGE_LOOP('',(#11448,#11449,#11470,#11471));
#11448 = ORIENTED_EDGE('',*,*,#3276,.T.);
#11449 = ORIENTED_EDGE('',*,*,#11450,.T.);
#11450 = EDGE_CURVE('',#3251,#6677,#11451,.T.);
#11451 = SURFACE_CURVE('',#11452,(#11456,#11463),.PCURVE_S1.);
#11452 = LINE('',#11453,#11454);
#11453 = CARTESIAN_POINT('',(-25.,-46.5,-1.));
#11454 = VECTOR('',#11455,1.);
#11455 = DIRECTION('',(0.,0.,1.));
#11456 = PCURVE('',#3291,#11457);
#11457 = DEFINITIONAL_REPRESENTATION('',(#11458),#11462);
#11458 = LINE('',#11459,#11460);
#11459 = CARTESIAN_POINT('',(0.,0.));
#11460 = VECTOR('',#11461,1.);
#11461 = DIRECTION('',(0.,-1.));
#11462 = ( GEOMETRIC_REPRESENTATION_CONTEXT(2) 
PARAMETRIC_REPRESENTATION_CONTEXT() REPRESENTATION_CONTEXT('2D SPACE',''
  ) );
#11463 = PCURVE('',#3265,#11464);
#11464 = DEFINITIONAL_REPRESENTATION('',(#11465),#11469);
#11465 = LINE('',#11466,#11467);
#11466 = CARTESIAN_POINT('',(9.15,0.));
#11467 = VECTOR('',#11468,1.);
#11468 = DIRECTION('',(0.,-1.));
#11469 = ( GEOMETRIC_REPRESENTATION_CONTEXT(2) 
PARAMETRIC_REPRESENTATION_CONTEXT() REPRESENTATION_CONTEXT('2D SPACE',''
  ) );
#11470 = ORIENTED_EDGE('',*,*,#6699,.T.);
#11471 = ORIENTED_EDGE('',*,*,#11423,.F.);
#11472 = ADVANCED_FACE('',(#11473),#3265,.F.);
#11473 = FACE_BOUND('',#11474,.F.);
#11474 = EDGE_LOOP('',(#11475,#11476,#11497,#11498));
#11475 = ORIENTED_EDGE('',*,*,#3250,.T.);
#11476 = ORIENTED_EDGE('',*,*,#11477,.T.);
#11477 = EDGE_CURVE('',#3225,#6654,#11478,.T.);
#11478 = SURFACE_CURVE('',#11479,(#11483,#11490),.PCURVE_S1.);
#11479 = LINE('',#11480,#11481);
#11480 = CARTESIAN_POINT('',(-34.15,-46.5,-1.));
#11481 = VECTOR('',#11482,1.);
#11482 = DIRECTION('',(0.,0.,1.));
#11483 = PCURVE('',#3265,#11484);
#11484 = DEFINITIONAL_REPRESENTATION('',(#11485),#11489);
#11485 = LINE('',#11486,#11487);
#11486 = CARTESIAN_POINT('',(0.,0.));
#11487 = VECTOR('',#11488,1.);
#11488 = DIRECTION('',(0.,-1.));
#11489 = ( GEOMETRIC_REPRESENTATION_CONTEXT(2) 
PARAMETRIC_REPRESENTATION_CONTEXT() REPRESENTATION_CONTEXT('2D SPACE',''
  ) );
#11490 = PCURVE('',#3239,#11491);
#11491 = DEFINITIONAL_REPRESENTATION('',(#11492),#11496);
#11492 = LINE('',#11493,#11494);
#11493 = CARTESIAN_POINT('',(0.26464627889,0.));
#11494 = VECTOR('',#11495,1.);
#11495 = DIRECTION('',(0.,-1.));
#11496 = ( GEOMETRIC_REPRESENTATION_CONTEXT(2) 
PARAMETRIC_REPRESENTATION_CONTEXT() REPRESENTATION_CONTEXT('2D SPACE',''
  ) );
#11497 = ORIENTED_EDGE('',*,*,#6676,.T.);
#11498 = ORIENTED_EDGE('',*,*,#11450,.F.);
#11499 = ADVANCED_FACE('',(#11500),#3239,.F.);
#11500 = FACE_BOUND('',#11501,.F.);
#11501 = EDGE_LOOP('',(#11502,#11503,#11524,#11525));
#11502 = ORIENTED_EDGE('',*,*,#3224,.T.);
#11503 = ORIENTED_EDGE('',*,*,#11504,.T.);
#11504 = EDGE_CURVE('',#3199,#6631,#11505,.T.);
#11505 = SURFACE_CURVE('',#11506,(#11510,#11517),.PCURVE_S1.);
#11506 = LINE('',#11507,#11508);
#11507 = CARTESIAN_POINT('',(-34.41337193472,-46.52593987145,-1.));
#11508 = VECTOR('',#11509,1.);
#11509 = DIRECTION('',(0.,0.,1.));
#11510 = PCURVE('',#3239,#11511);
#11511 = DEFINITIONAL_REPRESENTATION('',(#11512),#11516);
#11512 = LINE('',#11513,#11514);
#11513 = CARTESIAN_POINT('',(0.,0.));
#11514 = VECTOR('',#11515,1.);
#11515 = DIRECTION('',(0.,-1.));
#11516 = ( GEOMETRIC_REPRESENTATION_CONTEXT(2) 
PARAMETRIC_REPRESENTATION_CONTEXT() REPRESENTATION_CONTEXT('2D SPACE',''
  ) );
#11517 = PCURVE('',#3213,#11518);
#11518 = DEFINITIONAL_REPRESENTATION('',(#11519),#11523);
#11519 = LINE('',#11520,#11521);
#11520 = CARTESIAN_POINT('',(0.26464627889,0.));
#11521 = VECTOR('',#11522,1.);
#11522 = DIRECTION('',(0.,-1.));
#11523 = ( GEOMETRIC_REPRESENTATION_CONTEXT(2) 
PARAMETRIC_REPRESENTATION_CONTEXT() REPRESENTATION_CONTEXT('2D SPACE',''
  ) );
#11524 = ORIENTED_EDGE('',*,*,#6653,.T.);
#11525 = ORIENTED_EDGE('',*,*,#11477,.F.);
#11526 = ADVANCED_FACE('',(#11527),#3213,.F.);
#11527 = FACE_BOUND('',#11528,.F.);
#11528 = EDGE_LOOP('',(#11529,#11530,#11551,#11552));
#11529 = ORIENTED_EDGE('',*,*,#3198,.T.);
#11530 = ORIENTED_EDGE('',*,*,#11531,.T.);
#11531 = EDGE_CURVE('',#3173,#6608,#11532,.T.);
#11532 = SURFACE_CURVE('',#11533,(#11537,#11544),.PCURVE_S1.);
#11533 = LINE('',#11534,#11535);
#11534 = CARTESIAN_POINT('',(-34.66662263369,-46.60276263111,-1.));
#11535 = VECTOR('',#11536,1.);
#11536 = DIRECTION('',(0.,0.,1.));
#11537 = PCURVE('',#3213,#11538);
#11538 = DEFINITIONAL_REPRESENTATION('',(#11539),#11543);
#11539 = LINE('',#11540,#11541);
#11540 = CARTESIAN_POINT('',(0.,0.));
#11541 = VECTOR('',#11542,1.);
#11542 = DIRECTION('',(0.,-1.));
#11543 = ( GEOMETRIC_REPRESENTATION_CONTEXT(2) 
PARAMETRIC_REPRESENTATION_CONTEXT() REPRESENTATION_CONTEXT('2D SPACE',''
  ) );
#11544 = PCURVE('',#3187,#11545);
#11545 = DEFINITIONAL_REPRESENTATION('',(#11546),#11550);
#11546 = LINE('',#11547,#11548);
#11547 = CARTESIAN_POINT('',(0.26464627889,0.));
#11548 = VECTOR('',#11549,1.);
#11549 = DIRECTION('',(0.,-1.));
#11550 = ( GEOMETRIC_REPRESENTATION_CONTEXT(2) 
PARAMETRIC_REPRESENTATION_CONTEXT() REPRESENTATION_CONTEXT('2D SPACE',''
  ) );
#11551 = ORIENTED_EDGE('',*,*,#6630,.T.);
#11552 = ORIENTED_EDGE('',*,*,#11504,.F.);
#11553 = ADVANCED_FACE('',(#11554),#3187,.F.);
#11554 = FACE_BOUND('',#11555,.F.);
#11555 = EDGE_LOOP('',(#11556,#11557,#11578,#11579));
#11556 = ORIENTED_EDGE('',*,*,#3172,.T.);
#11557 = ORIENTED_EDGE('',*,*,#11558,.T.);
#11558 = EDGE_CURVE('',#3147,#6585,#11559,.T.);
#11559 = SURFACE_CURVE('',#11560,(#11564,#11571),.PCURVE_S1.);
#11560 = LINE('',#11561,#11562);
#11561 = CARTESIAN_POINT('',(-34.90001981457,-46.72751602339,-1.));
#11562 = VECTOR('',#11563,1.);
#11563 = DIRECTION('',(0.,0.,1.));
#11564 = PCURVE('',#3187,#11565);
#11565 = DEFINITIONAL_REPRESENTATION('',(#11566),#11570);
#11566 = LINE('',#11567,#11568);
#11567 = CARTESIAN_POINT('',(0.,0.));
#11568 = VECTOR('',#11569,1.);
#11569 = DIRECTION('',(0.,-1.));
#11570 = ( GEOMETRIC_REPRESENTATION_CONTEXT(2) 
PARAMETRIC_REPRESENTATION_CONTEXT() REPRESENTATION_CONTEXT('2D SPACE',''
  ) );
#11571 = PCURVE('',#3161,#11572);
#11572 = DEFINITIONAL_REPRESENTATION('',(#11573),#11577);
#11573 = LINE('',#11574,#11575);
#11574 = CARTESIAN_POINT('',(0.26464627889,0.));
#11575 = VECTOR('',#11576,1.);
#11576 = DIRECTION('',(0.,-1.));
#11577 = ( GEOMETRIC_REPRESENTATION_CONTEXT(2) 
PARAMETRIC_REPRESENTATION_CONTEXT() REPRESENTATION_CONTEXT('2D SPACE',''
  ) );
#11578 = ORIENTED_EDGE('',*,*,#6607,.T.);
#11579 = ORIENTED_EDGE('',*,*,#11531,.F.);
#11580 = ADVANCED_FACE('',(#11581),#3161,.F.);
#11581 = FACE_BOUND('',#11582,.F.);
#11582 = EDGE_LOOP('',(#11583,#11584,#11605,#11606));
#11583 = ORIENTED_EDGE('',*,*,#3146,.T.);
#11584 = ORIENTED_EDGE('',*,*,#11585,.T.);
#11585 = EDGE_CURVE('',#3121,#6562,#11586,.T.);
#11586 = SURFACE_CURVE('',#11587,(#11591,#11598),.PCURVE_S1.);
#11587 = LINE('',#11588,#11589);
#11588 = CARTESIAN_POINT('',(-35.1045941546,-46.89540584539,-1.));
#11589 = VECTOR('',#11590,1.);
#11590 = DIRECTION('',(0.,0.,1.));
#11591 = PCURVE('',#3161,#11592);
#11592 = DEFINITIONAL_REPRESENTATION('',(#11593),#11597);
#11593 = LINE('',#11594,#11595);
#11594 = CARTESIAN_POINT('',(0.,0.));
#11595 = VECTOR('',#11596,1.);
#11596 = DIRECTION('',(0.,-1.));
#11597 = ( GEOMETRIC_REPRESENTATION_CONTEXT(2) 
PARAMETRIC_REPRESENTATION_CONTEXT() REPRESENTATION_CONTEXT('2D SPACE',''
  ) );
#11598 = PCURVE('',#3135,#11599);
#11599 = DEFINITIONAL_REPRESENTATION('',(#11600),#11604);
#11600 = LINE('',#11601,#11602);
#11601 = CARTESIAN_POINT('',(0.26464627889,0.));
#11602 = VECTOR('',#11603,1.);
#11603 = DIRECTION('',(0.,-1.));
#11604 = ( GEOMETRIC_REPRESENTATION_CONTEXT(2) 
PARAMETRIC_REPRESENTATION_CONTEXT() REPRESENTATION_CONTEXT('2D SPACE',''
  ) );
#11605 = ORIENTED_EDGE('',*,*,#6584,.T.);
#11606 = ORIENTED_EDGE('',*,*,#11558,.F.);
#11607 = ADVANCED_FACE('',(#11608),#3135,.F.);
#11608 = FACE_BOUND('',#11609,.F.);
#11609 = EDGE_LOOP('',(#11610,#11611,#11632,#11633));
#11610 = ORIENTED_EDGE('',*,*,#3120,.T.);
#11611 = ORIENTED_EDGE('',*,*,#11612,.T.);
#11612 = EDGE_CURVE('',#3095,#6539,#11613,.T.);
#11613 = SURFACE_CURVE('',#11614,(#11618,#11625),.PCURVE_S1.);
#11614 = LINE('',#11615,#11616);
#11615 = CARTESIAN_POINT('',(-35.2724839766,-47.09998018542,-1.));
#11616 = VECTOR('',#11617,1.);
#11617 = DIRECTION('',(0.,0.,1.));
#11618 = PCURVE('',#3135,#11619);
#11619 = DEFINITIONAL_REPRESENTATION('',(#11620),#11624);
#11620 = LINE('',#11621,#11622);
#11621 = CARTESIAN_POINT('',(0.,0.));
#11622 = VECTOR('',#11623,1.);
#11623 = DIRECTION('',(0.,-1.));
#11624 = ( GEOMETRIC_REPRESENTATION_CONTEXT(2) 
PARAMETRIC_REPRESENTATION_CONTEXT() REPRESENTATION_CONTEXT('2D SPACE',''
  ) );
#11625 = PCURVE('',#3109,#11626);
#11626 = DEFINITIONAL_REPRESENTATION('',(#11627),#11631);
#11627 = LINE('',#11628,#11629);
#11628 = CARTESIAN_POINT('',(0.26464627889,0.));
#11629 = VECTOR('',#11630,1.);
#11630 = DIRECTION('',(0.,-1.));
#11631 = ( GEOMETRIC_REPRESENTATION_CONTEXT(2) 
PARAMETRIC_REPRESENTATION_CONTEXT() REPRESENTATION_CONTEXT('2D SPACE',''
  ) );
#11632 = ORIENTED_EDGE('',*,*,#6561,.T.);
#11633 = ORIENTED_EDGE('',*,*,#11585,.F.);
#11634 = ADVANCED_FACE('',(#11635),#3109,.F.);
#11635 = FACE_BOUND('',#11636,.F.);
#11636 = EDGE_LOOP('',(#11637,#11638,#11659,#11660));
#11637 = ORIENTED_EDGE('',*,*,#3094,.T.);
#11638 = ORIENTED_EDGE('',*,*,#11639,.T.);
#11639 = EDGE_CURVE('',#3069,#6516,#11640,.T.);
#11640 = SURFACE_CURVE('',#11641,(#11645,#11652),.PCURVE_S1.);
#11641 = LINE('',#11642,#11643);
#11642 = CARTESIAN_POINT('',(-35.39723736889,-47.3333773663,-1.));
#11643 = VECTOR('',#11644,1.);
#11644 = DIRECTION('',(0.,0.,1.));
#11645 = PCURVE('',#3109,#11646);
#11646 = DEFINITIONAL_REPRESENTATION('',(#11647),#11651);
#11647 = LINE('',#11648,#11649);
#11648 = CARTESIAN_POINT('',(0.,0.));
#11649 = VECTOR('',#11650,1.);
#11650 = DIRECTION('',(0.,-1.));
#11651 = ( GEOMETRIC_REPRESENTATION_CONTEXT(2) 
PARAMETRIC_REPRESENTATION_CONTEXT() REPRESENTATION_CONTEXT('2D SPACE',''
  ) );
#11652 = PCURVE('',#3083,#11653);
#11653 = DEFINITIONAL_REPRESENTATION('',(#11654),#11658);
#11654 = LINE('',#11655,#11656);
#11655 = CARTESIAN_POINT('',(0.26464627889,0.));
#11656 = VECTOR('',#11657,1.);
#11657 = DIRECTION('',(0.,-1.));
#11658 = ( GEOMETRIC_REPRESENTATION_CONTEXT(2) 
PARAMETRIC_REPRESENTATION_CONTEXT() REPRESENTATION_CONTEXT('2D SPACE',''
  ) );
#11659 = ORIENTED_EDGE('',*,*,#6538,.T.);
#11660 = ORIENTED_EDGE('',*,*,#11612,.F.);
#11661 = ADVANCED_FACE('',(#11662),#3083,.F.);
#11662 = FACE_BOUND('',#11663,.F.);
#11663 = EDGE_LOOP('',(#11664,#11665,#11686,#11687));
#11664 = ORIENTED_EDGE('',*,*,#3068,.T.);
#11665 = ORIENTED_EDGE('',*,*,#11666,.T.);
#11666 = EDGE_CURVE('',#3043,#6493,#11667,.T.);
#11667 = SURFACE_CURVE('',#11668,(#11672,#11679),.PCURVE_S1.);
#11668 = LINE('',#11669,#11670);
#11669 = CARTESIAN_POINT('',(-35.47406012854,-47.58662806527,-1.));
#11670 = VECTOR('',#11671,1.);
#11671 = DIRECTION('',(0.,0.,1.));
#11672 = PCURVE('',#3083,#11673);
#11673 = DEFINITIONAL_REPRESENTATION('',(#11674),#11678);
#11674 = LINE('',#11675,#11676);
#11675 = CARTESIAN_POINT('',(0.,0.));
#11676 = VECTOR('',#11677,1.);
#11677 = DIRECTION('',(0.,-1.));
#11678 = ( GEOMETRIC_REPRESENTATION_CONTEXT(2) 
PARAMETRIC_REPRESENTATION_CONTEXT() REPRESENTATION_CONTEXT('2D SPACE',''
  ) );
#11679 = PCURVE('',#3057,#11680);
#11680 = DEFINITIONAL_REPRESENTATION('',(#11681),#11685);
#11681 = LINE('',#11682,#11683);
#11682 = CARTESIAN_POINT('',(0.26464627889,0.));
#11683 = VECTOR('',#11684,1.);
#11684 = DIRECTION('',(0.,-1.));
#11685 = ( GEOMETRIC_REPRESENTATION_CONTEXT(2) 
PARAMETRIC_REPRESENTATION_CONTEXT() REPRESENTATION_CONTEXT('2D SPACE',''
  ) );
#11686 = ORIENTED_EDGE('',*,*,#6515,.T.);
#11687 = ORIENTED_EDGE('',*,*,#11639,.F.);
#11688 = ADVANCED_FACE('',(#11689),#3057,.F.);
#11689 = FACE_BOUND('',#11690,.F.);
#11690 = EDGE_LOOP('',(#11691,#11692,#11713,#11714));
#11691 = ORIENTED_EDGE('',*,*,#3042,.T.);
#11692 = ORIENTED_EDGE('',*,*,#11693,.T.);
#11693 = EDGE_CURVE('',#3017,#6470,#11694,.T.);
#11694 = SURFACE_CURVE('',#11695,(#11699,#11706),.PCURVE_S1.);
#11695 = LINE('',#11696,#11697);
#11696 = CARTESIAN_POINT('',(-35.5,-47.85,-1.));
#11697 = VECTOR('',#11698,1.);
#11698 = DIRECTION('',(0.,0.,1.));
#11699 = PCURVE('',#3057,#11700);
#11700 = DEFINITIONAL_REPRESENTATION('',(#11701),#11705);
#11701 = LINE('',#11702,#11703);
#11702 = CARTESIAN_POINT('',(0.,0.));
#11703 = VECTOR('',#11704,1.);
#11704 = DIRECTION('',(0.,-1.));
#11705 = ( GEOMETRIC_REPRESENTATION_CONTEXT(2) 
PARAMETRIC_REPRESENTATION_CONTEXT() REPRESENTATION_CONTEXT('2D SPACE',''
  ) );
#11706 = PCURVE('',#3031,#11707);
#11707 = DEFINITIONAL_REPRESENTATION('',(#11708),#11712);
#11708 = LINE('',#11709,#11710);
#11709 = CARTESIAN_POINT('',(0.3,0.));
#11710 = VECTOR('',#11711,1.);
#11711 = DIRECTION('',(0.,-1.));
#11712 = ( GEOMETRIC_REPRESENTATION_CONTEXT(2) 
PARAMETRIC_REPRESENTATION_CONTEXT() REPRESENTATION_CONTEXT('2D SPACE',''
  ) );
#11713 = ORIENTED_EDGE('',*,*,#6492,.T.);
#11714 = ORIENTED_EDGE('',*,*,#11666,.F.);
#11715 = ADVANCED_FACE('',(#11716),#3031,.F.);
#11716 = FACE_BOUND('',#11717,.F.);
#11717 = EDGE_LOOP('',(#11718,#11719,#11740,#11741));
#11718 = ORIENTED_EDGE('',*,*,#3016,.T.);
#11719 = ORIENTED_EDGE('',*,*,#11720,.T.);
#11720 = EDGE_CURVE('',#2991,#6447,#11721,.T.);
#11721 = SURFACE_CURVE('',#11722,(#11726,#11733),.PCURVE_S1.);
#11722 = LINE('',#11723,#11724);
#11723 = CARTESIAN_POINT('',(-35.5,-48.15,-1.));
#11724 = VECTOR('',#11725,1.);
#11725 = DIRECTION('',(0.,0.,1.));
#11726 = PCURVE('',#3031,#11727);
#11727 = DEFINITIONAL_REPRESENTATION('',(#11728),#11732);
#11728 = LINE('',#11729,#11730);
#11729 = CARTESIAN_POINT('',(0.,0.));
#11730 = VECTOR('',#11731,1.);
#11731 = DIRECTION('',(0.,-1.));
#11732 = ( GEOMETRIC_REPRESENTATION_CONTEXT(2) 
PARAMETRIC_REPRESENTATION_CONTEXT() REPRESENTATION_CONTEXT('2D SPACE',''
  ) );
#11733 = PCURVE('',#3005,#11734);
#11734 = DEFINITIONAL_REPRESENTATION('',(#11735),#11739);
#11735 = LINE('',#11736,#11737);
#11736 = CARTESIAN_POINT('',(0.26464627889,0.));
#11737 = VECTOR('',#11738,1.);
#11738 = DIRECTION('',(0.,-1.));
#11739 = ( GEOMETRIC_REPRESENTATION_CONTEXT(2) 
PARAMETRIC_REPRESENTATION_CONTEXT() REPRESENTATION_CONTEXT('2D SPACE',''
  ) );
#11740 = ORIENTED_EDGE('',*,*,#6469,.T.);
#11741 = ORIENTED_EDGE('',*,*,#11693,.F.);
#11742 = ADVANCED_FACE('',(#11743),#3005,.F.);
#11743 = FACE_BOUND('',#11744,.F.);
#11744 = EDGE_LOOP('',(#11745,#11746,#11767,#11768));
#11745 = ORIENTED_EDGE('',*,*,#2990,.T.);
#11746 = ORIENTED_EDGE('',*,*,#11747,.T.);
#11747 = EDGE_CURVE('',#2965,#6424,#11748,.T.);
#11748 = SURFACE_CURVE('',#11749,(#11753,#11760),.PCURVE_S1.);
#11749 = LINE('',#11750,#11751);
#11750 = CARTESIAN_POINT('',(-35.52593987145,-48.41337193472,-1.));
#11751 = VECTOR('',#11752,1.);
#11752 = DIRECTION('',(0.,0.,1.));
#11753 = PCURVE('',#3005,#11754);
#11754 = DEFINITIONAL_REPRESENTATION('',(#11755),#11759);
#11755 = LINE('',#11756,#11757);
#11756 = CARTESIAN_POINT('',(0.,0.));
#11757 = VECTOR('',#11758,1.);
#11758 = DIRECTION('',(0.,-1.));
#11759 = ( GEOMETRIC_REPRESENTATION_CONTEXT(2) 
PARAMETRIC_REPRESENTATION_CONTEXT() REPRESENTATION_CONTEXT('2D SPACE',''
  ) );
#11760 = PCURVE('',#2979,#11761);
#11761 = DEFINITIONAL_REPRESENTATION('',(#11762),#11766);
#11762 = LINE('',#11763,#11764);
#11763 = CARTESIAN_POINT('',(0.26464627889,0.));
#11764 = VECTOR('',#11765,1.);
#11765 = DIRECTION('',(0.,-1.));
#11766 = ( GEOMETRIC_REPRESENTATION_CONTEXT(2) 
PARAMETRIC_REPRESENTATION_CONTEXT() REPRESENTATION_CONTEXT('2D SPACE',''
  ) );
#11767 = ORIENTED_EDGE('',*,*,#6446,.T.);
#11768 = ORIENTED_EDGE('',*,*,#11720,.F.);
#11769 = ADVANCED_FACE('',(#11770),#2979,.F.);
#11770 = FACE_BOUND('',#11771,.F.);
#11771 = EDGE_LOOP('',(#11772,#11773,#11794,#11795));
#11772 = ORIENTED_EDGE('',*,*,#2964,.T.);
#11773 = ORIENTED_EDGE('',*,*,#11774,.T.);
#11774 = EDGE_CURVE('',#2939,#6401,#11775,.T.);
#11775 = SURFACE_CURVE('',#11776,(#11780,#11787),.PCURVE_S1.);
#11776 = LINE('',#11777,#11778);
#11777 = CARTESIAN_POINT('',(-35.60276263111,-48.66662263369,-1.));
#11778 = VECTOR('',#11779,1.);
#11779 = DIRECTION('',(0.,0.,1.));
#11780 = PCURVE('',#2979,#11781);
#11781 = DEFINITIONAL_REPRESENTATION('',(#11782),#11786);
#11782 = LINE('',#11783,#11784);
#11783 = CARTESIAN_POINT('',(0.,0.));
#11784 = VECTOR('',#11785,1.);
#11785 = DIRECTION('',(0.,-1.));
#11786 = ( GEOMETRIC_REPRESENTATION_CONTEXT(2) 
PARAMETRIC_REPRESENTATION_CONTEXT() REPRESENTATION_CONTEXT('2D SPACE',''
  ) );
#11787 = PCURVE('',#2953,#11788);
#11788 = DEFINITIONAL_REPRESENTATION('',(#11789),#11793);
#11789 = LINE('',#11790,#11791);
#11790 = CARTESIAN_POINT('',(0.26464627889,0.));
#11791 = VECTOR('',#11792,1.);
#11792 = DIRECTION('',(0.,-1.));
#11793 = ( GEOMETRIC_REPRESENTATION_CONTEXT(2) 
PARAMETRIC_REPRESENTATION_CONTEXT() REPRESENTATION_CONTEXT('2D SPACE',''
  ) );
#11794 = ORIENTED_EDGE('',*,*,#6423,.T.);
#11795 = ORIENTED_EDGE('',*,*,#11747,.F.);
#11796 = ADVANCED_FACE('',(#11797),#2953,.F.);
#11797 = FACE_BOUND('',#11798,.F.);
#11798 = EDGE_LOOP('',(#11799,#11800,#11821,#11822));
#11799 = ORIENTED_EDGE('',*,*,#2938,.T.);
#11800 = ORIENTED_EDGE('',*,*,#11801,.T.);
#11801 = EDGE_CURVE('',#2913,#6378,#11802,.T.);
#11802 = SURFACE_CURVE('',#11803,(#11807,#11814),.PCURVE_S1.);
#11803 = LINE('',#11804,#11805);
#11804 = CARTESIAN_POINT('',(-35.72751602339,-48.90001981457,-1.));
#11805 = VECTOR('',#11806,1.);
#11806 = DIRECTION('',(0.,0.,1.));
#11807 = PCURVE('',#2953,#11808);
#11808 = DEFINITIONAL_REPRESENTATION('',(#11809),#11813);
#11809 = LINE('',#11810,#11811);
#11810 = CARTESIAN_POINT('',(0.,0.));
#11811 = VECTOR('',#11812,1.);
#11812 = DIRECTION('',(0.,-1.));
#11813 = ( GEOMETRIC_REPRESENTATION_CONTEXT(2) 
PARAMETRIC_REPRESENTATION_CONTEXT() REPRESENTATION_CONTEXT('2D SPACE',''
  ) );
#11814 = PCURVE('',#2927,#11815);
#11815 = DEFINITIONAL_REPRESENTATION('',(#11816),#11820);
#11816 = LINE('',#11817,#11818);
#11817 = CARTESIAN_POINT('',(0.26464627889,0.));
#11818 = VECTOR('',#11819,1.);
#11819 = DIRECTION('',(0.,-1.));
#11820 = ( GEOMETRIC_REPRESENTATION_CONTEXT(2) 
PARAMETRIC_REPRESENTATION_CONTEXT() REPRESENTATION_CONTEXT('2D SPACE',''
  ) );
#11821 = ORIENTED_EDGE('',*,*,#6400,.T.);
#11822 = ORIENTED_EDGE('',*,*,#11774,.F.);
#11823 = ADVANCED_FACE('',(#11824),#2927,.F.);
#11824 = FACE_BOUND('',#11825,.F.);
#11825 = EDGE_LOOP('',(#11826,#11827,#11848,#11849));
#11826 = ORIENTED_EDGE('',*,*,#2912,.T.);
#11827 = ORIENTED_EDGE('',*,*,#11828,.T.);
#11828 = EDGE_CURVE('',#2887,#6355,#11829,.T.);
#11829 = SURFACE_CURVE('',#11830,(#11834,#11841),.PCURVE_S1.);
#11830 = LINE('',#11831,#11832);
#11831 = CARTESIAN_POINT('',(-35.89540584539,-49.1045941546,-1.));
#11832 = VECTOR('',#11833,1.);
#11833 = DIRECTION('',(0.,0.,1.));
#11834 = PCURVE('',#2927,#11835);
#11835 = DEFINITIONAL_REPRESENTATION('',(#11836),#11840);
#11836 = LINE('',#11837,#11838);
#11837 = CARTESIAN_POINT('',(0.,0.));
#11838 = VECTOR('',#11839,1.);
#11839 = DIRECTION('',(0.,-1.));
#11840 = ( GEOMETRIC_REPRESENTATION_CONTEXT(2) 
PARAMETRIC_REPRESENTATION_CONTEXT() REPRESENTATION_CONTEXT('2D SPACE',''
  ) );
#11841 = PCURVE('',#2901,#11842);
#11842 = DEFINITIONAL_REPRESENTATION('',(#11843),#11847);
#11843 = LINE('',#11844,#11845);
#11844 = CARTESIAN_POINT('',(0.26464627889,0.));
#11845 = VECTOR('',#11846,1.);
#11846 = DIRECTION('',(0.,-1.));
#11847 = ( GEOMETRIC_REPRESENTATION_CONTEXT(2) 
PARAMETRIC_REPRESENTATION_CONTEXT() REPRESENTATION_CONTEXT('2D SPACE',''
  ) );
#11848 = ORIENTED_EDGE('',*,*,#6377,.T.);
#11849 = ORIENTED_EDGE('',*,*,#11801,.F.);
#11850 = ADVANCED_FACE('',(#11851),#2901,.F.);
#11851 = FACE_BOUND('',#11852,.F.);
#11852 = EDGE_LOOP('',(#11853,#11854,#11875,#11876));
#11853 = ORIENTED_EDGE('',*,*,#2886,.T.);
#11854 = ORIENTED_EDGE('',*,*,#11855,.T.);
#11855 = EDGE_CURVE('',#2861,#6332,#11856,.T.);
#11856 = SURFACE_CURVE('',#11857,(#11861,#11868),.PCURVE_S1.);
#11857 = LINE('',#11858,#11859);
#11858 = CARTESIAN_POINT('',(-36.09998018542,-49.2724839766,-1.));
#11859 = VECTOR('',#11860,1.);
#11860 = DIRECTION('',(0.,0.,1.));
#11861 = PCURVE('',#2901,#11862);
#11862 = DEFINITIONAL_REPRESENTATION('',(#11863),#11867);
#11863 = LINE('',#11864,#11865);
#11864 = CARTESIAN_POINT('',(0.,0.));
#11865 = VECTOR('',#11866,1.);
#11866 = DIRECTION('',(0.,-1.));
#11867 = ( GEOMETRIC_REPRESENTATION_CONTEXT(2) 
PARAMETRIC_REPRESENTATION_CONTEXT() REPRESENTATION_CONTEXT('2D SPACE',''
  ) );
#11868 = PCURVE('',#2875,#11869);
#11869 = DEFINITIONAL_REPRESENTATION('',(#11870),#11874);
#11870 = LINE('',#11871,#11872);
#11871 = CARTESIAN_POINT('',(0.26464627889,0.));
#11872 = VECTOR('',#11873,1.);
#11873 = DIRECTION('',(0.,-1.));
#11874 = ( GEOMETRIC_REPRESENTATION_CONTEXT(2) 
PARAMETRIC_REPRESENTATION_CONTEXT() REPRESENTATION_CONTEXT('2D SPACE',''
  ) );
#11875 = ORIENTED_EDGE('',*,*,#6354,.T.);
#11876 = ORIENTED_EDGE('',*,*,#11828,.F.);
#11877 = ADVANCED_FACE('',(#11878),#2875,.F.);
#11878 = FACE_BOUND('',#11879,.F.);
#11879 = EDGE_LOOP('',(#11880,#11881,#11902,#11903));
#11880 = ORIENTED_EDGE('',*,*,#2860,.T.);
#11881 = ORIENTED_EDGE('',*,*,#11882,.T.);
#11882 = EDGE_CURVE('',#2835,#6309,#11883,.T.);
#11883 = SURFACE_CURVE('',#11884,(#11888,#11895),.PCURVE_S1.);
#11884 = LINE('',#11885,#11886);
#11885 = CARTESIAN_POINT('',(-36.3333773663,-49.39723736889,-1.));
#11886 = VECTOR('',#11887,1.);
#11887 = DIRECTION('',(0.,0.,1.));
#11888 = PCURVE('',#2875,#11889);
#11889 = DEFINITIONAL_REPRESENTATION('',(#11890),#11894);
#11890 = LINE('',#11891,#11892);
#11891 = CARTESIAN_POINT('',(0.,0.));
#11892 = VECTOR('',#11893,1.);
#11893 = DIRECTION('',(0.,-1.));
#11894 = ( GEOMETRIC_REPRESENTATION_CONTEXT(2) 
PARAMETRIC_REPRESENTATION_CONTEXT() REPRESENTATION_CONTEXT('2D SPACE',''
  ) );
#11895 = PCURVE('',#2849,#11896);
#11896 = DEFINITIONAL_REPRESENTATION('',(#11897),#11901);
#11897 = LINE('',#11898,#11899);
#11898 = CARTESIAN_POINT('',(0.26464627889,0.));
#11899 = VECTOR('',#11900,1.);
#11900 = DIRECTION('',(0.,-1.));
#11901 = ( GEOMETRIC_REPRESENTATION_CONTEXT(2) 
PARAMETRIC_REPRESENTATION_CONTEXT() REPRESENTATION_CONTEXT('2D SPACE',''
  ) );
#11902 = ORIENTED_EDGE('',*,*,#6331,.T.);
#11903 = ORIENTED_EDGE('',*,*,#11855,.F.);
#11904 = ADVANCED_FACE('',(#11905),#2849,.F.);
#11905 = FACE_BOUND('',#11906,.F.);
#11906 = EDGE_LOOP('',(#11907,#11908,#11929,#11930));
#11907 = ORIENTED_EDGE('',*,*,#2834,.T.);
#11908 = ORIENTED_EDGE('',*,*,#11909,.T.);
#11909 = EDGE_CURVE('',#2809,#6286,#11910,.T.);
#11910 = SURFACE_CURVE('',#11911,(#11915,#11922),.PCURVE_S1.);
#11911 = LINE('',#11912,#11913);
#11912 = CARTESIAN_POINT('',(-36.58662806527,-49.47406012854,-1.));
#11913 = VECTOR('',#11914,1.);
#11914 = DIRECTION('',(0.,0.,1.));
#11915 = PCURVE('',#2849,#11916);
#11916 = DEFINITIONAL_REPRESENTATION('',(#11917),#11921);
#11917 = LINE('',#11918,#11919);
#11918 = CARTESIAN_POINT('',(0.,0.));
#11919 = VECTOR('',#11920,1.);
#11920 = DIRECTION('',(0.,-1.));
#11921 = ( GEOMETRIC_REPRESENTATION_CONTEXT(2) 
PARAMETRIC_REPRESENTATION_CONTEXT() REPRESENTATION_CONTEXT('2D SPACE',''
  ) );
#11922 = PCURVE('',#2823,#11923);
#11923 = DEFINITIONAL_REPRESENTATION('',(#11924),#11928);
#11924 = LINE('',#11925,#11926);
#11925 = CARTESIAN_POINT('',(0.26464627889,0.));
#11926 = VECTOR('',#11927,1.);
#11927 = DIRECTION('',(0.,-1.));
#11928 = ( GEOMETRIC_REPRESENTATION_CONTEXT(2) 
PARAMETRIC_REPRESENTATION_CONTEXT() REPRESENTATION_CONTEXT('2D SPACE',''
  ) );
#11929 = ORIENTED_EDGE('',*,*,#6308,.T.);
#11930 = ORIENTED_EDGE('',*,*,#11882,.F.);
#11931 = ADVANCED_FACE('',(#11932),#2823,.F.);
#11932 = FACE_BOUND('',#11933,.F.);
#11933 = EDGE_LOOP('',(#11934,#11935,#11956,#11957));
#11934 = ORIENTED_EDGE('',*,*,#2808,.T.);
#11935 = ORIENTED_EDGE('',*,*,#11936,.T.);
#11936 = EDGE_CURVE('',#2783,#6263,#11937,.T.);
#11937 = SURFACE_CURVE('',#11938,(#11942,#11949),.PCURVE_S1.);
#11938 = LINE('',#11939,#11940);
#11939 = CARTESIAN_POINT('',(-36.85,-49.5,-1.));
#11940 = VECTOR('',#11941,1.);
#11941 = DIRECTION('',(0.,0.,1.));
#11942 = PCURVE('',#2823,#11943);
#11943 = DEFINITIONAL_REPRESENTATION('',(#11944),#11948);
#11944 = LINE('',#11945,#11946);
#11945 = CARTESIAN_POINT('',(0.,0.));
#11946 = VECTOR('',#11947,1.);
#11947 = DIRECTION('',(0.,-1.));
#11948 = ( GEOMETRIC_REPRESENTATION_CONTEXT(2) 
PARAMETRIC_REPRESENTATION_CONTEXT() REPRESENTATION_CONTEXT('2D SPACE',''
  ) );
#11949 = PCURVE('',#2797,#11950);
#11950 = DEFINITIONAL_REPRESENTATION('',(#11951),#11955);
#11951 = LINE('',#11952,#11953);
#11952 = CARTESIAN_POINT('',(6.15,0.));
#11953 = VECTOR('',#11954,1.);
#11954 = DIRECTION('',(0.,-1.));
#11955 = ( GEOMETRIC_REPRESENTATION_CONTEXT(2) 
PARAMETRIC_REPRESENTATION_CONTEXT() REPRESENTATION_CONTEXT('2D SPACE',''
  ) );
#11956 = ORIENTED_EDGE('',*,*,#6285,.T.);
#11957 = ORIENTED_EDGE('',*,*,#11909,.F.);
#11958 = ADVANCED_FACE('',(#11959),#2797,.F.);
#11959 = FACE_BOUND('',#11960,.F.);
#11960 = EDGE_LOOP('',(#11961,#11962,#11983,#11984));
#11961 = ORIENTED_EDGE('',*,*,#2782,.T.);
#11962 = ORIENTED_EDGE('',*,*,#11963,.T.);
#11963 = EDGE_CURVE('',#2757,#6240,#11964,.T.);
#11964 = SURFACE_CURVE('',#11965,(#11969,#11976),.PCURVE_S1.);
#11965 = LINE('',#11966,#11967);
#11966 = CARTESIAN_POINT('',(-43.,-49.5,-1.));
#11967 = VECTOR('',#11968,1.);
#11968 = DIRECTION('',(0.,0.,1.));
#11969 = PCURVE('',#2797,#11970);
#11970 = DEFINITIONAL_REPRESENTATION('',(#11971),#11975);
#11971 = LINE('',#11972,#11973);
#11972 = CARTESIAN_POINT('',(0.,0.));
#11973 = VECTOR('',#11974,1.);
#11974 = DIRECTION('',(0.,-1.));
#11975 = ( GEOMETRIC_REPRESENTATION_CONTEXT(2) 
PARAMETRIC_REPRESENTATION_CONTEXT() REPRESENTATION_CONTEXT('2D SPACE',''
  ) );
#11976 = PCURVE('',#2771,#11977);
#11977 = DEFINITIONAL_REPRESENTATION('',(#11978),#11982);
#11978 = LINE('',#11979,#11980);
#11979 = CARTESIAN_POINT('',(0.294051420989,0.));
#11980 = VECTOR('',#11981,1.);
#11981 = DIRECTION('',(0.,-1.));
#11982 = ( GEOMETRIC_REPRESENTATION_CONTEXT(2) 
PARAMETRIC_REPRESENTATION_CONTEXT() REPRESENTATION_CONTEXT('2D SPACE',''
  ) );
#11983 = ORIENTED_EDGE('',*,*,#6262,.T.);
#11984 = ORIENTED_EDGE('',*,*,#11936,.F.);
#11985 = ADVANCED_FACE('',(#11986),#2771,.F.);
#11986 = FACE_BOUND('',#11987,.F.);
#11987 = EDGE_LOOP('',(#11988,#11989,#12010,#12011));
#11988 = ORIENTED_EDGE('',*,*,#2756,.T.);
#11989 = ORIENTED_EDGE('',*,*,#11990,.T.);
#11990 = EDGE_CURVE('',#2731,#6217,#11991,.T.);
#11991 = SURFACE_CURVE('',#11992,(#11996,#12003),.PCURVE_S1.);
#11992 = LINE('',#11993,#11994);
#11993 = CARTESIAN_POINT('',(-43.29263548302,-49.52882207939,-1.));
#11994 = VECTOR('',#11995,1.);
#11995 = DIRECTION('',(0.,0.,1.));
#11996 = PCURVE('',#2771,#11997);
#11997 = DEFINITIONAL_REPRESENTATION('',(#11998),#12002);
#11998 = LINE('',#11999,#12000);
#11999 = CARTESIAN_POINT('',(0.,0.));
#12000 = VECTOR('',#12001,1.);
#12001 = DIRECTION('',(0.,-1.));
#12002 = ( GEOMETRIC_REPRESENTATION_CONTEXT(2) 
PARAMETRIC_REPRESENTATION_CONTEXT() REPRESENTATION_CONTEXT('2D SPACE',''
  ) );
#12003 = PCURVE('',#2745,#12004);
#12004 = DEFINITIONAL_REPRESENTATION('',(#12005),#12009);
#12005 = LINE('',#12006,#12007);
#12006 = CARTESIAN_POINT('',(0.294051420989,0.));
#12007 = VECTOR('',#12008,1.);
#12008 = DIRECTION('',(0.,-1.));
#12009 = ( GEOMETRIC_REPRESENTATION_CONTEXT(2) 
PARAMETRIC_REPRESENTATION_CONTEXT() REPRESENTATION_CONTEXT('2D SPACE',''
  ) );
#12010 = ORIENTED_EDGE('',*,*,#6239,.T.);
#12011 = ORIENTED_EDGE('',*,*,#11963,.F.);
#12012 = ADVANCED_FACE('',(#12013),#2745,.F.);
#12013 = FACE_BOUND('',#12014,.F.);
#12014 = EDGE_LOOP('',(#12015,#12016,#12037,#12038));
#12015 = ORIENTED_EDGE('',*,*,#2730,.T.);
#12016 = ORIENTED_EDGE('',*,*,#12017,.T.);
#12017 = EDGE_CURVE('',#2705,#6194,#12018,.T.);
#12018 = SURFACE_CURVE('',#12019,(#12023,#12030),.PCURVE_S1.);
#12019 = LINE('',#12020,#12021);
#12020 = CARTESIAN_POINT('',(-43.57402514854,-49.61418070123,-1.));
#12021 = VECTOR('',#12022,1.);
#12022 = DIRECTION('',(0.,0.,1.));
#12023 = PCURVE('',#2745,#12024);
#12024 = DEFINITIONAL_REPRESENTATION('',(#12025),#12029);
#12025 = LINE('',#12026,#12027);
#12026 = CARTESIAN_POINT('',(0.,0.));
#12027 = VECTOR('',#12028,1.);
#12028 = DIRECTION('',(0.,-1.));
#12029 = ( GEOMETRIC_REPRESENTATION_CONTEXT(2) 
PARAMETRIC_REPRESENTATION_CONTEXT() REPRESENTATION_CONTEXT('2D SPACE',''
  ) );
#12030 = PCURVE('',#2719,#12031);
#12031 = DEFINITIONAL_REPRESENTATION('',(#12032),#12036);
#12032 = LINE('',#12033,#12034);
#12033 = CARTESIAN_POINT('',(0.294051420989,0.));
#12034 = VECTOR('',#12035,1.);
#12035 = DIRECTION('',(0.,-1.));
#12036 = ( GEOMETRIC_REPRESENTATION_CONTEXT(2) 
PARAMETRIC_REPRESENTATION_CONTEXT() REPRESENTATION_CONTEXT('2D SPACE',''
  ) );
#12037 = ORIENTED_EDGE('',*,*,#6216,.T.);
#12038 = ORIENTED_EDGE('',*,*,#11990,.F.);
#12039 = ADVANCED_FACE('',(#12040),#2719,.F.);
#12040 = FACE_BOUND('',#12041,.F.);
#12041 = EDGE_LOOP('',(#12042,#12043,#12064,#12065));
#12042 = ORIENTED_EDGE('',*,*,#2704,.T.);
#12043 = ORIENTED_EDGE('',*,*,#12044,.T.);
#12044 = EDGE_CURVE('',#2679,#6171,#12045,.T.);
#12045 = SURFACE_CURVE('',#12046,(#12050,#12057),.PCURVE_S1.);
#12046 = LINE('',#12047,#12048);
#12047 = CARTESIAN_POINT('',(-43.83335534952,-49.75279558154,-1.));
#12048 = VECTOR('',#12049,1.);
#12049 = DIRECTION('',(0.,0.,1.));
#12050 = PCURVE('',#2719,#12051);
#12051 = DEFINITIONAL_REPRESENTATION('',(#12052),#12056);
#12052 = LINE('',#12053,#12054);
#12053 = CARTESIAN_POINT('',(0.,0.));
#12054 = VECTOR('',#12055,1.);
#12055 = DIRECTION('',(0.,-1.));
#12056 = ( GEOMETRIC_REPRESENTATION_CONTEXT(2) 
PARAMETRIC_REPRESENTATION_CONTEXT() REPRESENTATION_CONTEXT('2D SPACE',''
  ) );
#12057 = PCURVE('',#2693,#12058);
#12058 = DEFINITIONAL_REPRESENTATION('',(#12059),#12063);
#12059 = LINE('',#12060,#12061);
#12060 = CARTESIAN_POINT('',(0.294051420989,0.));
#12061 = VECTOR('',#12062,1.);
#12062 = DIRECTION('',(0.,-1.));
#12063 = ( GEOMETRIC_REPRESENTATION_CONTEXT(2) 
PARAMETRIC_REPRESENTATION_CONTEXT() REPRESENTATION_CONTEXT('2D SPACE',''
  ) );
#12064 = ORIENTED_EDGE('',*,*,#6193,.T.);
#12065 = ORIENTED_EDGE('',*,*,#12017,.F.);
#12066 = ADVANCED_FACE('',(#12067),#2693,.F.);
#12067 = FACE_BOUND('',#12068,.F.);
#12068 = EDGE_LOOP('',(#12069,#12070,#12091,#12092));
#12069 = ORIENTED_EDGE('',*,*,#2678,.T.);
#12070 = ORIENTED_EDGE('',*,*,#12071,.T.);
#12071 = EDGE_CURVE('',#2653,#6148,#12072,.T.);
#12072 = SURFACE_CURVE('',#12073,(#12077,#12084),.PCURVE_S1.);
#12073 = LINE('',#12074,#12075);
#12074 = CARTESIAN_POINT('',(-44.06066017178,-49.93933982822,-1.));
#12075 = VECTOR('',#12076,1.);
#12076 = DIRECTION('',(0.,0.,1.));
#12077 = PCURVE('',#2693,#12078);
#12078 = DEFINITIONAL_REPRESENTATION('',(#12079),#12083);
#12079 = LINE('',#12080,#12081);
#12080 = CARTESIAN_POINT('',(0.,0.));
#12081 = VECTOR('',#12082,1.);
#12082 = DIRECTION('',(0.,-1.));
#12083 = ( GEOMETRIC_REPRESENTATION_CONTEXT(2) 
PARAMETRIC_REPRESENTATION_CONTEXT() REPRESENTATION_CONTEXT('2D SPACE',''
  ) );
#12084 = PCURVE('',#2667,#12085);
#12085 = DEFINITIONAL_REPRESENTATION('',(#12086),#12090);
#12086 = LINE('',#12087,#12088);
#12087 = CARTESIAN_POINT('',(0.294051420989,0.));
#12088 = VECTOR('',#12089,1.);
#12089 = DIRECTION('',(0.,-1.));
#12090 = ( GEOMETRIC_REPRESENTATION_CONTEXT(2) 
PARAMETRIC_REPRESENTATION_CONTEXT() REPRESENTATION_CONTEXT('2D SPACE',''
  ) );
#12091 = ORIENTED_EDGE('',*,*,#6170,.T.);
#12092 = ORIENTED_EDGE('',*,*,#12044,.F.);
#12093 = ADVANCED_FACE('',(#12094),#2667,.F.);
#12094 = FACE_BOUND('',#12095,.F.);
#12095 = EDGE_LOOP('',(#12096,#12097,#12118,#12119));
#12096 = ORIENTED_EDGE('',*,*,#2652,.T.);
#12097 = ORIENTED_EDGE('',*,*,#12098,.T.);
#12098 = EDGE_CURVE('',#2627,#6125,#12099,.T.);
#12099 = SURFACE_CURVE('',#12100,(#12104,#12111),.PCURVE_S1.);
#12100 = LINE('',#12101,#12102);
#12101 = CARTESIAN_POINT('',(-44.24720441845,-50.16664465047,-1.));
#12102 = VECTOR('',#12103,1.);
#12103 = DIRECTION('',(0.,0.,1.));
#12104 = PCURVE('',#2667,#12105);
#12105 = DEFINITIONAL_REPRESENTATION('',(#12106),#12110);
#12106 = LINE('',#12107,#12108);
#12107 = CARTESIAN_POINT('',(0.,0.));
#12108 = VECTOR('',#12109,1.);
#12109 = DIRECTION('',(0.,-1.));
#12110 = ( GEOMETRIC_REPRESENTATION_CONTEXT(2) 
PARAMETRIC_REPRESENTATION_CONTEXT() REPRESENTATION_CONTEXT('2D SPACE',''
  ) );
#12111 = PCURVE('',#2641,#12112);
#12112 = DEFINITIONAL_REPRESENTATION('',(#12113),#12117);
#12113 = LINE('',#12114,#12115);
#12114 = CARTESIAN_POINT('',(0.294051420989,0.));
#12115 = VECTOR('',#12116,1.);
#12116 = DIRECTION('',(0.,-1.));
#12117 = ( GEOMETRIC_REPRESENTATION_CONTEXT(2) 
PARAMETRIC_REPRESENTATION_CONTEXT() REPRESENTATION_CONTEXT('2D SPACE',''
  ) );
#12118 = ORIENTED_EDGE('',*,*,#6147,.T.);
#12119 = ORIENTED_EDGE('',*,*,#12071,.F.);
#12120 = ADVANCED_FACE('',(#12121),#2641,.F.);
#12121 = FACE_BOUND('',#12122,.F.);
#12122 = EDGE_LOOP('',(#12123,#12124,#12145,#12146));
#12123 = ORIENTED_EDGE('',*,*,#2626,.T.);
#12124 = ORIENTED_EDGE('',*,*,#12125,.T.);
#12125 = EDGE_CURVE('',#2601,#6102,#12126,.T.);
#12126 = SURFACE_CURVE('',#12127,(#12131,#12138),.PCURVE_S1.);
#12127 = LINE('',#12128,#12129);
#12128 = CARTESIAN_POINT('',(-44.38581929876,-50.42597485145,-1.));
#12129 = VECTOR('',#12130,1.);
#12130 = DIRECTION('',(0.,0.,1.));
#12131 = PCURVE('',#2641,#12132);
#12132 = DEFINITIONAL_REPRESENTATION('',(#12133),#12137);
#12133 = LINE('',#12134,#12135);
#12134 = CARTESIAN_POINT('',(0.,0.));
#12135 = VECTOR('',#12136,1.);
#12136 = DIRECTION('',(0.,-1.));
#12137 = ( GEOMETRIC_REPRESENTATION_CONTEXT(2) 
PARAMETRIC_REPRESENTATION_CONTEXT() REPRESENTATION_CONTEXT('2D SPACE',''
  ) );
#12138 = PCURVE('',#2615,#12139);
#12139 = DEFINITIONAL_REPRESENTATION('',(#12140),#12144);
#12140 = LINE('',#12141,#12142);
#12141 = CARTESIAN_POINT('',(0.294051420989,0.));
#12142 = VECTOR('',#12143,1.);
#12143 = DIRECTION('',(0.,-1.));
#12144 = ( GEOMETRIC_REPRESENTATION_CONTEXT(2) 
PARAMETRIC_REPRESENTATION_CONTEXT() REPRESENTATION_CONTEXT('2D SPACE',''
  ) );
#12145 = ORIENTED_EDGE('',*,*,#6124,.T.);
#12146 = ORIENTED_EDGE('',*,*,#12098,.F.);
#12147 = ADVANCED_FACE('',(#12148),#2615,.F.);
#12148 = FACE_BOUND('',#12149,.F.);
#12149 = EDGE_LOOP('',(#12150,#12151,#12152,#12153));
#12150 = ORIENTED_EDGE('',*,*,#2600,.T.);
#12151 = ORIENTED_EDGE('',*,*,#10723,.T.);
#12152 = ORIENTED_EDGE('',*,*,#6101,.T.);
#12153 = ORIENTED_EDGE('',*,*,#12125,.F.);
#12154 = ADVANCED_FACE('',(#12155),#3999,.F.);
#12155 = FACE_BOUND('',#12156,.T.);
#12156 = EDGE_LOOP('',(#12157,#12158,#12181,#12208));
#12157 = ORIENTED_EDGE('',*,*,#3978,.T.);
#12158 = ORIENTED_EDGE('',*,*,#12159,.T.);
#12159 = EDGE_CURVE('',#3979,#12160,#12162,.T.);
#12160 = VERTEX_POINT('',#12161);
#12161 = CARTESIAN_POINT('',(-36.75,-42.,1.));
#12162 = SEAM_CURVE('',#12163,(#12167,#12174),.PCURVE_S1.);
#12163 = LINE('',#12164,#12165);
#12164 = CARTESIAN_POINT('',(-36.75,-42.,-1.));
#12165 = VECTOR('',#12166,1.);
#12166 = DIRECTION('',(0.,0.,1.));
#12167 = PCURVE('',#3999,#12168);
#12168 = DEFINITIONAL_REPRESENTATION('',(#12169),#12173);
#12169 = LINE('',#12170,#12171);
#12170 = CARTESIAN_POINT('',(-6.28318530718,0.));
#12171 = VECTOR('',#12172,1.);
#12172 = DIRECTION('',(-0.,-1.));
#12173 = ( GEOMETRIC_REPRESENTATION_CONTEXT(2) 
PARAMETRIC_REPRESENTATION_CONTEXT() REPRESENTATION_CONTEXT('2D SPACE',''
  ) );
#12174 = PCURVE('',#3999,#12175);
#12175 = DEFINITIONAL_REPRESENTATION('',(#12176),#12180);
#12176 = LINE('',#12177,#12178);
#12177 = CARTESIAN_POINT('',(-0.,0.));
#12178 = VECTOR('',#12179,1.);
#12179 = DIRECTION('',(-0.,-1.));
#12180 = ( GEOMETRIC_REPRESENTATION_CONTEXT(2) 
PARAMETRIC_REPRESENTATION_CONTEXT() REPRESENTATION_CONTEXT('2D SPACE',''
  ) );
#12181 = ORIENTED_EDGE('',*,*,#12182,.T.);
#12182 = EDGE_CURVE('',#12160,#12160,#12183,.T.);
#12183 = SURFACE_CURVE('',#12184,(#12189,#12196),.PCURVE_S1.);
#12184 = CIRCLE('',#12185,3.5);
#12185 = AXIS2_PLACEMENT_3D('',#12186,#12187,#12188);
#12186 = CARTESIAN_POINT('',(-40.25,-42.,1.));
#12187 = DIRECTION('',(0.,0.,1.));
#12188 = DIRECTION('',(1.,0.,0.));
#12189 = PCURVE('',#3999,#12190);
#12190 = DEFINITIONAL_REPRESENTATION('',(#12191),#12195);
#12191 = LINE('',#12192,#12193);
#12192 = CARTESIAN_POINT('',(-0.,-2.));
#12193 = VECTOR('',#12194,1.);
#12194 = DIRECTION('',(-1.,0.));
#12195 = ( GEOMETRIC_REPRESENTATION_CONTEXT(2) 
PARAMETRIC_REPRESENTATION_CONTEXT() REPRESENTATION_CONTEXT('2D SPACE',''
  ) );
#12196 = PCURVE('',#12197,#12202);
#12197 = PLANE('',#12198);
#12198 = AXIS2_PLACEMENT_3D('',#12199,#12200,#12201);
#12199 = CARTESIAN_POINT('',(-40.25,-42.,1.));
#12200 = DIRECTION('',(0.,0.,1.));
#12201 = DIRECTION('',(1.,0.,-0.));
#12202 = DEFINITIONAL_REPRESENTATION('',(#12203),#12207);
#12203 = CIRCLE('',#12204,3.5);
#12204 = AXIS2_PLACEMENT_2D('',#12205,#12206);
#12205 = CARTESIAN_POINT('',(0.,-7.105427357601E-15));
#12206 = DIRECTION('',(1.,0.));
#12207 = ( GEOMETRIC_REPRESENTATION_CONTEXT(2) 
PARAMETRIC_REPRESENTATION_CONTEXT() REPRESENTATION_CONTEXT('2D SPACE',''
  ) );
#12208 = ORIENTED_EDGE('',*,*,#12159,.F.);
#12209 = ADVANCED_FACE('',(#12210),#4034,.F.);
#12210 = FACE_BOUND('',#12211,.T.);
#12211 = EDGE_LOOP('',(#12212,#12213,#12236,#12263));
#12212 = ORIENTED_EDGE('',*,*,#4013,.T.);
#12213 = ORIENTED_EDGE('',*,*,#12214,.T.);
#12214 = EDGE_CURVE('',#4014,#12215,#12217,.T.);
#12215 = VERTEX_POINT('',#12216);
#12216 = CARTESIAN_POINT('',(45.75,-42.,1.));
#12217 = SEAM_CURVE('',#12218,(#12222,#12229),.PCURVE_S1.);
#12218 = LINE('',#12219,#12220);
#12219 = CARTESIAN_POINT('',(45.75,-42.,-1.));
#12220 = VECTOR('',#12221,1.);
#12221 = DIRECTION('',(0.,0.,1.));
#12222 = PCURVE('',#4034,#12223);
#12223 = DEFINITIONAL_REPRESENTATION('',(#12224),#12228);
#12224 = LINE('',#12225,#12226);
#12225 = CARTESIAN_POINT('',(-6.28318530718,0.));
#12226 = VECTOR('',#12227,1.);
#12227 = DIRECTION('',(-0.,-1.));
#12228 = ( GEOMETRIC_REPRESENTATION_CONTEXT(2) 
PARAMETRIC_REPRESENTATION_CONTEXT() REPRESENTATION_CONTEXT('2D SPACE',''
  ) );
#12229 = PCURVE('',#4034,#12230);
#12230 = DEFINITIONAL_REPRESENTATION('',(#12231),#12235);
#12231 = LINE('',#12232,#12233);
#12232 = CARTESIAN_POINT('',(-0.,0.));
#12233 = VECTOR('',#12234,1.);
#12234 = DIRECTION('',(-0.,-1.));
#12235 = ( GEOMETRIC_REPRESENTATION_CONTEXT(2) 
PARAMETRIC_REPRESENTATION_CONTEXT() REPRESENTATION_CONTEXT('2D SPACE',''
  ) );
#12236 = ORIENTED_EDGE('',*,*,#12237,.T.);
#12237 = EDGE_CURVE('',#12215,#12215,#12238,.T.);
#12238 = SURFACE_CURVE('',#12239,(#12244,#12251),.PCURVE_S1.);
#12239 = CIRCLE('',#12240,3.5);
#12240 = AXIS2_PLACEMENT_3D('',#12241,#12242,#12243);
#12241 = CARTESIAN_POINT('',(42.25,-42.,1.));
#12242 = DIRECTION('',(0.,0.,1.));
#12243 = DIRECTION('',(1.,0.,0.));
#12244 = PCURVE('',#4034,#12245);
#12245 = DEFINITIONAL_REPRESENTATION('',(#12246),#12250);
#12246 = LINE('',#12247,#12248);
#12247 = CARTESIAN_POINT('',(-0.,-2.));
#12248 = VECTOR('',#12249,1.);
#12249 = DIRECTION('',(-1.,0.));
#12250 = ( GEOMETRIC_REPRESENTATION_CONTEXT(2) 
PARAMETRIC_REPRESENTATION_CONTEXT() REPRESENTATION_CONTEXT('2D SPACE',''
  ) );
#12251 = PCURVE('',#12252,#12257);
#12252 = PLANE('',#12253);
#12253 = AXIS2_PLACEMENT_3D('',#12254,#12255,#12256);
#12254 = CARTESIAN_POINT('',(42.25,-42.,1.));
#12255 = DIRECTION('',(0.,0.,1.));
#12256 = DIRECTION('',(1.,0.,-0.));
#12257 = DEFINITIONAL_REPRESENTATION('',(#12258),#12262);
#12258 = CIRCLE('',#12259,3.5);
#12259 = AXIS2_PLACEMENT_2D('',#12260,#12261);
#12260 = CARTESIAN_POINT('',(0.,-7.105427357601E-15));
#12261 = DIRECTION('',(1.,0.));
#12262 = ( GEOMETRIC_REPRESENTATION_CONTEXT(2) 
PARAMETRIC_REPRESENTATION_CONTEXT() REPRESENTATION_CONTEXT('2D SPACE',''
  ) );
#12263 = ORIENTED_EDGE('',*,*,#12214,.F.);
#12264 = ADVANCED_FACE('',(#12265),#4069,.F.);
#12265 = FACE_BOUND('',#12266,.T.);
#12266 = EDGE_LOOP('',(#12267,#12268,#12289,#12290));
#12267 = ORIENTED_EDGE('',*,*,#4048,.T.);
#12268 = ORIENTED_EDGE('',*,*,#12269,.T.);
#12269 = EDGE_CURVE('',#4049,#7479,#12270,.T.);
#12270 = SEAM_CURVE('',#12271,(#12275,#12282),.PCURVE_S1.);
#12271 = LINE('',#12272,#12273);
#12272 = CARTESIAN_POINT('',(45.,-0.75,-1.));
#12273 = VECTOR('',#12274,1.);
#12274 = DIRECTION('',(0.,0.,1.));
#12275 = PCURVE('',#4069,#12276);
#12276 = DEFINITIONAL_REPRESENTATION('',(#12277),#12281);
#12277 = LINE('',#12278,#12279);
#12278 = CARTESIAN_POINT('',(-6.28318530718,0.));
#12279 = VECTOR('',#12280,1.);
#12280 = DIRECTION('',(-0.,-1.));
#12281 = ( GEOMETRIC_REPRESENTATION_CONTEXT(2) 
PARAMETRIC_REPRESENTATION_CONTEXT() REPRESENTATION_CONTEXT('2D SPACE',''
  ) );
#12282 = PCURVE('',#4069,#12283);
#12283 = DEFINITIONAL_REPRESENTATION('',(#12284),#12288);
#12284 = LINE('',#12285,#12286);
#12285 = CARTESIAN_POINT('',(-0.,0.));
#12286 = VECTOR('',#12287,1.);
#12287 = DIRECTION('',(-0.,-1.));
#12288 = ( GEOMETRIC_REPRESENTATION_CONTEXT(2) 
PARAMETRIC_REPRESENTATION_CONTEXT() REPRESENTATION_CONTEXT('2D SPACE',''
  ) );
#12289 = ORIENTED_EDGE('',*,*,#7478,.T.);
#12290 = ORIENTED_EDGE('',*,*,#12269,.F.);
#12291 = ADVANCED_FACE('',(#12292),#4104,.F.);
#12292 = FACE_BOUND('',#12293,.T.);
#12293 = EDGE_LOOP('',(#12294,#12295,#12318,#12345));
#12294 = ORIENTED_EDGE('',*,*,#4083,.T.);
#12295 = ORIENTED_EDGE('',*,*,#12296,.T.);
#12296 = EDGE_CURVE('',#4084,#12297,#12299,.T.);
#12297 = VERTEX_POINT('',#12298);
#12298 = CARTESIAN_POINT('',(-36.75,40.5,1.));
#12299 = SEAM_CURVE('',#12300,(#12304,#12311),.PCURVE_S1.);
#12300 = LINE('',#12301,#12302);
#12301 = CARTESIAN_POINT('',(-36.75,40.5,-1.));
#12302 = VECTOR('',#12303,1.);
#12303 = DIRECTION('',(0.,0.,1.));
#12304 = PCURVE('',#4104,#12305);
#12305 = DEFINITIONAL_REPRESENTATION('',(#12306),#12310);
#12306 = LINE('',#12307,#12308);
#12307 = CARTESIAN_POINT('',(-6.28318530718,0.));
#12308 = VECTOR('',#12309,1.);
#12309 = DIRECTION('',(-0.,-1.));
#12310 = ( GEOMETRIC_REPRESENTATION_CONTEXT(2) 
PARAMETRIC_REPRESENTATION_CONTEXT() REPRESENTATION_CONTEXT('2D SPACE',''
  ) );
#12311 = PCURVE('',#4104,#12312);
#12312 = DEFINITIONAL_REPRESENTATION('',(#12313),#12317);
#12313 = LINE('',#12314,#12315);
#12314 = CARTESIAN_POINT('',(-0.,0.));
#12315 = VECTOR('',#12316,1.);
#12316 = DIRECTION('',(-0.,-1.));
#12317 = ( GEOMETRIC_REPRESENTATION_CONTEXT(2) 
PARAMETRIC_REPRESENTATION_CONTEXT() REPRESENTATION_CONTEXT('2D SPACE',''
  ) );
#12318 = ORIENTED_EDGE('',*,*,#12319,.T.);
#12319 = EDGE_CURVE('',#12297,#12297,#12320,.T.);
#12320 = SURFACE_CURVE('',#12321,(#12326,#12333),.PCURVE_S1.);
#12321 = CIRCLE('',#12322,3.5);
#12322 = AXIS2_PLACEMENT_3D('',#12323,#12324,#12325);
#12323 = CARTESIAN_POINT('',(-40.25,40.5,1.));
#12324 = DIRECTION('',(0.,0.,1.));
#12325 = DIRECTION('',(1.,0.,0.));
#12326 = PCURVE('',#4104,#12327);
#12327 = DEFINITIONAL_REPRESENTATION('',(#12328),#12332);
#12328 = LINE('',#12329,#12330);
#12329 = CARTESIAN_POINT('',(-0.,-2.));
#12330 = VECTOR('',#12331,1.);
#12331 = DIRECTION('',(-1.,0.));
#12332 = ( GEOMETRIC_REPRESENTATION_CONTEXT(2) 
PARAMETRIC_REPRESENTATION_CONTEXT() REPRESENTATION_CONTEXT('2D SPACE',''
  ) );
#12333 = PCURVE('',#12334,#12339);
#12334 = PLANE('',#12335);
#12335 = AXIS2_PLACEMENT_3D('',#12336,#12337,#12338);
#12336 = CARTESIAN_POINT('',(-40.25,40.5,1.));
#12337 = DIRECTION('',(0.,0.,1.));
#12338 = DIRECTION('',(1.,0.,-0.));
#12339 = DEFINITIONAL_REPRESENTATION('',(#12340),#12344);
#12340 = CIRCLE('',#12341,3.5);
#12341 = AXIS2_PLACEMENT_2D('',#12342,#12343);
#12342 = CARTESIAN_POINT('',(0.,0.));
#12343 = DIRECTION('',(1.,0.));
#12344 = ( GEOMETRIC_REPRESENTATION_CONTEXT(2) 
PARAMETRIC_REPRESENTATION_CONTEXT() REPRESENTATION_CONTEXT('2D SPACE',''
  ) );
#12345 = ORIENTED_EDGE('',*,*,#12296,.F.);
#12346 = ADVANCED_FACE('',(#12347),#4135,.T.);
#12347 = FACE_BOUND('',#12348,.T.);
#12348 = EDGE_LOOP('',(#12349,#12350,#12371,#12372));
#12349 = ORIENTED_EDGE('',*,*,#4118,.T.);
#12350 = ORIENTED_EDGE('',*,*,#12351,.T.);
#12351 = EDGE_CURVE('',#4121,#7634,#12352,.T.);
#12352 = SURFACE_CURVE('',#12353,(#12357,#12364),.PCURVE_S1.);
#12353 = LINE('',#12354,#12355);
#12354 = CARTESIAN_POINT('',(-44.4711779206,50.707364516976,-1.));
#12355 = VECTOR('',#12356,1.);
#12356 = DIRECTION('',(0.,0.,1.));
#12357 = PCURVE('',#4135,#12358);
#12358 = DEFINITIONAL_REPRESENTATION('',(#12359),#12363);
#12359 = LINE('',#12360,#12361);
#12360 = CARTESIAN_POINT('',(0.,0.));
#12361 = VECTOR('',#12362,1.);
#12362 = DIRECTION('',(0.,-1.));
#12363 = ( GEOMETRIC_REPRESENTATION_CONTEXT(2) 
PARAMETRIC_REPRESENTATION_CONTEXT() REPRESENTATION_CONTEXT('2D SPACE',''
  ) );
#12364 = PCURVE('',#4161,#12365);
#12365 = DEFINITIONAL_REPRESENTATION('',(#12366),#12370);
#12366 = LINE('',#12367,#12368);
#12367 = CARTESIAN_POINT('',(0.294051420989,0.));
#12368 = VECTOR('',#12369,1.);
#12369 = DIRECTION('',(0.,-1.));
#12370 = ( GEOMETRIC_REPRESENTATION_CONTEXT(2) 
PARAMETRIC_REPRESENTATION_CONTEXT() REPRESENTATION_CONTEXT('2D SPACE',''
  ) );
#12371 = ORIENTED_EDGE('',*,*,#8852,.T.);
#12372 = ORIENTED_EDGE('',*,*,#12373,.F.);
#12373 = EDGE_CURVE('',#4119,#8830,#12374,.T.);
#12374 = SURFACE_CURVE('',#12375,(#12379,#12386),.PCURVE_S1.);
#12375 = LINE('',#12376,#12377);
#12376 = CARTESIAN_POINT('',(-44.38581929876,50.425974851452,-1.));
#12377 = VECTOR('',#12378,1.);
#12378 = DIRECTION('',(0.,0.,1.));
#12379 = PCURVE('',#4135,#12380);
#12380 = DEFINITIONAL_REPRESENTATION('',(#12381),#12385);
#12381 = LINE('',#12382,#12383);
#12382 = CARTESIAN_POINT('',(0.294051420989,0.));
#12383 = VECTOR('',#12384,1.);
#12384 = DIRECTION('',(0.,-1.));
#12385 = ( GEOMETRIC_REPRESENTATION_CONTEXT(2) 
PARAMETRIC_REPRESENTATION_CONTEXT() REPRESENTATION_CONTEXT('2D SPACE',''
  ) );
#12386 = PCURVE('',#5511,#12387);
#12387 = DEFINITIONAL_REPRESENTATION('',(#12388),#12392);
#12388 = LINE('',#12389,#12390);
#12389 = CARTESIAN_POINT('',(0.,0.));
#12390 = VECTOR('',#12391,1.);
#12391 = DIRECTION('',(0.,-1.));
#12392 = ( GEOMETRIC_REPRESENTATION_CONTEXT(2) 
PARAMETRIC_REPRESENTATION_CONTEXT() REPRESENTATION_CONTEXT('2D SPACE',''
  ) );
#12393 = ADVANCED_FACE('',(#12394),#5511,.T.);
#12394 = FACE_BOUND('',#12395,.T.);
#12395 = EDGE_LOOP('',(#12396,#12397,#12398,#12399));
#12396 = ORIENTED_EDGE('',*,*,#5498,.T.);
#12397 = ORIENTED_EDGE('',*,*,#12373,.T.);
#12398 = ORIENTED_EDGE('',*,*,#8829,.T.);
#12399 = ORIENTED_EDGE('',*,*,#12400,.F.);
#12400 = EDGE_CURVE('',#5473,#8807,#12401,.T.);
#12401 = SURFACE_CURVE('',#12402,(#12406,#12413),.PCURVE_S1.);
#12402 = LINE('',#12403,#12404);
#12403 = CARTESIAN_POINT('',(-44.24720441845,50.166644650471,-1.));
#12404 = VECTOR('',#12405,1.);
#12405 = DIRECTION('',(0.,0.,1.));
#12406 = PCURVE('',#5511,#12407);
#12407 = DEFINITIONAL_REPRESENTATION('',(#12408),#12412);
#12408 = LINE('',#12409,#12410);
#12409 = CARTESIAN_POINT('',(0.294051420989,0.));
#12410 = VECTOR('',#12411,1.);
#12411 = DIRECTION('',(0.,-1.));
#12412 = ( GEOMETRIC_REPRESENTATION_CONTEXT(2) 
PARAMETRIC_REPRESENTATION_CONTEXT() REPRESENTATION_CONTEXT('2D SPACE',''
  ) );
#12413 = PCURVE('',#5487,#12414);
#12414 = DEFINITIONAL_REPRESENTATION('',(#12415),#12419);
#12415 = LINE('',#12416,#12417);
#12416 = CARTESIAN_POINT('',(0.,0.));
#12417 = VECTOR('',#12418,1.);
#12418 = DIRECTION('',(0.,-1.));
#12419 = ( GEOMETRIC_REPRESENTATION_CONTEXT(2) 
PARAMETRIC_REPRESENTATION_CONTEXT() REPRESENTATION_CONTEXT('2D SPACE',''
  ) );
#12420 = ADVANCED_FACE('',(#12421),#4161,.T.);
#12421 = FACE_BOUND('',#12422,.T.);
#12422 = EDGE_LOOP('',(#12423,#12424,#12445,#12446));
#12423 = ORIENTED_EDGE('',*,*,#4146,.T.);
#12424 = ORIENTED_EDGE('',*,*,#12425,.T.);
#12425 = EDGE_CURVE('',#4147,#7632,#12426,.T.);
#12426 = SURFACE_CURVE('',#12427,(#12431,#12438),.PCURVE_S1.);
#12427 = LINE('',#12428,#12429);
#12428 = CARTESIAN_POINT('',(-44.5,51.,-1.));
#12429 = VECTOR('',#12430,1.);
#12430 = DIRECTION('',(0.,0.,1.));
#12431 = PCURVE('',#4161,#12432);
#12432 = DEFINITIONAL_REPRESENTATION('',(#12433),#12437);
#12433 = LINE('',#12434,#12435);
#12434 = CARTESIAN_POINT('',(0.,0.));
#12435 = VECTOR('',#12436,1.);
#12436 = DIRECTION('',(0.,-1.));
#12437 = ( GEOMETRIC_REPRESENTATION_CONTEXT(2) 
PARAMETRIC_REPRESENTATION_CONTEXT() REPRESENTATION_CONTEXT('2D SPACE',''
  ) );
#12438 = PCURVE('',#4187,#12439);
#12439 = DEFINITIONAL_REPRESENTATION('',(#12440),#12444);
#12440 = LINE('',#12441,#12442);
#12441 = CARTESIAN_POINT('',(1.,0.));
#12442 = VECTOR('',#12443,1.);
#12443 = DIRECTION('',(0.,-1.));
#12444 = ( GEOMETRIC_REPRESENTATION_CONTEXT(2) 
PARAMETRIC_REPRESENTATION_CONTEXT() REPRESENTATION_CONTEXT('2D SPACE',''
  ) );
#12445 = ORIENTED_EDGE('',*,*,#7631,.T.);
#12446 = ORIENTED_EDGE('',*,*,#12351,.F.);
#12447 = ADVANCED_FACE('',(#12448),#5487,.T.);
#12448 = FACE_BOUND('',#12449,.T.);
#12449 = EDGE_LOOP('',(#12450,#12451,#12452,#12453));
#12450 = ORIENTED_EDGE('',*,*,#5472,.T.);
#12451 = ORIENTED_EDGE('',*,*,#12400,.T.);
#12452 = ORIENTED_EDGE('',*,*,#8806,.T.);
#12453 = ORIENTED_EDGE('',*,*,#12454,.F.);
#12454 = EDGE_CURVE('',#5447,#8784,#12455,.T.);
#12455 = SURFACE_CURVE('',#12456,(#12460,#12467),.PCURVE_S1.);
#12456 = LINE('',#12457,#12458);
#12457 = CARTESIAN_POINT('',(-44.06066017178,49.93933982822,-1.));
#12458 = VECTOR('',#12459,1.);
#12459 = DIRECTION('',(0.,0.,1.));
#12460 = PCURVE('',#5487,#12461);
#12461 = DEFINITIONAL_REPRESENTATION('',(#12462),#12466);
#12462 = LINE('',#12463,#12464);
#12463 = CARTESIAN_POINT('',(0.294051420989,0.));
#12464 = VECTOR('',#12465,1.);
#12465 = DIRECTION('',(0.,-1.));
#12466 = ( GEOMETRIC_REPRESENTATION_CONTEXT(2) 
PARAMETRIC_REPRESENTATION_CONTEXT() REPRESENTATION_CONTEXT('2D SPACE',''
  ) );
#12467 = PCURVE('',#5461,#12468);
#12468 = DEFINITIONAL_REPRESENTATION('',(#12469),#12473);
#12469 = LINE('',#12470,#12471);
#12470 = CARTESIAN_POINT('',(0.,0.));
#12471 = VECTOR('',#12472,1.);
#12472 = DIRECTION('',(0.,-1.));
#12473 = ( GEOMETRIC_REPRESENTATION_CONTEXT(2) 
PARAMETRIC_REPRESENTATION_CONTEXT() REPRESENTATION_CONTEXT('2D SPACE',''
  ) );
#12474 = ADVANCED_FACE('',(#12475),#4187,.T.);
#12475 = FACE_BOUND('',#12476,.T.);
#12476 = EDGE_LOOP('',(#12477,#12478,#12499,#12500));
#12477 = ORIENTED_EDGE('',*,*,#4172,.T.);
#12478 = ORIENTED_EDGE('',*,*,#12479,.T.);
#12479 = EDGE_CURVE('',#4173,#7657,#12480,.T.);
#12480 = SURFACE_CURVE('',#12481,(#12485,#12492),.PCURVE_S1.);
#12481 = LINE('',#12482,#12483);
#12482 = CARTESIAN_POINT('',(-44.5,52.,-1.));
#12483 = VECTOR('',#12484,1.);
#12484 = DIRECTION('',(0.,0.,1.));
#12485 = PCURVE('',#4187,#12486);
#12486 = DEFINITIONAL_REPRESENTATION('',(#12487),#12491);
#12487 = LINE('',#12488,#12489);
#12488 = CARTESIAN_POINT('',(0.,0.));
#12489 = VECTOR('',#12490,1.);
#12490 = DIRECTION('',(0.,-1.));
#12491 = ( GEOMETRIC_REPRESENTATION_CONTEXT(2) 
PARAMETRIC_REPRESENTATION_CONTEXT() REPRESENTATION_CONTEXT('2D SPACE',''
  ) );
#12492 = PCURVE('',#4213,#12493);
#12493 = DEFINITIONAL_REPRESENTATION('',(#12494),#12498);
#12494 = LINE('',#12495,#12496);
#12495 = CARTESIAN_POINT('',(0.294051420989,0.));
#12496 = VECTOR('',#12497,1.);
#12497 = DIRECTION('',(0.,-1.));
#12498 = ( GEOMETRIC_REPRESENTATION_CONTEXT(2) 
PARAMETRIC_REPRESENTATION_CONTEXT() REPRESENTATION_CONTEXT('2D SPACE',''
  ) );
#12499 = ORIENTED_EDGE('',*,*,#7656,.T.);
#12500 = ORIENTED_EDGE('',*,*,#12425,.F.);
#12501 = ADVANCED_FACE('',(#12502),#5461,.T.);
#12502 = FACE_BOUND('',#12503,.T.);
#12503 = EDGE_LOOP('',(#12504,#12505,#12506,#12507));
#12504 = ORIENTED_EDGE('',*,*,#5446,.T.);
#12505 = ORIENTED_EDGE('',*,*,#12454,.T.);
#12506 = ORIENTED_EDGE('',*,*,#8783,.T.);
#12507 = ORIENTED_EDGE('',*,*,#12508,.F.);
#12508 = EDGE_CURVE('',#5421,#8761,#12509,.T.);
#12509 = SURFACE_CURVE('',#12510,(#12514,#12521),.PCURVE_S1.);
#12510 = LINE('',#12511,#12512);
#12511 = CARTESIAN_POINT('',(-43.83335534952,49.752795581546,-1.));
#12512 = VECTOR('',#12513,1.);
#12513 = DIRECTION('',(0.,0.,1.));
#12514 = PCURVE('',#5461,#12515);
#12515 = DEFINITIONAL_REPRESENTATION('',(#12516),#12520);
#12516 = LINE('',#12517,#12518);
#12517 = CARTESIAN_POINT('',(0.294051420989,0.));
#12518 = VECTOR('',#12519,1.);
#12519 = DIRECTION('',(0.,-1.));
#12520 = ( GEOMETRIC_REPRESENTATION_CONTEXT(2) 
PARAMETRIC_REPRESENTATION_CONTEXT() REPRESENTATION_CONTEXT('2D SPACE',''
  ) );
#12521 = PCURVE('',#5435,#12522);
#12522 = DEFINITIONAL_REPRESENTATION('',(#12523),#12527);
#12523 = LINE('',#12524,#12525);
#12524 = CARTESIAN_POINT('',(0.,0.));
#12525 = VECTOR('',#12526,1.);
#12526 = DIRECTION('',(0.,-1.));
#12527 = ( GEOMETRIC_REPRESENTATION_CONTEXT(2) 
PARAMETRIC_REPRESENTATION_CONTEXT() REPRESENTATION_CONTEXT('2D SPACE',''
  ) );
#12528 = ADVANCED_FACE('',(#12529),#4213,.T.);
#12529 = FACE_BOUND('',#12530,.T.);
#12530 = EDGE_LOOP('',(#12531,#12532,#12553,#12554));
#12531 = ORIENTED_EDGE('',*,*,#4198,.T.);
#12532 = ORIENTED_EDGE('',*,*,#12533,.T.);
#12533 = EDGE_CURVE('',#4199,#7680,#12534,.T.);
#12534 = SURFACE_CURVE('',#12535,(#12539,#12546),.PCURVE_S1.);
#12535 = LINE('',#12536,#12537);
#12536 = CARTESIAN_POINT('',(-44.4711779206,52.292635483024,-1.));
#12537 = VECTOR('',#12538,1.);
#12538 = DIRECTION('',(0.,0.,1.));
#12539 = PCURVE('',#4213,#12540);
#12540 = DEFINITIONAL_REPRESENTATION('',(#12541),#12545);
#12541 = LINE('',#12542,#12543);
#12542 = CARTESIAN_POINT('',(0.,0.));
#12543 = VECTOR('',#12544,1.);
#12544 = DIRECTION('',(0.,-1.));
#12545 = ( GEOMETRIC_REPRESENTATION_CONTEXT(2) 
PARAMETRIC_REPRESENTATION_CONTEXT() REPRESENTATION_CONTEXT('2D SPACE',''
  ) );
#12546 = PCURVE('',#4239,#12547);
#12547 = DEFINITIONAL_REPRESENTATION('',(#12548),#12552);
#12548 = LINE('',#12549,#12550);
#12549 = CARTESIAN_POINT('',(0.294051420989,0.));
#12550 = VECTOR('',#12551,1.);
#12551 = DIRECTION('',(0.,-1.));
#12552 = ( GEOMETRIC_REPRESENTATION_CONTEXT(2) 
PARAMETRIC_REPRESENTATION_CONTEXT() REPRESENTATION_CONTEXT('2D SPACE',''
  ) );
#12553 = ORIENTED_EDGE('',*,*,#7679,.T.);
#12554 = ORIENTED_EDGE('',*,*,#12479,.F.);
#12555 = ADVANCED_FACE('',(#12556),#5435,.T.);
#12556 = FACE_BOUND('',#12557,.T.);
#12557 = EDGE_LOOP('',(#12558,#12559,#12560,#12561));
#12558 = ORIENTED_EDGE('',*,*,#5420,.T.);
#12559 = ORIENTED_EDGE('',*,*,#12508,.T.);
#12560 = ORIENTED_EDGE('',*,*,#8760,.T.);
#12561 = ORIENTED_EDGE('',*,*,#12562,.F.);
#12562 = EDGE_CURVE('',#5395,#8738,#12563,.T.);
#12563 = SURFACE_CURVE('',#12564,(#12568,#12575),.PCURVE_S1.);
#12564 = LINE('',#12565,#12566);
#12565 = CARTESIAN_POINT('',(-43.57402514854,49.614180701233,-1.));
#12566 = VECTOR('',#12567,1.);
#12567 = DIRECTION('',(0.,0.,1.));
#12568 = PCURVE('',#5435,#12569);
#12569 = DEFINITIONAL_REPRESENTATION('',(#12570),#12574);
#12570 = LINE('',#12571,#12572);
#12571 = CARTESIAN_POINT('',(0.294051420989,0.));
#12572 = VECTOR('',#12573,1.);
#12573 = DIRECTION('',(0.,-1.));
#12574 = ( GEOMETRIC_REPRESENTATION_CONTEXT(2) 
PARAMETRIC_REPRESENTATION_CONTEXT() REPRESENTATION_CONTEXT('2D SPACE',''
  ) );
#12575 = PCURVE('',#5409,#12576);
#12576 = DEFINITIONAL_REPRESENTATION('',(#12577),#12581);
#12577 = LINE('',#12578,#12579);
#12578 = CARTESIAN_POINT('',(0.,0.));
#12579 = VECTOR('',#12580,1.);
#12580 = DIRECTION('',(0.,-1.));
#12581 = ( GEOMETRIC_REPRESENTATION_CONTEXT(2) 
PARAMETRIC_REPRESENTATION_CONTEXT() REPRESENTATION_CONTEXT('2D SPACE',''
  ) );
#12582 = ADVANCED_FACE('',(#12583),#4239,.T.);
#12583 = FACE_BOUND('',#12584,.T.);
#12584 = EDGE_LOOP('',(#12585,#12586,#12607,#12608));
#12585 = ORIENTED_EDGE('',*,*,#4224,.T.);
#12586 = ORIENTED_EDGE('',*,*,#12587,.T.);
#12587 = EDGE_CURVE('',#4225,#7703,#12588,.T.);
#12588 = SURFACE_CURVE('',#12589,(#12593,#12600),.PCURVE_S1.);
#12589 = LINE('',#12590,#12591);
#12590 = CARTESIAN_POINT('',(-44.38581929876,52.574025148548,-1.));
#12591 = VECTOR('',#12592,1.);
#12592 = DIRECTION('',(0.,0.,1.));
#12593 = PCURVE('',#4239,#12594);
#12594 = DEFINITIONAL_REPRESENTATION('',(#12595),#12599);
#12595 = LINE('',#12596,#12597);
#12596 = CARTESIAN_POINT('',(0.,0.));
#12597 = VECTOR('',#12598,1.);
#12598 = DIRECTION('',(0.,-1.));
#12599 = ( GEOMETRIC_REPRESENTATION_CONTEXT(2) 
PARAMETRIC_REPRESENTATION_CONTEXT() REPRESENTATION_CONTEXT('2D SPACE',''
  ) );
#12600 = PCURVE('',#4265,#12601);
#12601 = DEFINITIONAL_REPRESENTATION('',(#12602),#12606);
#12602 = LINE('',#12603,#12604);
#12603 = CARTESIAN_POINT('',(0.294051420989,0.));
#12604 = VECTOR('',#12605,1.);
#12605 = DIRECTION('',(0.,-1.));
#12606 = ( GEOMETRIC_REPRESENTATION_CONTEXT(2) 
PARAMETRIC_REPRESENTATION_CONTEXT() REPRESENTATION_CONTEXT('2D SPACE',''
  ) );
#12607 = ORIENTED_EDGE('',*,*,#7702,.T.);
#12608 = ORIENTED_EDGE('',*,*,#12533,.F.);
#12609 = ADVANCED_FACE('',(#12610),#5409,.T.);
#12610 = FACE_BOUND('',#12611,.T.);
#12611 = EDGE_LOOP('',(#12612,#12613,#12614,#12615));
#12612 = ORIENTED_EDGE('',*,*,#5394,.T.);
#12613 = ORIENTED_EDGE('',*,*,#12562,.T.);
#12614 = ORIENTED_EDGE('',*,*,#8737,.T.);
#12615 = ORIENTED_EDGE('',*,*,#12616,.F.);
#12616 = EDGE_CURVE('',#5369,#8715,#12617,.T.);
#12617 = SURFACE_CURVE('',#12618,(#12622,#12629),.PCURVE_S1.);
#12618 = LINE('',#12619,#12620);
#12619 = CARTESIAN_POINT('',(-43.29263548302,49.528822079395,-1.));
#12620 = VECTOR('',#12621,1.);
#12621 = DIRECTION('',(0.,0.,1.));
#12622 = PCURVE('',#5409,#12623);
#12623 = DEFINITIONAL_REPRESENTATION('',(#12624),#12628);
#12624 = LINE('',#12625,#12626);
#12625 = CARTESIAN_POINT('',(0.294051420989,0.));
#12626 = VECTOR('',#12627,1.);
#12627 = DIRECTION('',(0.,-1.));
#12628 = ( GEOMETRIC_REPRESENTATION_CONTEXT(2) 
PARAMETRIC_REPRESENTATION_CONTEXT() REPRESENTATION_CONTEXT('2D SPACE',''
  ) );
#12629 = PCURVE('',#5383,#12630);
#12630 = DEFINITIONAL_REPRESENTATION('',(#12631),#12635);
#12631 = LINE('',#12632,#12633);
#12632 = CARTESIAN_POINT('',(0.,0.));
#12633 = VECTOR('',#12634,1.);
#12634 = DIRECTION('',(0.,-1.));
#12635 = ( GEOMETRIC_REPRESENTATION_CONTEXT(2) 
PARAMETRIC_REPRESENTATION_CONTEXT() REPRESENTATION_CONTEXT('2D SPACE',''
  ) );
#12636 = ADVANCED_FACE('',(#12637),#4265,.T.);
#12637 = FACE_BOUND('',#12638,.T.);
#12638 = EDGE_LOOP('',(#12639,#12640,#12661,#12662));
#12639 = ORIENTED_EDGE('',*,*,#4250,.T.);
#12640 = ORIENTED_EDGE('',*,*,#12641,.T.);
#12641 = EDGE_CURVE('',#4251,#7726,#12642,.T.);
#12642 = SURFACE_CURVE('',#12643,(#12647,#12654),.PCURVE_S1.);
#12643 = LINE('',#12644,#12645);
#12644 = CARTESIAN_POINT('',(-44.24720441845,52.833355349529,-1.));
#12645 = VECTOR('',#12646,1.);
#12646 = DIRECTION('',(0.,0.,1.));
#12647 = PCURVE('',#4265,#12648);
#12648 = DEFINITIONAL_REPRESENTATION('',(#12649),#12653);
#12649 = LINE('',#12650,#12651);
#12650 = CARTESIAN_POINT('',(0.,0.));
#12651 = VECTOR('',#12652,1.);
#12652 = DIRECTION('',(0.,-1.));
#12653 = ( GEOMETRIC_REPRESENTATION_CONTEXT(2) 
PARAMETRIC_REPRESENTATION_CONTEXT() REPRESENTATION_CONTEXT('2D SPACE',''
  ) );
#12654 = PCURVE('',#4291,#12655);
#12655 = DEFINITIONAL_REPRESENTATION('',(#12656),#12660);
#12656 = LINE('',#12657,#12658);
#12657 = CARTESIAN_POINT('',(0.294051420989,0.));
#12658 = VECTOR('',#12659,1.);
#12659 = DIRECTION('',(0.,-1.));
#12660 = ( GEOMETRIC_REPRESENTATION_CONTEXT(2) 
PARAMETRIC_REPRESENTATION_CONTEXT() REPRESENTATION_CONTEXT('2D SPACE',''
  ) );
#12661 = ORIENTED_EDGE('',*,*,#7725,.T.);
#12662 = ORIENTED_EDGE('',*,*,#12587,.F.);
#12663 = ADVANCED_FACE('',(#12664),#5383,.T.);
#12664 = FACE_BOUND('',#12665,.T.);
#12665 = EDGE_LOOP('',(#12666,#12667,#12668,#12669));
#12666 = ORIENTED_EDGE('',*,*,#5368,.T.);
#12667 = ORIENTED_EDGE('',*,*,#12616,.T.);
#12668 = ORIENTED_EDGE('',*,*,#8714,.T.);
#12669 = ORIENTED_EDGE('',*,*,#12670,.F.);
#12670 = EDGE_CURVE('',#5343,#8692,#12671,.T.);
#12671 = SURFACE_CURVE('',#12672,(#12676,#12683),.PCURVE_S1.);
#12672 = LINE('',#12673,#12674);
#12673 = CARTESIAN_POINT('',(-43.,49.5,-1.));
#12674 = VECTOR('',#12675,1.);
#12675 = DIRECTION('',(0.,0.,1.));
#12676 = PCURVE('',#5383,#12677);
#12677 = DEFINITIONAL_REPRESENTATION('',(#12678),#12682);
#12678 = LINE('',#12679,#12680);
#12679 = CARTESIAN_POINT('',(0.294051420989,0.));
#12680 = VECTOR('',#12681,1.);
#12681 = DIRECTION('',(0.,-1.));
#12682 = ( GEOMETRIC_REPRESENTATION_CONTEXT(2) 
PARAMETRIC_REPRESENTATION_CONTEXT() REPRESENTATION_CONTEXT('2D SPACE',''
  ) );
#12683 = PCURVE('',#5357,#12684);
#12684 = DEFINITIONAL_REPRESENTATION('',(#12685),#12689);
#12685 = LINE('',#12686,#12687);
#12686 = CARTESIAN_POINT('',(0.,0.));
#12687 = VECTOR('',#12688,1.);
#12688 = DIRECTION('',(0.,-1.));
#12689 = ( GEOMETRIC_REPRESENTATION_CONTEXT(2) 
PARAMETRIC_REPRESENTATION_CONTEXT() REPRESENTATION_CONTEXT('2D SPACE',''
  ) );
#12690 = ADVANCED_FACE('',(#12691),#4291,.T.);
#12691 = FACE_BOUND('',#12692,.T.);
#12692 = EDGE_LOOP('',(#12693,#12694,#12715,#12716));
#12693 = ORIENTED_EDGE('',*,*,#4276,.T.);
#12694 = ORIENTED_EDGE('',*,*,#12695,.T.);
#12695 = EDGE_CURVE('',#4277,#7749,#12696,.T.);
#12696 = SURFACE_CURVE('',#12697,(#12701,#12708),.PCURVE_S1.);
#12697 = LINE('',#12698,#12699);
#12698 = CARTESIAN_POINT('',(-44.06066017178,53.06066017178,-1.));
#12699 = VECTOR('',#12700,1.);
#12700 = DIRECTION('',(0.,0.,1.));
#12701 = PCURVE('',#4291,#12702);
#12702 = DEFINITIONAL_REPRESENTATION('',(#12703),#12707);
#12703 = LINE('',#12704,#12705);
#12704 = CARTESIAN_POINT('',(0.,0.));
#12705 = VECTOR('',#12706,1.);
#12706 = DIRECTION('',(0.,-1.));
#12707 = ( GEOMETRIC_REPRESENTATION_CONTEXT(2) 
PARAMETRIC_REPRESENTATION_CONTEXT() REPRESENTATION_CONTEXT('2D SPACE',''
  ) );
#12708 = PCURVE('',#4317,#12709);
#12709 = DEFINITIONAL_REPRESENTATION('',(#12710),#12714);
#12710 = LINE('',#12711,#12712);
#12711 = CARTESIAN_POINT('',(0.294051420989,0.));
#12712 = VECTOR('',#12713,1.);
#12713 = DIRECTION('',(0.,-1.));
#12714 = ( GEOMETRIC_REPRESENTATION_CONTEXT(2) 
PARAMETRIC_REPRESENTATION_CONTEXT() REPRESENTATION_CONTEXT('2D SPACE',''
  ) );
#12715 = ORIENTED_EDGE('',*,*,#7748,.T.);
#12716 = ORIENTED_EDGE('',*,*,#12641,.F.);
#12717 = ADVANCED_FACE('',(#12718),#5357,.T.);
#12718 = FACE_BOUND('',#12719,.T.);
#12719 = EDGE_LOOP('',(#12720,#12721,#12722,#12723));
#12720 = ORIENTED_EDGE('',*,*,#5342,.T.);
#12721 = ORIENTED_EDGE('',*,*,#12670,.T.);
#12722 = ORIENTED_EDGE('',*,*,#8691,.T.);
#12723 = ORIENTED_EDGE('',*,*,#12724,.F.);
#12724 = EDGE_CURVE('',#5317,#8669,#12725,.T.);
#12725 = SURFACE_CURVE('',#12726,(#12730,#12737),.PCURVE_S1.);
#12726 = LINE('',#12727,#12728);
#12727 = CARTESIAN_POINT('',(-37.,49.5,-1.));
#12728 = VECTOR('',#12729,1.);
#12729 = DIRECTION('',(0.,0.,1.));
#12730 = PCURVE('',#5357,#12731);
#12731 = DEFINITIONAL_REPRESENTATION('',(#12732),#12736);
#12732 = LINE('',#12733,#12734);
#12733 = CARTESIAN_POINT('',(6.,0.));
#12734 = VECTOR('',#12735,1.);
#12735 = DIRECTION('',(0.,-1.));
#12736 = ( GEOMETRIC_REPRESENTATION_CONTEXT(2) 
PARAMETRIC_REPRESENTATION_CONTEXT() REPRESENTATION_CONTEXT('2D SPACE',''
  ) );
#12737 = PCURVE('',#5331,#12738);
#12738 = DEFINITIONAL_REPRESENTATION('',(#12739),#12743);
#12739 = LINE('',#12740,#12741);
#12740 = CARTESIAN_POINT('',(0.,0.));
#12741 = VECTOR('',#12742,1.);
#12742 = DIRECTION('',(0.,-1.));
#12743 = ( GEOMETRIC_REPRESENTATION_CONTEXT(2) 
PARAMETRIC_REPRESENTATION_CONTEXT() REPRESENTATION_CONTEXT('2D SPACE',''
  ) );
#12744 = ADVANCED_FACE('',(#12745),#4317,.T.);
#12745 = FACE_BOUND('',#12746,.T.);
#12746 = EDGE_LOOP('',(#12747,#12748,#12769,#12770));
#12747 = ORIENTED_EDGE('',*,*,#4302,.T.);
#12748 = ORIENTED_EDGE('',*,*,#12749,.T.);
#12749 = EDGE_CURVE('',#4303,#7772,#12750,.T.);
#12750 = SURFACE_CURVE('',#12751,(#12755,#12762),.PCURVE_S1.);
#12751 = LINE('',#12752,#12753);
#12752 = CARTESIAN_POINT('',(-43.83335534952,53.247204418454,-1.));
#12753 = VECTOR('',#12754,1.);
#12754 = DIRECTION('',(0.,0.,1.));
#12755 = PCURVE('',#4317,#12756);
#12756 = DEFINITIONAL_REPRESENTATION('',(#12757),#12761);
#12757 = LINE('',#12758,#12759);
#12758 = CARTESIAN_POINT('',(0.,0.));
#12759 = VECTOR('',#12760,1.);
#12760 = DIRECTION('',(0.,-1.));
#12761 = ( GEOMETRIC_REPRESENTATION_CONTEXT(2) 
PARAMETRIC_REPRESENTATION_CONTEXT() REPRESENTATION_CONTEXT('2D SPACE',''
  ) );
#12762 = PCURVE('',#4343,#12763);
#12763 = DEFINITIONAL_REPRESENTATION('',(#12764),#12768);
#12764 = LINE('',#12765,#12766);
#12765 = CARTESIAN_POINT('',(0.294051420989,0.));
#12766 = VECTOR('',#12767,1.);
#12767 = DIRECTION('',(0.,-1.));
#12768 = ( GEOMETRIC_REPRESENTATION_CONTEXT(2) 
PARAMETRIC_REPRESENTATION_CONTEXT() REPRESENTATION_CONTEXT('2D SPACE',''
  ) );
#12769 = ORIENTED_EDGE('',*,*,#7771,.T.);
#12770 = ORIENTED_EDGE('',*,*,#12695,.F.);
#12771 = ADVANCED_FACE('',(#12772),#5331,.T.);
#12772 = FACE_BOUND('',#12773,.T.);
#12773 = EDGE_LOOP('',(#12774,#12775,#12776,#12777));
#12774 = ORIENTED_EDGE('',*,*,#5316,.T.);
#12775 = ORIENTED_EDGE('',*,*,#12724,.T.);
#12776 = ORIENTED_EDGE('',*,*,#8668,.T.);
#12777 = ORIENTED_EDGE('',*,*,#12778,.F.);
#12778 = EDGE_CURVE('',#5291,#8646,#12779,.T.);
#12779 = SURFACE_CURVE('',#12780,(#12784,#12791),.PCURVE_S1.);
#12780 = LINE('',#12781,#12782);
#12781 = CARTESIAN_POINT('',(-36.70736451697,49.471177920605,-1.));
#12782 = VECTOR('',#12783,1.);
#12783 = DIRECTION('',(0.,0.,1.));
#12784 = PCURVE('',#5331,#12785);
#12785 = DEFINITIONAL_REPRESENTATION('',(#12786),#12790);
#12786 = LINE('',#12787,#12788);
#12787 = CARTESIAN_POINT('',(0.294051420989,0.));
#12788 = VECTOR('',#12789,1.);
#12789 = DIRECTION('',(0.,-1.));
#12790 = ( GEOMETRIC_REPRESENTATION_CONTEXT(2) 
PARAMETRIC_REPRESENTATION_CONTEXT() REPRESENTATION_CONTEXT('2D SPACE',''
  ) );
#12791 = PCURVE('',#5305,#12792);
#12792 = DEFINITIONAL_REPRESENTATION('',(#12793),#12797);
#12793 = LINE('',#12794,#12795);
#12794 = CARTESIAN_POINT('',(0.,0.));
#12795 = VECTOR('',#12796,1.);
#12796 = DIRECTION('',(0.,-1.));
#12797 = ( GEOMETRIC_REPRESENTATION_CONTEXT(2) 
PARAMETRIC_REPRESENTATION_CONTEXT() REPRESENTATION_CONTEXT('2D SPACE',''
  ) );
#12798 = ADVANCED_FACE('',(#12799),#4343,.T.);
#12799 = FACE_BOUND('',#12800,.T.);
#12800 = EDGE_LOOP('',(#12801,#12802,#12823,#12824));
#12801 = ORIENTED_EDGE('',*,*,#4328,.T.);
#12802 = ORIENTED_EDGE('',*,*,#12803,.T.);
#12803 = EDGE_CURVE('',#4329,#7795,#12804,.T.);
#12804 = SURFACE_CURVE('',#12805,(#12809,#12816),.PCURVE_S1.);
#12805 = LINE('',#12806,#12807);
#12806 = CARTESIAN_POINT('',(-43.57402514854,53.385819298767,-1.));
#12807 = VECTOR('',#12808,1.);
#12808 = DIRECTION('',(0.,0.,1.));
#12809 = PCURVE('',#4343,#12810);
#12810 = DEFINITIONAL_REPRESENTATION('',(#12811),#12815);
#12811 = LINE('',#12812,#12813);
#12812 = CARTESIAN_POINT('',(0.,0.));
#12813 = VECTOR('',#12814,1.);
#12814 = DIRECTION('',(0.,-1.));
#12815 = ( GEOMETRIC_REPRESENTATION_CONTEXT(2) 
PARAMETRIC_REPRESENTATION_CONTEXT() REPRESENTATION_CONTEXT('2D SPACE',''
  ) );
#12816 = PCURVE('',#4369,#12817);
#12817 = DEFINITIONAL_REPRESENTATION('',(#12818),#12822);
#12818 = LINE('',#12819,#12820);
#12819 = CARTESIAN_POINT('',(0.294051420989,0.));
#12820 = VECTOR('',#12821,1.);
#12821 = DIRECTION('',(0.,-1.));
#12822 = ( GEOMETRIC_REPRESENTATION_CONTEXT(2) 
PARAMETRIC_REPRESENTATION_CONTEXT() REPRESENTATION_CONTEXT('2D SPACE',''
  ) );
#12823 = ORIENTED_EDGE('',*,*,#7794,.T.);
#12824 = ORIENTED_EDGE('',*,*,#12749,.F.);
#12825 = ADVANCED_FACE('',(#12826),#5305,.T.);
#12826 = FACE_BOUND('',#12827,.T.);
#12827 = EDGE_LOOP('',(#12828,#12829,#12830,#12831));
#12828 = ORIENTED_EDGE('',*,*,#5290,.T.);
#12829 = ORIENTED_EDGE('',*,*,#12778,.T.);
#12830 = ORIENTED_EDGE('',*,*,#8645,.T.);
#12831 = ORIENTED_EDGE('',*,*,#12832,.F.);
#12832 = EDGE_CURVE('',#5265,#8623,#12833,.T.);
#12833 = SURFACE_CURVE('',#12834,(#12838,#12845),.PCURVE_S1.);
#12834 = LINE('',#12835,#12836);
#12835 = CARTESIAN_POINT('',(-36.42597485145,49.385819298767,-1.));
#12836 = VECTOR('',#12837,1.);
#12837 = DIRECTION('',(0.,0.,1.));
#12838 = PCURVE('',#5305,#12839);
#12839 = DEFINITIONAL_REPRESENTATION('',(#12840),#12844);
#12840 = LINE('',#12841,#12842);
#12841 = CARTESIAN_POINT('',(0.294051420989,0.));
#12842 = VECTOR('',#12843,1.);
#12843 = DIRECTION('',(0.,-1.));
#12844 = ( GEOMETRIC_REPRESENTATION_CONTEXT(2) 
PARAMETRIC_REPRESENTATION_CONTEXT() REPRESENTATION_CONTEXT('2D SPACE',''
  ) );
#12845 = PCURVE('',#5279,#12846);
#12846 = DEFINITIONAL_REPRESENTATION('',(#12847),#12851);
#12847 = LINE('',#12848,#12849);
#12848 = CARTESIAN_POINT('',(0.,0.));
#12849 = VECTOR('',#12850,1.);
#12850 = DIRECTION('',(0.,-1.));
#12851 = ( GEOMETRIC_REPRESENTATION_CONTEXT(2) 
PARAMETRIC_REPRESENTATION_CONTEXT() REPRESENTATION_CONTEXT('2D SPACE',''
  ) );
#12852 = ADVANCED_FACE('',(#12853),#4369,.T.);
#12853 = FACE_BOUND('',#12854,.T.);
#12854 = EDGE_LOOP('',(#12855,#12856,#12877,#12878));
#12855 = ORIENTED_EDGE('',*,*,#4354,.T.);
#12856 = ORIENTED_EDGE('',*,*,#12857,.T.);
#12857 = EDGE_CURVE('',#4355,#7818,#12858,.T.);
#12858 = SURFACE_CURVE('',#12859,(#12863,#12870),.PCURVE_S1.);
#12859 = LINE('',#12860,#12861);
#12860 = CARTESIAN_POINT('',(-43.29263548302,53.471177920605,-1.));
#12861 = VECTOR('',#12862,1.);
#12862 = DIRECTION('',(0.,0.,1.));
#12863 = PCURVE('',#4369,#12864);
#12864 = DEFINITIONAL_REPRESENTATION('',(#12865),#12869);
#12865 = LINE('',#12866,#12867);
#12866 = CARTESIAN_POINT('',(0.,0.));
#12867 = VECTOR('',#12868,1.);
#12868 = DIRECTION('',(0.,-1.));
#12869 = ( GEOMETRIC_REPRESENTATION_CONTEXT(2) 
PARAMETRIC_REPRESENTATION_CONTEXT() REPRESENTATION_CONTEXT('2D SPACE',''
  ) );
#12870 = PCURVE('',#4395,#12871);
#12871 = DEFINITIONAL_REPRESENTATION('',(#12872),#12876);
#12872 = LINE('',#12873,#12874);
#12873 = CARTESIAN_POINT('',(0.294051420989,0.));
#12874 = VECTOR('',#12875,1.);
#12875 = DIRECTION('',(0.,-1.));
#12876 = ( GEOMETRIC_REPRESENTATION_CONTEXT(2) 
PARAMETRIC_REPRESENTATION_CONTEXT() REPRESENTATION_CONTEXT('2D SPACE',''
  ) );
#12877 = ORIENTED_EDGE('',*,*,#7817,.T.);
#12878 = ORIENTED_EDGE('',*,*,#12803,.F.);
#12879 = ADVANCED_FACE('',(#12880),#5279,.T.);
#12880 = FACE_BOUND('',#12881,.T.);
#12881 = EDGE_LOOP('',(#12882,#12883,#12884,#12885));
#12882 = ORIENTED_EDGE('',*,*,#5264,.T.);
#12883 = ORIENTED_EDGE('',*,*,#12832,.T.);
#12884 = ORIENTED_EDGE('',*,*,#8622,.T.);
#12885 = ORIENTED_EDGE('',*,*,#12886,.F.);
#12886 = EDGE_CURVE('',#5239,#8600,#12887,.T.);
#12887 = SURFACE_CURVE('',#12888,(#12892,#12899),.PCURVE_S1.);
#12888 = LINE('',#12889,#12890);
#12889 = CARTESIAN_POINT('',(-36.16664465047,49.247204418454,-1.));
#12890 = VECTOR('',#12891,1.);
#12891 = DIRECTION('',(0.,0.,1.));
#12892 = PCURVE('',#5279,#12893);
#12893 = DEFINITIONAL_REPRESENTATION('',(#12894),#12898);
#12894 = LINE('',#12895,#12896);
#12895 = CARTESIAN_POINT('',(0.294051420989,0.));
#12896 = VECTOR('',#12897,1.);
#12897 = DIRECTION('',(0.,-1.));
#12898 = ( GEOMETRIC_REPRESENTATION_CONTEXT(2) 
PARAMETRIC_REPRESENTATION_CONTEXT() REPRESENTATION_CONTEXT('2D SPACE',''
  ) );
#12899 = PCURVE('',#5253,#12900);
#12900 = DEFINITIONAL_REPRESENTATION('',(#12901),#12905);
#12901 = LINE('',#12902,#12903);
#12902 = CARTESIAN_POINT('',(0.,0.));
#12903 = VECTOR('',#12904,1.);
#12904 = DIRECTION('',(0.,-1.));
#12905 = ( GEOMETRIC_REPRESENTATION_CONTEXT(2) 
PARAMETRIC_REPRESENTATION_CONTEXT() REPRESENTATION_CONTEXT('2D SPACE',''
  ) );
#12906 = ADVANCED_FACE('',(#12907),#4395,.T.);
#12907 = FACE_BOUND('',#12908,.T.);
#12908 = EDGE_LOOP('',(#12909,#12910,#12931,#12932));
#12909 = ORIENTED_EDGE('',*,*,#4380,.T.);
#12910 = ORIENTED_EDGE('',*,*,#12911,.T.);
#12911 = EDGE_CURVE('',#4381,#7841,#12912,.T.);
#12912 = SURFACE_CURVE('',#12913,(#12917,#12924),.PCURVE_S1.);
#12913 = LINE('',#12914,#12915);
#12914 = CARTESIAN_POINT('',(-43.,53.5,-1.));
#12915 = VECTOR('',#12916,1.);
#12916 = DIRECTION('',(0.,0.,1.));
#12917 = PCURVE('',#4395,#12918);
#12918 = DEFINITIONAL_REPRESENTATION('',(#12919),#12923);
#12919 = LINE('',#12920,#12921);
#12920 = CARTESIAN_POINT('',(0.,0.));
#12921 = VECTOR('',#12922,1.);
#12922 = DIRECTION('',(0.,-1.));
#12923 = ( GEOMETRIC_REPRESENTATION_CONTEXT(2) 
PARAMETRIC_REPRESENTATION_CONTEXT() REPRESENTATION_CONTEXT('2D SPACE',''
  ) );
#12924 = PCURVE('',#4421,#12925);
#12925 = DEFINITIONAL_REPRESENTATION('',(#12926),#12930);
#12926 = LINE('',#12927,#12928);
#12927 = CARTESIAN_POINT('',(18.,0.));
#12928 = VECTOR('',#12929,1.);
#12929 = DIRECTION('',(0.,-1.));
#12930 = ( GEOMETRIC_REPRESENTATION_CONTEXT(2) 
PARAMETRIC_REPRESENTATION_CONTEXT() REPRESENTATION_CONTEXT('2D SPACE',''
  ) );
#12931 = ORIENTED_EDGE('',*,*,#7840,.T.);
#12932 = ORIENTED_EDGE('',*,*,#12857,.F.);
#12933 = ADVANCED_FACE('',(#12934),#5253,.T.);
#12934 = FACE_BOUND('',#12935,.T.);
#12935 = EDGE_LOOP('',(#12936,#12937,#12938,#12939));
#12936 = ORIENTED_EDGE('',*,*,#5238,.T.);
#12937 = ORIENTED_EDGE('',*,*,#12886,.T.);
#12938 = ORIENTED_EDGE('',*,*,#8599,.T.);
#12939 = ORIENTED_EDGE('',*,*,#12940,.F.);
#12940 = EDGE_CURVE('',#5213,#8577,#12941,.T.);
#12941 = SURFACE_CURVE('',#12942,(#12946,#12953),.PCURVE_S1.);
#12942 = LINE('',#12943,#12944);
#12943 = CARTESIAN_POINT('',(-35.93933982822,49.06066017178,-1.));
#12944 = VECTOR('',#12945,1.);
#12945 = DIRECTION('',(0.,0.,1.));
#12946 = PCURVE('',#5253,#12947);
#12947 = DEFINITIONAL_REPRESENTATION('',(#12948),#12952);
#12948 = LINE('',#12949,#12950);
#12949 = CARTESIAN_POINT('',(0.294051420989,0.));
#12950 = VECTOR('',#12951,1.);
#12951 = DIRECTION('',(0.,-1.));
#12952 = ( GEOMETRIC_REPRESENTATION_CONTEXT(2) 
PARAMETRIC_REPRESENTATION_CONTEXT() REPRESENTATION_CONTEXT('2D SPACE',''
  ) );
#12953 = PCURVE('',#5227,#12954);
#12954 = DEFINITIONAL_REPRESENTATION('',(#12955),#12959);
#12955 = LINE('',#12956,#12957);
#12956 = CARTESIAN_POINT('',(0.,0.));
#12957 = VECTOR('',#12958,1.);
#12958 = DIRECTION('',(0.,-1.));
#12959 = ( GEOMETRIC_REPRESENTATION_CONTEXT(2) 
PARAMETRIC_REPRESENTATION_CONTEXT() REPRESENTATION_CONTEXT('2D SPACE',''
  ) );
#12960 = ADVANCED_FACE('',(#12961),#4421,.T.);
#12961 = FACE_BOUND('',#12962,.T.);
#12962 = EDGE_LOOP('',(#12963,#12964,#12985,#12986));
#12963 = ORIENTED_EDGE('',*,*,#4406,.T.);
#12964 = ORIENTED_EDGE('',*,*,#12965,.T.);
#12965 = EDGE_CURVE('',#4407,#7864,#12966,.T.);
#12966 = SURFACE_CURVE('',#12967,(#12971,#12978),.PCURVE_S1.);
#12967 = LINE('',#12968,#12969);
#12968 = CARTESIAN_POINT('',(-25.,53.5,-1.));
#12969 = VECTOR('',#12970,1.);
#12970 = DIRECTION('',(0.,0.,1.));
#12971 = PCURVE('',#4421,#12972);
#12972 = DEFINITIONAL_REPRESENTATION('',(#12973),#12977);
#12973 = LINE('',#12974,#12975);
#12974 = CARTESIAN_POINT('',(0.,-0.));
#12975 = VECTOR('',#12976,1.);
#12976 = DIRECTION('',(0.,-1.));
#12977 = ( GEOMETRIC_REPRESENTATION_CONTEXT(2) 
PARAMETRIC_REPRESENTATION_CONTEXT() REPRESENTATION_CONTEXT('2D SPACE',''
  ) );
#12978 = PCURVE('',#4447,#12979);
#12979 = DEFINITIONAL_REPRESENTATION('',(#12980),#12984);
#12980 = LINE('',#12981,#12982);
#12981 = CARTESIAN_POINT('',(0.294051420989,0.));
#12982 = VECTOR('',#12983,1.);
#12983 = DIRECTION('',(0.,-1.));
#12984 = ( GEOMETRIC_REPRESENTATION_CONTEXT(2) 
PARAMETRIC_REPRESENTATION_CONTEXT() REPRESENTATION_CONTEXT('2D SPACE',''
  ) );
#12985 = ORIENTED_EDGE('',*,*,#7863,.T.);
#12986 = ORIENTED_EDGE('',*,*,#12911,.F.);
#12987 = ADVANCED_FACE('',(#12988),#5227,.T.);
#12988 = FACE_BOUND('',#12989,.T.);
#12989 = EDGE_LOOP('',(#12990,#12991,#12992,#12993));
#12990 = ORIENTED_EDGE('',*,*,#5212,.T.);
#12991 = ORIENTED_EDGE('',*,*,#12940,.T.);
#12992 = ORIENTED_EDGE('',*,*,#8576,.T.);
#12993 = ORIENTED_EDGE('',*,*,#12994,.F.);
#12994 = EDGE_CURVE('',#5187,#8554,#12995,.T.);
#12995 = SURFACE_CURVE('',#12996,(#13000,#13007),.PCURVE_S1.);
#12996 = LINE('',#12997,#12998);
#12997 = CARTESIAN_POINT('',(-35.75279558154,48.833355349529,-1.));
#12998 = VECTOR('',#12999,1.);
#12999 = DIRECTION('',(0.,0.,1.));
#13000 = PCURVE('',#5227,#13001);
#13001 = DEFINITIONAL_REPRESENTATION('',(#13002),#13006);
#13002 = LINE('',#13003,#13004);
#13003 = CARTESIAN_POINT('',(0.294051420989,0.));
#13004 = VECTOR('',#13005,1.);
#13005 = DIRECTION('',(0.,-1.));
#13006 = ( GEOMETRIC_REPRESENTATION_CONTEXT(2) 
PARAMETRIC_REPRESENTATION_CONTEXT() REPRESENTATION_CONTEXT('2D SPACE',''
  ) );
#13007 = PCURVE('',#5201,#13008);
#13008 = DEFINITIONAL_REPRESENTATION('',(#13009),#13013);
#13009 = LINE('',#13010,#13011);
#13010 = CARTESIAN_POINT('',(0.,0.));
#13011 = VECTOR('',#13012,1.);
#13012 = DIRECTION('',(0.,-1.));
#13013 = ( GEOMETRIC_REPRESENTATION_CONTEXT(2) 
PARAMETRIC_REPRESENTATION_CONTEXT() REPRESENTATION_CONTEXT('2D SPACE',''
  ) );
#13014 = ADVANCED_FACE('',(#13015),#4447,.T.);
#13015 = FACE_BOUND('',#13016,.T.);
#13016 = EDGE_LOOP('',(#13017,#13018,#13039,#13040));
#13017 = ORIENTED_EDGE('',*,*,#4432,.T.);
#13018 = ORIENTED_EDGE('',*,*,#13019,.T.);
#13019 = EDGE_CURVE('',#4433,#7887,#13020,.T.);
#13020 = SURFACE_CURVE('',#13021,(#13025,#13032),.PCURVE_S1.);
#13021 = LINE('',#13022,#13023);
#13022 = CARTESIAN_POINT('',(-24.70736451697,53.471177920605,-1.));
#13023 = VECTOR('',#13024,1.);
#13024 = DIRECTION('',(0.,0.,1.));
#13025 = PCURVE('',#4447,#13026);
#13026 = DEFINITIONAL_REPRESENTATION('',(#13027),#13031);
#13027 = LINE('',#13028,#13029);
#13028 = CARTESIAN_POINT('',(0.,0.));
#13029 = VECTOR('',#13030,1.);
#13030 = DIRECTION('',(0.,-1.));
#13031 = ( GEOMETRIC_REPRESENTATION_CONTEXT(2) 
PARAMETRIC_REPRESENTATION_CONTEXT() REPRESENTATION_CONTEXT('2D SPACE',''
  ) );
#13032 = PCURVE('',#4473,#13033);
#13033 = DEFINITIONAL_REPRESENTATION('',(#13034),#13038);
#13034 = LINE('',#13035,#13036);
#13035 = CARTESIAN_POINT('',(0.294051420989,0.));
#13036 = VECTOR('',#13037,1.);
#13037 = DIRECTION('',(0.,-1.));
#13038 = ( GEOMETRIC_REPRESENTATION_CONTEXT(2) 
PARAMETRIC_REPRESENTATION_CONTEXT() REPRESENTATION_CONTEXT('2D SPACE',''
  ) );
#13039 = ORIENTED_EDGE('',*,*,#7886,.T.);
#13040 = ORIENTED_EDGE('',*,*,#12965,.F.);
#13041 = ADVANCED_FACE('',(#13042),#5201,.T.);
#13042 = FACE_BOUND('',#13043,.T.);
#13043 = EDGE_LOOP('',(#13044,#13045,#13046,#13047));
#13044 = ORIENTED_EDGE('',*,*,#5186,.T.);
#13045 = ORIENTED_EDGE('',*,*,#12994,.T.);
#13046 = ORIENTED_EDGE('',*,*,#8553,.T.);
#13047 = ORIENTED_EDGE('',*,*,#13048,.F.);
#13048 = EDGE_CURVE('',#5161,#8531,#13049,.T.);
#13049 = SURFACE_CURVE('',#13050,(#13054,#13061),.PCURVE_S1.);
#13050 = LINE('',#13051,#13052);
#13051 = CARTESIAN_POINT('',(-35.61418070123,48.574025148548,-1.));
#13052 = VECTOR('',#13053,1.);
#13053 = DIRECTION('',(0.,0.,1.));
#13054 = PCURVE('',#5201,#13055);
#13055 = DEFINITIONAL_REPRESENTATION('',(#13056),#13060);
#13056 = LINE('',#13057,#13058);
#13057 = CARTESIAN_POINT('',(0.294051420989,0.));
#13058 = VECTOR('',#13059,1.);
#13059 = DIRECTION('',(0.,-1.));
#13060 = ( GEOMETRIC_REPRESENTATION_CONTEXT(2) 
PARAMETRIC_REPRESENTATION_CONTEXT() REPRESENTATION_CONTEXT('2D SPACE',''
  ) );
#13061 = PCURVE('',#5175,#13062);
#13062 = DEFINITIONAL_REPRESENTATION('',(#13063),#13067);
#13063 = LINE('',#13064,#13065);
#13064 = CARTESIAN_POINT('',(0.,0.));
#13065 = VECTOR('',#13066,1.);
#13066 = DIRECTION('',(0.,-1.));
#13067 = ( GEOMETRIC_REPRESENTATION_CONTEXT(2) 
PARAMETRIC_REPRESENTATION_CONTEXT() REPRESENTATION_CONTEXT('2D SPACE',''
  ) );
#13068 = ADVANCED_FACE('',(#13069),#4473,.T.);
#13069 = FACE_BOUND('',#13070,.T.);
#13070 = EDGE_LOOP('',(#13071,#13072,#13093,#13094));
#13071 = ORIENTED_EDGE('',*,*,#4458,.T.);
#13072 = ORIENTED_EDGE('',*,*,#13073,.T.);
#13073 = EDGE_CURVE('',#4459,#7910,#13074,.T.);
#13074 = SURFACE_CURVE('',#13075,(#13079,#13086),.PCURVE_S1.);
#13075 = LINE('',#13076,#13077);
#13076 = CARTESIAN_POINT('',(-24.42597485145,53.385819298767,-1.));
#13077 = VECTOR('',#13078,1.);
#13078 = DIRECTION('',(0.,0.,1.));
#13079 = PCURVE('',#4473,#13080);
#13080 = DEFINITIONAL_REPRESENTATION('',(#13081),#13085);
#13081 = LINE('',#13082,#13083);
#13082 = CARTESIAN_POINT('',(0.,0.));
#13083 = VECTOR('',#13084,1.);
#13084 = DIRECTION('',(0.,-1.));
#13085 = ( GEOMETRIC_REPRESENTATION_CONTEXT(2) 
PARAMETRIC_REPRESENTATION_CONTEXT() REPRESENTATION_CONTEXT('2D SPACE',''
  ) );
#13086 = PCURVE('',#4499,#13087);
#13087 = DEFINITIONAL_REPRESENTATION('',(#13088),#13092);
#13088 = LINE('',#13089,#13090);
#13089 = CARTESIAN_POINT('',(0.294051420989,0.));
#13090 = VECTOR('',#13091,1.);
#13091 = DIRECTION('',(0.,-1.));
#13092 = ( GEOMETRIC_REPRESENTATION_CONTEXT(2) 
PARAMETRIC_REPRESENTATION_CONTEXT() REPRESENTATION_CONTEXT('2D SPACE',''
  ) );
#13093 = ORIENTED_EDGE('',*,*,#7909,.T.);
#13094 = ORIENTED_EDGE('',*,*,#13019,.F.);
#13095 = ADVANCED_FACE('',(#13096),#5175,.T.);
#13096 = FACE_BOUND('',#13097,.T.);
#13097 = EDGE_LOOP('',(#13098,#13099,#13100,#13101));
#13098 = ORIENTED_EDGE('',*,*,#5160,.T.);
#13099 = ORIENTED_EDGE('',*,*,#13048,.T.);
#13100 = ORIENTED_EDGE('',*,*,#8530,.T.);
#13101 = ORIENTED_EDGE('',*,*,#13102,.F.);
#13102 = EDGE_CURVE('',#5135,#8508,#13103,.T.);
#13103 = SURFACE_CURVE('',#13104,(#13108,#13115),.PCURVE_S1.);
#13104 = LINE('',#13105,#13106);
#13105 = CARTESIAN_POINT('',(-35.52882207939,48.292635483024,-1.));
#13106 = VECTOR('',#13107,1.);
#13107 = DIRECTION('',(0.,0.,1.));
#13108 = PCURVE('',#5175,#13109);
#13109 = DEFINITIONAL_REPRESENTATION('',(#13110),#13114);
#13110 = LINE('',#13111,#13112);
#13111 = CARTESIAN_POINT('',(0.294051420989,0.));
#13112 = VECTOR('',#13113,1.);
#13113 = DIRECTION('',(0.,-1.));
#13114 = ( GEOMETRIC_REPRESENTATION_CONTEXT(2) 
PARAMETRIC_REPRESENTATION_CONTEXT() REPRESENTATION_CONTEXT('2D SPACE',''
  ) );
#13115 = PCURVE('',#5149,#13116);
#13116 = DEFINITIONAL_REPRESENTATION('',(#13117),#13121);
#13117 = LINE('',#13118,#13119);
#13118 = CARTESIAN_POINT('',(0.,0.));
#13119 = VECTOR('',#13120,1.);
#13120 = DIRECTION('',(0.,-1.));
#13121 = ( GEOMETRIC_REPRESENTATION_CONTEXT(2) 
PARAMETRIC_REPRESENTATION_CONTEXT() REPRESENTATION_CONTEXT('2D SPACE',''
  ) );
#13122 = ADVANCED_FACE('',(#13123),#4499,.T.);
#13123 = FACE_BOUND('',#13124,.T.);
#13124 = EDGE_LOOP('',(#13125,#13126,#13147,#13148));
#13125 = ORIENTED_EDGE('',*,*,#4484,.T.);
#13126 = ORIENTED_EDGE('',*,*,#13127,.T.);
#13127 = EDGE_CURVE('',#4485,#7933,#13128,.T.);
#13128 = SURFACE_CURVE('',#13129,(#13133,#13140),.PCURVE_S1.);
#13129 = LINE('',#13130,#13131);
#13130 = CARTESIAN_POINT('',(-24.16664465047,53.247204418454,-1.));
#13131 = VECTOR('',#13132,1.);
#13132 = DIRECTION('',(0.,0.,1.));
#13133 = PCURVE('',#4499,#13134);
#13134 = DEFINITIONAL_REPRESENTATION('',(#13135),#13139);
#13135 = LINE('',#13136,#13137);
#13136 = CARTESIAN_POINT('',(0.,0.));
#13137 = VECTOR('',#13138,1.);
#13138 = DIRECTION('',(0.,-1.));
#13139 = ( GEOMETRIC_REPRESENTATION_CONTEXT(2) 
PARAMETRIC_REPRESENTATION_CONTEXT() REPRESENTATION_CONTEXT('2D SPACE',''
  ) );
#13140 = PCURVE('',#4525,#13141);
#13141 = DEFINITIONAL_REPRESENTATION('',(#13142),#13146);
#13142 = LINE('',#13143,#13144);
#13143 = CARTESIAN_POINT('',(0.294051420989,0.));
#13144 = VECTOR('',#13145,1.);
#13145 = DIRECTION('',(0.,-1.));
#13146 = ( GEOMETRIC_REPRESENTATION_CONTEXT(2) 
PARAMETRIC_REPRESENTATION_CONTEXT() REPRESENTATION_CONTEXT('2D SPACE',''
  ) );
#13147 = ORIENTED_EDGE('',*,*,#7932,.T.);
#13148 = ORIENTED_EDGE('',*,*,#13073,.F.);
#13149 = ADVANCED_FACE('',(#13150),#5149,.T.);
#13150 = FACE_BOUND('',#13151,.T.);
#13151 = EDGE_LOOP('',(#13152,#13153,#13154,#13155));
#13152 = ORIENTED_EDGE('',*,*,#5134,.T.);
#13153 = ORIENTED_EDGE('',*,*,#13102,.T.);
#13154 = ORIENTED_EDGE('',*,*,#8507,.T.);
#13155 = ORIENTED_EDGE('',*,*,#13156,.F.);
#13156 = EDGE_CURVE('',#5109,#8485,#13157,.T.);
#13157 = SURFACE_CURVE('',#13158,(#13162,#13169),.PCURVE_S1.);
#13158 = LINE('',#13159,#13160);
#13159 = CARTESIAN_POINT('',(-35.5,48.,-1.));
#13160 = VECTOR('',#13161,1.);
#13161 = DIRECTION('',(0.,0.,1.));
#13162 = PCURVE('',#5149,#13163);
#13163 = DEFINITIONAL_REPRESENTATION('',(#13164),#13168);
#13164 = LINE('',#13165,#13166);
#13165 = CARTESIAN_POINT('',(0.294051420989,0.));
#13166 = VECTOR('',#13167,1.);
#13167 = DIRECTION('',(0.,-1.));
#13168 = ( GEOMETRIC_REPRESENTATION_CONTEXT(2) 
PARAMETRIC_REPRESENTATION_CONTEXT() REPRESENTATION_CONTEXT('2D SPACE',''
  ) );
#13169 = PCURVE('',#5123,#13170);
#13170 = DEFINITIONAL_REPRESENTATION('',(#13171),#13175);
#13171 = LINE('',#13172,#13173);
#13172 = CARTESIAN_POINT('',(0.,0.));
#13173 = VECTOR('',#13174,1.);
#13174 = DIRECTION('',(0.,-1.));
#13175 = ( GEOMETRIC_REPRESENTATION_CONTEXT(2) 
PARAMETRIC_REPRESENTATION_CONTEXT() REPRESENTATION_CONTEXT('2D SPACE',''
  ) );
#13176 = ADVANCED_FACE('',(#13177),#4525,.T.);
#13177 = FACE_BOUND('',#13178,.T.);
#13178 = EDGE_LOOP('',(#13179,#13180,#13201,#13202));
#13179 = ORIENTED_EDGE('',*,*,#4510,.T.);
#13180 = ORIENTED_EDGE('',*,*,#13181,.T.);
#13181 = EDGE_CURVE('',#4511,#7956,#13182,.T.);
#13182 = SURFACE_CURVE('',#13183,(#13187,#13194),.PCURVE_S1.);
#13183 = LINE('',#13184,#13185);
#13184 = CARTESIAN_POINT('',(-23.93933982822,53.06066017178,-1.));
#13185 = VECTOR('',#13186,1.);
#13186 = DIRECTION('',(0.,0.,1.));
#13187 = PCURVE('',#4525,#13188);
#13188 = DEFINITIONAL_REPRESENTATION('',(#13189),#13193);
#13189 = LINE('',#13190,#13191);
#13190 = CARTESIAN_POINT('',(0.,0.));
#13191 = VECTOR('',#13192,1.);
#13192 = DIRECTION('',(0.,-1.));
#13193 = ( GEOMETRIC_REPRESENTATION_CONTEXT(2) 
PARAMETRIC_REPRESENTATION_CONTEXT() REPRESENTATION_CONTEXT('2D SPACE',''
  ) );
#13194 = PCURVE('',#4551,#13195);
#13195 = DEFINITIONAL_REPRESENTATION('',(#13196),#13200);
#13196 = LINE('',#13197,#13198);
#13197 = CARTESIAN_POINT('',(0.294051420989,0.));
#13198 = VECTOR('',#13199,1.);
#13199 = DIRECTION('',(0.,-1.));
#13200 = ( GEOMETRIC_REPRESENTATION_CONTEXT(2) 
PARAMETRIC_REPRESENTATION_CONTEXT() REPRESENTATION_CONTEXT('2D SPACE',''
  ) );
#13201 = ORIENTED_EDGE('',*,*,#7955,.T.);
#13202 = ORIENTED_EDGE('',*,*,#13127,.F.);
#13203 = ADVANCED_FACE('',(#13204),#5123,.T.);
#13204 = FACE_BOUND('',#13205,.T.);
#13205 = EDGE_LOOP('',(#13206,#13207,#13208,#13209));
#13206 = ORIENTED_EDGE('',*,*,#5108,.T.);
#13207 = ORIENTED_EDGE('',*,*,#13156,.T.);
#13208 = ORIENTED_EDGE('',*,*,#8484,.T.);
#13209 = ORIENTED_EDGE('',*,*,#13210,.F.);
#13210 = EDGE_CURVE('',#5083,#8462,#13211,.T.);
#13211 = SURFACE_CURVE('',#13212,(#13216,#13223),.PCURVE_S1.);
#13212 = LINE('',#13213,#13214);
#13213 = CARTESIAN_POINT('',(-35.5,46.5,-1.));
#13214 = VECTOR('',#13215,1.);
#13215 = DIRECTION('',(0.,0.,1.));
#13216 = PCURVE('',#5123,#13217);
#13217 = DEFINITIONAL_REPRESENTATION('',(#13218),#13222);
#13218 = LINE('',#13219,#13220);
#13219 = CARTESIAN_POINT('',(1.5,0.));
#13220 = VECTOR('',#13221,1.);
#13221 = DIRECTION('',(0.,-1.));
#13222 = ( GEOMETRIC_REPRESENTATION_CONTEXT(2) 
PARAMETRIC_REPRESENTATION_CONTEXT() REPRESENTATION_CONTEXT('2D SPACE',''
  ) );
#13223 = PCURVE('',#5097,#13224);
#13224 = DEFINITIONAL_REPRESENTATION('',(#13225),#13229);
#13225 = LINE('',#13226,#13227);
#13226 = CARTESIAN_POINT('',(0.,0.));
#13227 = VECTOR('',#13228,1.);
#13228 = DIRECTION('',(0.,-1.));
#13229 = ( GEOMETRIC_REPRESENTATION_CONTEXT(2) 
PARAMETRIC_REPRESENTATION_CONTEXT() REPRESENTATION_CONTEXT('2D SPACE',''
  ) );
#13230 = ADVANCED_FACE('',(#13231),#4551,.T.);
#13231 = FACE_BOUND('',#13232,.T.);
#13232 = EDGE_LOOP('',(#13233,#13234,#13255,#13256));
#13233 = ORIENTED_EDGE('',*,*,#4536,.T.);
#13234 = ORIENTED_EDGE('',*,*,#13235,.T.);
#13235 = EDGE_CURVE('',#4537,#7979,#13236,.T.);
#13236 = SURFACE_CURVE('',#13237,(#13241,#13248),.PCURVE_S1.);
#13237 = LINE('',#13238,#13239);
#13238 = CARTESIAN_POINT('',(-23.75279558154,52.833355349529,-1.));
#13239 = VECTOR('',#13240,1.);
#13240 = DIRECTION('',(0.,0.,1.));
#13241 = PCURVE('',#4551,#13242);
#13242 = DEFINITIONAL_REPRESENTATION('',(#13243),#13247);
#13243 = LINE('',#13244,#13245);
#13244 = CARTESIAN_POINT('',(0.,0.));
#13245 = VECTOR('',#13246,1.);
#13246 = DIRECTION('',(0.,-1.));
#13247 = ( GEOMETRIC_REPRESENTATION_CONTEXT(2) 
PARAMETRIC_REPRESENTATION_CONTEXT() REPRESENTATION_CONTEXT('2D SPACE',''
  ) );
#13248 = PCURVE('',#4577,#13249);
#13249 = DEFINITIONAL_REPRESENTATION('',(#13250),#13254);
#13250 = LINE('',#13251,#13252);
#13251 = CARTESIAN_POINT('',(0.294051420989,0.));
#13252 = VECTOR('',#13253,1.);
#13253 = DIRECTION('',(0.,-1.));
#13254 = ( GEOMETRIC_REPRESENTATION_CONTEXT(2) 
PARAMETRIC_REPRESENTATION_CONTEXT() REPRESENTATION_CONTEXT('2D SPACE',''
  ) );
#13255 = ORIENTED_EDGE('',*,*,#7978,.T.);
#13256 = ORIENTED_EDGE('',*,*,#13181,.F.);
#13257 = ADVANCED_FACE('',(#13258),#5097,.T.);
#13258 = FACE_BOUND('',#13259,.T.);
#13259 = EDGE_LOOP('',(#13260,#13261,#13262,#13263));
#13260 = ORIENTED_EDGE('',*,*,#5082,.T.);
#13261 = ORIENTED_EDGE('',*,*,#13210,.T.);
#13262 = ORIENTED_EDGE('',*,*,#8461,.T.);
#13263 = ORIENTED_EDGE('',*,*,#13264,.F.);
#13264 = EDGE_CURVE('',#5057,#8439,#13265,.T.);
#13265 = SURFACE_CURVE('',#13266,(#13270,#13277),.PCURVE_S1.);
#13266 = LINE('',#13267,#13268);
#13267 = CARTESIAN_POINT('',(-35.4711779206,46.207364516976,-1.));
#13268 = VECTOR('',#13269,1.);
#13269 = DIRECTION('',(0.,0.,1.));
#13270 = PCURVE('',#5097,#13271);
#13271 = DEFINITIONAL_REPRESENTATION('',(#13272),#13276);
#13272 = LINE('',#13273,#13274);
#13273 = CARTESIAN_POINT('',(0.294051420989,0.));
#13274 = VECTOR('',#13275,1.);
#13275 = DIRECTION('',(0.,-1.));
#13276 = ( GEOMETRIC_REPRESENTATION_CONTEXT(2) 
PARAMETRIC_REPRESENTATION_CONTEXT() REPRESENTATION_CONTEXT('2D SPACE',''
  ) );
#13277 = PCURVE('',#5071,#13278);
#13278 = DEFINITIONAL_REPRESENTATION('',(#13279),#13283);
#13279 = LINE('',#13280,#13281);
#13280 = CARTESIAN_POINT('',(0.,0.));
#13281 = VECTOR('',#13282,1.);
#13282 = DIRECTION('',(0.,-1.));
#13283 = ( GEOMETRIC_REPRESENTATION_CONTEXT(2) 
PARAMETRIC_REPRESENTATION_CONTEXT() REPRESENTATION_CONTEXT('2D SPACE',''
  ) );
#13284 = ADVANCED_FACE('',(#13285),#4577,.T.);
#13285 = FACE_BOUND('',#13286,.T.);
#13286 = EDGE_LOOP('',(#13287,#13288,#13309,#13310));
#13287 = ORIENTED_EDGE('',*,*,#4562,.T.);
#13288 = ORIENTED_EDGE('',*,*,#13289,.T.);
#13289 = EDGE_CURVE('',#4563,#8002,#13290,.T.);
#13290 = SURFACE_CURVE('',#13291,(#13295,#13302),.PCURVE_S1.);
#13291 = LINE('',#13292,#13293);
#13292 = CARTESIAN_POINT('',(-23.61418070123,52.574025148548,-1.));
#13293 = VECTOR('',#13294,1.);
#13294 = DIRECTION('',(0.,0.,1.));
#13295 = PCURVE('',#4577,#13296);
#13296 = DEFINITIONAL_REPRESENTATION('',(#13297),#13301);
#13297 = LINE('',#13298,#13299);
#13298 = CARTESIAN_POINT('',(0.,0.));
#13299 = VECTOR('',#13300,1.);
#13300 = DIRECTION('',(0.,-1.));
#13301 = ( GEOMETRIC_REPRESENTATION_CONTEXT(2) 
PARAMETRIC_REPRESENTATION_CONTEXT() REPRESENTATION_CONTEXT('2D SPACE',''
  ) );
#13302 = PCURVE('',#4603,#13303);
#13303 = DEFINITIONAL_REPRESENTATION('',(#13304),#13308);
#13304 = LINE('',#13305,#13306);
#13305 = CARTESIAN_POINT('',(0.294051420989,0.));
#13306 = VECTOR('',#13307,1.);
#13307 = DIRECTION('',(0.,-1.));
#13308 = ( GEOMETRIC_REPRESENTATION_CONTEXT(2) 
PARAMETRIC_REPRESENTATION_CONTEXT() REPRESENTATION_CONTEXT('2D SPACE',''
  ) );
#13309 = ORIENTED_EDGE('',*,*,#8001,.T.);
#13310 = ORIENTED_EDGE('',*,*,#13235,.F.);
#13311 = ADVANCED_FACE('',(#13312),#5071,.T.);
#13312 = FACE_BOUND('',#13313,.T.);
#13313 = EDGE_LOOP('',(#13314,#13315,#13316,#13317));
#13314 = ORIENTED_EDGE('',*,*,#5056,.T.);
#13315 = ORIENTED_EDGE('',*,*,#13264,.T.);
#13316 = ORIENTED_EDGE('',*,*,#8438,.T.);
#13317 = ORIENTED_EDGE('',*,*,#13318,.F.);
#13318 = EDGE_CURVE('',#5031,#8416,#13319,.T.);
#13319 = SURFACE_CURVE('',#13320,(#13324,#13331),.PCURVE_S1.);
#13320 = LINE('',#13321,#13322);
#13321 = CARTESIAN_POINT('',(-35.38581929876,45.925974851452,-1.));
#13322 = VECTOR('',#13323,1.);
#13323 = DIRECTION('',(0.,0.,1.));
#13324 = PCURVE('',#5071,#13325);
#13325 = DEFINITIONAL_REPRESENTATION('',(#13326),#13330);
#13326 = LINE('',#13327,#13328);
#13327 = CARTESIAN_POINT('',(0.294051420989,0.));
#13328 = VECTOR('',#13329,1.);
#13329 = DIRECTION('',(0.,-1.));
#13330 = ( GEOMETRIC_REPRESENTATION_CONTEXT(2) 
PARAMETRIC_REPRESENTATION_CONTEXT() REPRESENTATION_CONTEXT('2D SPACE',''
  ) );
#13331 = PCURVE('',#5045,#13332);
#13332 = DEFINITIONAL_REPRESENTATION('',(#13333),#13337);
#13333 = LINE('',#13334,#13335);
#13334 = CARTESIAN_POINT('',(0.,0.));
#13335 = VECTOR('',#13336,1.);
#13336 = DIRECTION('',(0.,-1.));
#13337 = ( GEOMETRIC_REPRESENTATION_CONTEXT(2) 
PARAMETRIC_REPRESENTATION_CONTEXT() REPRESENTATION_CONTEXT('2D SPACE',''
  ) );
#13338 = ADVANCED_FACE('',(#13339),#4603,.T.);
#13339 = FACE_BOUND('',#13340,.T.);
#13340 = EDGE_LOOP('',(#13341,#13342,#13363,#13364));
#13341 = ORIENTED_EDGE('',*,*,#4588,.T.);
#13342 = ORIENTED_EDGE('',*,*,#13343,.T.);
#13343 = EDGE_CURVE('',#4589,#8025,#13344,.T.);
#13344 = SURFACE_CURVE('',#13345,(#13349,#13356),.PCURVE_S1.);
#13345 = LINE('',#13346,#13347);
#13346 = CARTESIAN_POINT('',(-23.52882207939,52.292635483024,-1.));
#13347 = VECTOR('',#13348,1.);
#13348 = DIRECTION('',(0.,0.,1.));
#13349 = PCURVE('',#4603,#13350);
#13350 = DEFINITIONAL_REPRESENTATION('',(#13351),#13355);
#13351 = LINE('',#13352,#13353);
#13352 = CARTESIAN_POINT('',(0.,0.));
#13353 = VECTOR('',#13354,1.);
#13354 = DIRECTION('',(0.,-1.));
#13355 = ( GEOMETRIC_REPRESENTATION_CONTEXT(2) 
PARAMETRIC_REPRESENTATION_CONTEXT() REPRESENTATION_CONTEXT('2D SPACE',''
  ) );
#13356 = PCURVE('',#4629,#13357);
#13357 = DEFINITIONAL_REPRESENTATION('',(#13358),#13362);
#13358 = LINE('',#13359,#13360);
#13359 = CARTESIAN_POINT('',(0.294051420989,0.));
#13360 = VECTOR('',#13361,1.);
#13361 = DIRECTION('',(0.,-1.));
#13362 = ( GEOMETRIC_REPRESENTATION_CONTEXT(2) 
PARAMETRIC_REPRESENTATION_CONTEXT() REPRESENTATION_CONTEXT('2D SPACE',''
  ) );
#13363 = ORIENTED_EDGE('',*,*,#8024,.T.);
#13364 = ORIENTED_EDGE('',*,*,#13289,.F.);
#13365 = ADVANCED_FACE('',(#13366),#5045,.T.);
#13366 = FACE_BOUND('',#13367,.T.);
#13367 = EDGE_LOOP('',(#13368,#13369,#13370,#13371));
#13368 = ORIENTED_EDGE('',*,*,#5030,.T.);
#13369 = ORIENTED_EDGE('',*,*,#13318,.T.);
#13370 = ORIENTED_EDGE('',*,*,#8415,.T.);
#13371 = ORIENTED_EDGE('',*,*,#13372,.F.);
#13372 = EDGE_CURVE('',#5005,#8393,#13373,.T.);
#13373 = SURFACE_CURVE('',#13374,(#13378,#13385),.PCURVE_S1.);
#13374 = LINE('',#13375,#13376);
#13375 = CARTESIAN_POINT('',(-35.24720441845,45.666644650471,-1.));
#13376 = VECTOR('',#13377,1.);
#13377 = DIRECTION('',(0.,0.,1.));
#13378 = PCURVE('',#5045,#13379);
#13379 = DEFINITIONAL_REPRESENTATION('',(#13380),#13384);
#13380 = LINE('',#13381,#13382);
#13381 = CARTESIAN_POINT('',(0.294051420989,0.));
#13382 = VECTOR('',#13383,1.);
#13383 = DIRECTION('',(0.,-1.));
#13384 = ( GEOMETRIC_REPRESENTATION_CONTEXT(2) 
PARAMETRIC_REPRESENTATION_CONTEXT() REPRESENTATION_CONTEXT('2D SPACE',''
  ) );
#13385 = PCURVE('',#5019,#13386);
#13386 = DEFINITIONAL_REPRESENTATION('',(#13387),#13391);
#13387 = LINE('',#13388,#13389);
#13388 = CARTESIAN_POINT('',(0.,0.));
#13389 = VECTOR('',#13390,1.);
#13390 = DIRECTION('',(0.,-1.));
#13391 = ( GEOMETRIC_REPRESENTATION_CONTEXT(2) 
PARAMETRIC_REPRESENTATION_CONTEXT() REPRESENTATION_CONTEXT('2D SPACE',''
  ) );
#13392 = ADVANCED_FACE('',(#13393),#4629,.T.);
#13393 = FACE_BOUND('',#13394,.T.);
#13394 = EDGE_LOOP('',(#13395,#13396,#13417,#13418));
#13395 = ORIENTED_EDGE('',*,*,#4614,.T.);
#13396 = ORIENTED_EDGE('',*,*,#13397,.T.);
#13397 = EDGE_CURVE('',#4615,#8048,#13398,.T.);
#13398 = SURFACE_CURVE('',#13399,(#13403,#13410),.PCURVE_S1.);
#13399 = LINE('',#13400,#13401);
#13400 = CARTESIAN_POINT('',(-23.5,52.,-1.));
#13401 = VECTOR('',#13402,1.);
#13402 = DIRECTION('',(0.,0.,1.));
#13403 = PCURVE('',#4629,#13404);
#13404 = DEFINITIONAL_REPRESENTATION('',(#13405),#13409);
#13405 = LINE('',#13406,#13407);
#13406 = CARTESIAN_POINT('',(0.,0.));
#13407 = VECTOR('',#13408,1.);
#13408 = DIRECTION('',(0.,-1.));
#13409 = ( GEOMETRIC_REPRESENTATION_CONTEXT(2) 
PARAMETRIC_REPRESENTATION_CONTEXT() REPRESENTATION_CONTEXT('2D SPACE',''
  ) );
#13410 = PCURVE('',#4655,#13411);
#13411 = DEFINITIONAL_REPRESENTATION('',(#13412),#13416);
#13412 = LINE('',#13413,#13414);
#13413 = CARTESIAN_POINT('',(5.5,0.));
#13414 = VECTOR('',#13415,1.);
#13415 = DIRECTION('',(0.,-1.));
#13416 = ( GEOMETRIC_REPRESENTATION_CONTEXT(2) 
PARAMETRIC_REPRESENTATION_CONTEXT() REPRESENTATION_CONTEXT('2D SPACE',''
  ) );
#13417 = ORIENTED_EDGE('',*,*,#8047,.T.);
#13418 = ORIENTED_EDGE('',*,*,#13343,.F.);
#13419 = ADVANCED_FACE('',(#13420),#5019,.T.);
#13420 = FACE_BOUND('',#13421,.T.);
#13421 = EDGE_LOOP('',(#13422,#13423,#13424,#13425));
#13422 = ORIENTED_EDGE('',*,*,#5004,.T.);
#13423 = ORIENTED_EDGE('',*,*,#13372,.T.);
#13424 = ORIENTED_EDGE('',*,*,#8392,.T.);
#13425 = ORIENTED_EDGE('',*,*,#13426,.F.);
#13426 = EDGE_CURVE('',#4979,#8370,#13427,.T.);
#13427 = SURFACE_CURVE('',#13428,(#13432,#13439),.PCURVE_S1.);
#13428 = LINE('',#13429,#13430);
#13429 = CARTESIAN_POINT('',(-35.06066017178,45.43933982822,-1.));
#13430 = VECTOR('',#13431,1.);
#13431 = DIRECTION('',(0.,0.,1.));
#13432 = PCURVE('',#5019,#13433);
#13433 = DEFINITIONAL_REPRESENTATION('',(#13434),#13438);
#13434 = LINE('',#13435,#13436);
#13435 = CARTESIAN_POINT('',(0.294051420989,0.));
#13436 = VECTOR('',#13437,1.);
#13437 = DIRECTION('',(0.,-1.));
#13438 = ( GEOMETRIC_REPRESENTATION_CONTEXT(2) 
PARAMETRIC_REPRESENTATION_CONTEXT() REPRESENTATION_CONTEXT('2D SPACE',''
  ) );
#13439 = PCURVE('',#4993,#13440);
#13440 = DEFINITIONAL_REPRESENTATION('',(#13441),#13445);
#13441 = LINE('',#13442,#13443);
#13442 = CARTESIAN_POINT('',(0.,0.));
#13443 = VECTOR('',#13444,1.);
#13444 = DIRECTION('',(0.,-1.));
#13445 = ( GEOMETRIC_REPRESENTATION_CONTEXT(2) 
PARAMETRIC_REPRESENTATION_CONTEXT() REPRESENTATION_CONTEXT('2D SPACE',''
  ) );
#13446 = ADVANCED_FACE('',(#13447),#4655,.T.);
#13447 = FACE_BOUND('',#13448,.T.);
#13448 = EDGE_LOOP('',(#13449,#13450,#13471,#13472));
#13449 = ORIENTED_EDGE('',*,*,#4640,.T.);
#13450 = ORIENTED_EDGE('',*,*,#13451,.T.);
#13451 = EDGE_CURVE('',#4641,#8071,#13452,.T.);
#13452 = SURFACE_CURVE('',#13453,(#13457,#13464),.PCURVE_S1.);
#13453 = LINE('',#13454,#13455);
#13454 = CARTESIAN_POINT('',(-23.5,46.5,-1.));
#13455 = VECTOR('',#13456,1.);
#13456 = DIRECTION('',(0.,0.,1.));
#13457 = PCURVE('',#4655,#13458);
#13458 = DEFINITIONAL_REPRESENTATION('',(#13459),#13463);
#13459 = LINE('',#13460,#13461);
#13460 = CARTESIAN_POINT('',(0.,0.));
#13461 = VECTOR('',#13462,1.);
#13462 = DIRECTION('',(0.,-1.));
#13463 = ( GEOMETRIC_REPRESENTATION_CONTEXT(2) 
PARAMETRIC_REPRESENTATION_CONTEXT() REPRESENTATION_CONTEXT('2D SPACE',''
  ) );
#13464 = PCURVE('',#4681,#13465);
#13465 = DEFINITIONAL_REPRESENTATION('',(#13466),#13470);
#13466 = LINE('',#13467,#13468);
#13467 = CARTESIAN_POINT('',(0.294051420989,0.));
#13468 = VECTOR('',#13469,1.);
#13469 = DIRECTION('',(0.,-1.));
#13470 = ( GEOMETRIC_REPRESENTATION_CONTEXT(2) 
PARAMETRIC_REPRESENTATION_CONTEXT() REPRESENTATION_CONTEXT('2D SPACE',''
  ) );
#13471 = ORIENTED_EDGE('',*,*,#8070,.T.);
#13472 = ORIENTED_EDGE('',*,*,#13397,.F.);
#13473 = ADVANCED_FACE('',(#13474),#4993,.T.);
#13474 = FACE_BOUND('',#13475,.T.);
#13475 = EDGE_LOOP('',(#13476,#13477,#13478,#13479));
#13476 = ORIENTED_EDGE('',*,*,#4978,.T.);
#13477 = ORIENTED_EDGE('',*,*,#13426,.T.);
#13478 = ORIENTED_EDGE('',*,*,#8369,.T.);
#13479 = ORIENTED_EDGE('',*,*,#13480,.F.);
#13480 = EDGE_CURVE('',#4953,#8347,#13481,.T.);
#13481 = SURFACE_CURVE('',#13482,(#13486,#13493),.PCURVE_S1.);
#13482 = LINE('',#13483,#13484);
#13483 = CARTESIAN_POINT('',(-34.83335534952,45.252795581546,-1.));
#13484 = VECTOR('',#13485,1.);
#13485 = DIRECTION('',(0.,0.,1.));
#13486 = PCURVE('',#4993,#13487);
#13487 = DEFINITIONAL_REPRESENTATION('',(#13488),#13492);
#13488 = LINE('',#13489,#13490);
#13489 = CARTESIAN_POINT('',(0.294051420989,0.));
#13490 = VECTOR('',#13491,1.);
#13491 = DIRECTION('',(0.,-1.));
#13492 = ( GEOMETRIC_REPRESENTATION_CONTEXT(2) 
PARAMETRIC_REPRESENTATION_CONTEXT() REPRESENTATION_CONTEXT('2D SPACE',''
  ) );
#13493 = PCURVE('',#4967,#13494);
#13494 = DEFINITIONAL_REPRESENTATION('',(#13495),#13499);
#13495 = LINE('',#13496,#13497);
#13496 = CARTESIAN_POINT('',(0.,0.));
#13497 = VECTOR('',#13498,1.);
#13498 = DIRECTION('',(0.,-1.));
#13499 = ( GEOMETRIC_REPRESENTATION_CONTEXT(2) 
PARAMETRIC_REPRESENTATION_CONTEXT() REPRESENTATION_CONTEXT('2D SPACE',''
  ) );
#13500 = ADVANCED_FACE('',(#13501),#4681,.T.);
#13501 = FACE_BOUND('',#13502,.T.);
#13502 = EDGE_LOOP('',(#13503,#13504,#13525,#13526));
#13503 = ORIENTED_EDGE('',*,*,#4666,.T.);
#13504 = ORIENTED_EDGE('',*,*,#13505,.T.);
#13505 = EDGE_CURVE('',#4667,#8094,#13506,.T.);
#13506 = SURFACE_CURVE('',#13507,(#13511,#13518),.PCURVE_S1.);
#13507 = LINE('',#13508,#13509);
#13508 = CARTESIAN_POINT('',(-23.52882207939,46.207364516976,-1.));
#13509 = VECTOR('',#13510,1.);
#13510 = DIRECTION('',(0.,0.,1.));
#13511 = PCURVE('',#4681,#13512);
#13512 = DEFINITIONAL_REPRESENTATION('',(#13513),#13517);
#13513 = LINE('',#13514,#13515);
#13514 = CARTESIAN_POINT('',(0.,0.));
#13515 = VECTOR('',#13516,1.);
#13516 = DIRECTION('',(0.,-1.));
#13517 = ( GEOMETRIC_REPRESENTATION_CONTEXT(2) 
PARAMETRIC_REPRESENTATION_CONTEXT() REPRESENTATION_CONTEXT('2D SPACE',''
  ) );
#13518 = PCURVE('',#4707,#13519);
#13519 = DEFINITIONAL_REPRESENTATION('',(#13520),#13524);
#13520 = LINE('',#13521,#13522);
#13521 = CARTESIAN_POINT('',(0.294051420989,0.));
#13522 = VECTOR('',#13523,1.);
#13523 = DIRECTION('',(0.,-1.));
#13524 = ( GEOMETRIC_REPRESENTATION_CONTEXT(2) 
PARAMETRIC_REPRESENTATION_CONTEXT() REPRESENTATION_CONTEXT('2D SPACE',''
  ) );
#13525 = ORIENTED_EDGE('',*,*,#8093,.T.);
#13526 = ORIENTED_EDGE('',*,*,#13451,.F.);
#13527 = ADVANCED_FACE('',(#13528),#4967,.T.);
#13528 = FACE_BOUND('',#13529,.T.);
#13529 = EDGE_LOOP('',(#13530,#13531,#13532,#13533));
#13530 = ORIENTED_EDGE('',*,*,#4952,.T.);
#13531 = ORIENTED_EDGE('',*,*,#13480,.T.);
#13532 = ORIENTED_EDGE('',*,*,#8346,.T.);
#13533 = ORIENTED_EDGE('',*,*,#13534,.F.);
#13534 = EDGE_CURVE('',#4927,#8324,#13535,.T.);
#13535 = SURFACE_CURVE('',#13536,(#13540,#13547),.PCURVE_S1.);
#13536 = LINE('',#13537,#13538);
#13537 = CARTESIAN_POINT('',(-34.57402514854,45.114180701233,-1.));
#13538 = VECTOR('',#13539,1.);
#13539 = DIRECTION('',(0.,0.,1.));
#13540 = PCURVE('',#4967,#13541);
#13541 = DEFINITIONAL_REPRESENTATION('',(#13542),#13546);
#13542 = LINE('',#13543,#13544);
#13543 = CARTESIAN_POINT('',(0.294051420989,0.));
#13544 = VECTOR('',#13545,1.);
#13545 = DIRECTION('',(0.,-1.));
#13546 = ( GEOMETRIC_REPRESENTATION_CONTEXT(2) 
PARAMETRIC_REPRESENTATION_CONTEXT() REPRESENTATION_CONTEXT('2D SPACE',''
  ) );
#13547 = PCURVE('',#4941,#13548);
#13548 = DEFINITIONAL_REPRESENTATION('',(#13549),#13553);
#13549 = LINE('',#13550,#13551);
#13550 = CARTESIAN_POINT('',(0.,0.));
#13551 = VECTOR('',#13552,1.);
#13552 = DIRECTION('',(0.,-1.));
#13553 = ( GEOMETRIC_REPRESENTATION_CONTEXT(2) 
PARAMETRIC_REPRESENTATION_CONTEXT() REPRESENTATION_CONTEXT('2D SPACE',''
  ) );
#13554 = ADVANCED_FACE('',(#13555),#4707,.T.);
#13555 = FACE_BOUND('',#13556,.T.);
#13556 = EDGE_LOOP('',(#13557,#13558,#13579,#13580));
#13557 = ORIENTED_EDGE('',*,*,#4692,.T.);
#13558 = ORIENTED_EDGE('',*,*,#13559,.T.);
#13559 = EDGE_CURVE('',#4693,#8117,#13560,.T.);
#13560 = SURFACE_CURVE('',#13561,(#13565,#13572),.PCURVE_S1.);
#13561 = LINE('',#13562,#13563);
#13562 = CARTESIAN_POINT('',(-23.61418070123,45.925974851452,-1.));
#13563 = VECTOR('',#13564,1.);
#13564 = DIRECTION('',(0.,0.,1.));
#13565 = PCURVE('',#4707,#13566);
#13566 = DEFINITIONAL_REPRESENTATION('',(#13567),#13571);
#13567 = LINE('',#13568,#13569);
#13568 = CARTESIAN_POINT('',(0.,0.));
#13569 = VECTOR('',#13570,1.);
#13570 = DIRECTION('',(0.,-1.));
#13571 = ( GEOMETRIC_REPRESENTATION_CONTEXT(2) 
PARAMETRIC_REPRESENTATION_CONTEXT() REPRESENTATION_CONTEXT('2D SPACE',''
  ) );
#13572 = PCURVE('',#4733,#13573);
#13573 = DEFINITIONAL_REPRESENTATION('',(#13574),#13578);
#13574 = LINE('',#13575,#13576);
#13575 = CARTESIAN_POINT('',(0.294051420989,0.));
#13576 = VECTOR('',#13577,1.);
#13577 = DIRECTION('',(0.,-1.));
#13578 = ( GEOMETRIC_REPRESENTATION_CONTEXT(2) 
PARAMETRIC_REPRESENTATION_CONTEXT() REPRESENTATION_CONTEXT('2D SPACE',''
  ) );
#13579 = ORIENTED_EDGE('',*,*,#8116,.T.);
#13580 = ORIENTED_EDGE('',*,*,#13505,.F.);
#13581 = ADVANCED_FACE('',(#13582),#4941,.T.);
#13582 = FACE_BOUND('',#13583,.T.);
#13583 = EDGE_LOOP('',(#13584,#13585,#13586,#13587));
#13584 = ORIENTED_EDGE('',*,*,#4926,.T.);
#13585 = ORIENTED_EDGE('',*,*,#13534,.T.);
#13586 = ORIENTED_EDGE('',*,*,#8323,.T.);
#13587 = ORIENTED_EDGE('',*,*,#13588,.F.);
#13588 = EDGE_CURVE('',#4901,#8301,#13589,.T.);
#13589 = SURFACE_CURVE('',#13590,(#13594,#13601),.PCURVE_S1.);
#13590 = LINE('',#13591,#13592);
#13591 = CARTESIAN_POINT('',(-34.29263548302,45.028822079395,-1.));
#13592 = VECTOR('',#13593,1.);
#13593 = DIRECTION('',(0.,0.,1.));
#13594 = PCURVE('',#4941,#13595);
#13595 = DEFINITIONAL_REPRESENTATION('',(#13596),#13600);
#13596 = LINE('',#13597,#13598);
#13597 = CARTESIAN_POINT('',(0.294051420989,0.));
#13598 = VECTOR('',#13599,1.);
#13599 = DIRECTION('',(0.,-1.));
#13600 = ( GEOMETRIC_REPRESENTATION_CONTEXT(2) 
PARAMETRIC_REPRESENTATION_CONTEXT() REPRESENTATION_CONTEXT('2D SPACE',''
  ) );
#13601 = PCURVE('',#4915,#13602);
#13602 = DEFINITIONAL_REPRESENTATION('',(#13603),#13607);
#13603 = LINE('',#13604,#13605);
#13604 = CARTESIAN_POINT('',(0.,0.));
#13605 = VECTOR('',#13606,1.);
#13606 = DIRECTION('',(0.,-1.));
#13607 = ( GEOMETRIC_REPRESENTATION_CONTEXT(2) 
PARAMETRIC_REPRESENTATION_CONTEXT() REPRESENTATION_CONTEXT('2D SPACE',''
  ) );
#13608 = ADVANCED_FACE('',(#13609),#4733,.T.);
#13609 = FACE_BOUND('',#13610,.T.);
#13610 = EDGE_LOOP('',(#13611,#13612,#13633,#13634));
#13611 = ORIENTED_EDGE('',*,*,#4718,.T.);
#13612 = ORIENTED_EDGE('',*,*,#13613,.T.);
#13613 = EDGE_CURVE('',#4719,#8140,#13614,.T.);
#13614 = SURFACE_CURVE('',#13615,(#13619,#13626),.PCURVE_S1.);
#13615 = LINE('',#13616,#13617);
#13616 = CARTESIAN_POINT('',(-23.75279558154,45.666644650471,-1.));
#13617 = VECTOR('',#13618,1.);
#13618 = DIRECTION('',(0.,0.,1.));
#13619 = PCURVE('',#4733,#13620);
#13620 = DEFINITIONAL_REPRESENTATION('',(#13621),#13625);
#13621 = LINE('',#13622,#13623);
#13622 = CARTESIAN_POINT('',(0.,0.));
#13623 = VECTOR('',#13624,1.);
#13624 = DIRECTION('',(0.,-1.));
#13625 = ( GEOMETRIC_REPRESENTATION_CONTEXT(2) 
PARAMETRIC_REPRESENTATION_CONTEXT() REPRESENTATION_CONTEXT('2D SPACE',''
  ) );
#13626 = PCURVE('',#4759,#13627);
#13627 = DEFINITIONAL_REPRESENTATION('',(#13628),#13632);
#13628 = LINE('',#13629,#13630);
#13629 = CARTESIAN_POINT('',(0.294051420989,0.));
#13630 = VECTOR('',#13631,1.);
#13631 = DIRECTION('',(0.,-1.));
#13632 = ( GEOMETRIC_REPRESENTATION_CONTEXT(2) 
PARAMETRIC_REPRESENTATION_CONTEXT() REPRESENTATION_CONTEXT('2D SPACE',''
  ) );
#13633 = ORIENTED_EDGE('',*,*,#8139,.T.);
#13634 = ORIENTED_EDGE('',*,*,#13559,.F.);
#13635 = ADVANCED_FACE('',(#13636),#4915,.T.);
#13636 = FACE_BOUND('',#13637,.T.);
#13637 = EDGE_LOOP('',(#13638,#13639,#13640,#13641));
#13638 = ORIENTED_EDGE('',*,*,#4900,.T.);
#13639 = ORIENTED_EDGE('',*,*,#13588,.T.);
#13640 = ORIENTED_EDGE('',*,*,#8300,.T.);
#13641 = ORIENTED_EDGE('',*,*,#13642,.F.);
#13642 = EDGE_CURVE('',#4875,#8278,#13643,.T.);
#13643 = SURFACE_CURVE('',#13644,(#13648,#13655),.PCURVE_S1.);
#13644 = LINE('',#13645,#13646);
#13645 = CARTESIAN_POINT('',(-34.,45.,-1.));
#13646 = VECTOR('',#13647,1.);
#13647 = DIRECTION('',(0.,0.,1.));
#13648 = PCURVE('',#4915,#13649);
#13649 = DEFINITIONAL_REPRESENTATION('',(#13650),#13654);
#13650 = LINE('',#13651,#13652);
#13651 = CARTESIAN_POINT('',(0.294051420989,0.));
#13652 = VECTOR('',#13653,1.);
#13653 = DIRECTION('',(0.,-1.));
#13654 = ( GEOMETRIC_REPRESENTATION_CONTEXT(2) 
PARAMETRIC_REPRESENTATION_CONTEXT() REPRESENTATION_CONTEXT('2D SPACE',''
  ) );
#13655 = PCURVE('',#4889,#13656);
#13656 = DEFINITIONAL_REPRESENTATION('',(#13657),#13661);
#13657 = LINE('',#13658,#13659);
#13658 = CARTESIAN_POINT('',(0.,0.));
#13659 = VECTOR('',#13660,1.);
#13660 = DIRECTION('',(0.,-1.));
#13661 = ( GEOMETRIC_REPRESENTATION_CONTEXT(2) 
PARAMETRIC_REPRESENTATION_CONTEXT() REPRESENTATION_CONTEXT('2D SPACE',''
  ) );
#13662 = ADVANCED_FACE('',(#13663),#4759,.T.);
#13663 = FACE_BOUND('',#13664,.T.);
#13664 = EDGE_LOOP('',(#13665,#13666,#13687,#13688));
#13665 = ORIENTED_EDGE('',*,*,#4744,.T.);
#13666 = ORIENTED_EDGE('',*,*,#13667,.T.);
#13667 = EDGE_CURVE('',#4745,#8163,#13668,.T.);
#13668 = SURFACE_CURVE('',#13669,(#13673,#13680),.PCURVE_S1.);
#13669 = LINE('',#13670,#13671);
#13670 = CARTESIAN_POINT('',(-23.93933982822,45.43933982822,-1.));
#13671 = VECTOR('',#13672,1.);
#13672 = DIRECTION('',(0.,0.,1.));
#13673 = PCURVE('',#4759,#13674);
#13674 = DEFINITIONAL_REPRESENTATION('',(#13675),#13679);
#13675 = LINE('',#13676,#13677);
#13676 = CARTESIAN_POINT('',(0.,0.));
#13677 = VECTOR('',#13678,1.);
#13678 = DIRECTION('',(0.,-1.));
#13679 = ( GEOMETRIC_REPRESENTATION_CONTEXT(2) 
PARAMETRIC_REPRESENTATION_CONTEXT() REPRESENTATION_CONTEXT('2D SPACE',''
  ) );
#13680 = PCURVE('',#4785,#13681);
#13681 = DEFINITIONAL_REPRESENTATION('',(#13682),#13686);
#13682 = LINE('',#13683,#13684);
#13683 = CARTESIAN_POINT('',(0.294051420989,0.));
#13684 = VECTOR('',#13685,1.);
#13685 = DIRECTION('',(0.,-1.));
#13686 = ( GEOMETRIC_REPRESENTATION_CONTEXT(2) 
PARAMETRIC_REPRESENTATION_CONTEXT() REPRESENTATION_CONTEXT('2D SPACE',''
  ) );
#13687 = ORIENTED_EDGE('',*,*,#8162,.T.);
#13688 = ORIENTED_EDGE('',*,*,#13613,.F.);
#13689 = ADVANCED_FACE('',(#13690),#4889,.T.);
#13690 = FACE_BOUND('',#13691,.T.);
#13691 = EDGE_LOOP('',(#13692,#13693,#13694,#13695));
#13692 = ORIENTED_EDGE('',*,*,#4874,.T.);
#13693 = ORIENTED_EDGE('',*,*,#13642,.T.);
#13694 = ORIENTED_EDGE('',*,*,#8277,.T.);
#13695 = ORIENTED_EDGE('',*,*,#13696,.F.);
#13696 = EDGE_CURVE('',#4849,#8255,#13697,.T.);
#13697 = SURFACE_CURVE('',#13698,(#13702,#13709),.PCURVE_S1.);
#13698 = LINE('',#13699,#13700);
#13699 = CARTESIAN_POINT('',(-25.,45.,-1.));
#13700 = VECTOR('',#13701,1.);
#13701 = DIRECTION('',(0.,0.,1.));
#13702 = PCURVE('',#4889,#13703);
#13703 = DEFINITIONAL_REPRESENTATION('',(#13704),#13708);
#13704 = LINE('',#13705,#13706);
#13705 = CARTESIAN_POINT('',(9.,0.));
#13706 = VECTOR('',#13707,1.);
#13707 = DIRECTION('',(0.,-1.));
#13708 = ( GEOMETRIC_REPRESENTATION_CONTEXT(2) 
PARAMETRIC_REPRESENTATION_CONTEXT() REPRESENTATION_CONTEXT('2D SPACE',''
  ) );
#13709 = PCURVE('',#4863,#13710);
#13710 = DEFINITIONAL_REPRESENTATION('',(#13711),#13715);
#13711 = LINE('',#13712,#13713);
#13712 = CARTESIAN_POINT('',(0.,0.));
#13713 = VECTOR('',#13714,1.);
#13714 = DIRECTION('',(0.,-1.));
#13715 = ( GEOMETRIC_REPRESENTATION_CONTEXT(2) 
PARAMETRIC_REPRESENTATION_CONTEXT() REPRESENTATION_CONTEXT('2D SPACE',''
  ) );
#13716 = ADVANCED_FACE('',(#13717),#4785,.T.);
#13717 = FACE_BOUND('',#13718,.T.);
#13718 = EDGE_LOOP('',(#13719,#13720,#13741,#13742));
#13719 = ORIENTED_EDGE('',*,*,#4770,.T.);
#13720 = ORIENTED_EDGE('',*,*,#13721,.T.);
#13721 = EDGE_CURVE('',#4771,#8186,#13722,.T.);
#13722 = SURFACE_CURVE('',#13723,(#13727,#13734),.PCURVE_S1.);
#13723 = LINE('',#13724,#13725);
#13724 = CARTESIAN_POINT('',(-24.16664465047,45.252795581546,-1.));
#13725 = VECTOR('',#13726,1.);
#13726 = DIRECTION('',(0.,0.,1.));
#13727 = PCURVE('',#4785,#13728);
#13728 = DEFINITIONAL_REPRESENTATION('',(#13729),#13733);
#13729 = LINE('',#13730,#13731);
#13730 = CARTESIAN_POINT('',(0.,0.));
#13731 = VECTOR('',#13732,1.);
#13732 = DIRECTION('',(0.,-1.));
#13733 = ( GEOMETRIC_REPRESENTATION_CONTEXT(2) 
PARAMETRIC_REPRESENTATION_CONTEXT() REPRESENTATION_CONTEXT('2D SPACE',''
  ) );
#13734 = PCURVE('',#4811,#13735);
#13735 = DEFINITIONAL_REPRESENTATION('',(#13736),#13740);
#13736 = LINE('',#13737,#13738);
#13737 = CARTESIAN_POINT('',(0.294051420989,0.));
#13738 = VECTOR('',#13739,1.);
#13739 = DIRECTION('',(0.,-1.));
#13740 = ( GEOMETRIC_REPRESENTATION_CONTEXT(2) 
PARAMETRIC_REPRESENTATION_CONTEXT() REPRESENTATION_CONTEXT('2D SPACE',''
  ) );
#13741 = ORIENTED_EDGE('',*,*,#8185,.T.);
#13742 = ORIENTED_EDGE('',*,*,#13667,.F.);
#13743 = ADVANCED_FACE('',(#13744),#4863,.T.);
#13744 = FACE_BOUND('',#13745,.T.);
#13745 = EDGE_LOOP('',(#13746,#13747,#13748,#13749));
#13746 = ORIENTED_EDGE('',*,*,#4848,.T.);
#13747 = ORIENTED_EDGE('',*,*,#13696,.T.);
#13748 = ORIENTED_EDGE('',*,*,#8254,.T.);
#13749 = ORIENTED_EDGE('',*,*,#13750,.F.);
#13750 = EDGE_CURVE('',#4823,#8232,#13751,.T.);
#13751 = SURFACE_CURVE('',#13752,(#13756,#13763),.PCURVE_S1.);
#13752 = LINE('',#13753,#13754);
#13753 = CARTESIAN_POINT('',(-24.70736451697,45.028822079395,-1.));
#13754 = VECTOR('',#13755,1.);
#13755 = DIRECTION('',(0.,0.,1.));
#13756 = PCURVE('',#4863,#13757);
#13757 = DEFINITIONAL_REPRESENTATION('',(#13758),#13762);
#13758 = LINE('',#13759,#13760);
#13759 = CARTESIAN_POINT('',(0.294051420989,0.));
#13760 = VECTOR('',#13761,1.);
#13761 = DIRECTION('',(0.,-1.));
#13762 = ( GEOMETRIC_REPRESENTATION_CONTEXT(2) 
PARAMETRIC_REPRESENTATION_CONTEXT() REPRESENTATION_CONTEXT('2D SPACE',''
  ) );
#13763 = PCURVE('',#4837,#13764);
#13764 = DEFINITIONAL_REPRESENTATION('',(#13765),#13769);
#13765 = LINE('',#13766,#13767);
#13766 = CARTESIAN_POINT('',(0.,0.));
#13767 = VECTOR('',#13768,1.);
#13768 = DIRECTION('',(0.,-1.));
#13769 = ( GEOMETRIC_REPRESENTATION_CONTEXT(2) 
PARAMETRIC_REPRESENTATION_CONTEXT() REPRESENTATION_CONTEXT('2D SPACE',''
  ) );
#13770 = ADVANCED_FACE('',(#13771),#4811,.T.);
#13771 = FACE_BOUND('',#13772,.T.);
#13772 = EDGE_LOOP('',(#13773,#13774,#13795,#13796));
#13773 = ORIENTED_EDGE('',*,*,#4796,.T.);
#13774 = ORIENTED_EDGE('',*,*,#13775,.T.);
#13775 = EDGE_CURVE('',#4797,#8209,#13776,.T.);
#13776 = SURFACE_CURVE('',#13777,(#13781,#13788),.PCURVE_S1.);
#13777 = LINE('',#13778,#13779);
#13778 = CARTESIAN_POINT('',(-24.42597485145,45.114180701233,-1.));
#13779 = VECTOR('',#13780,1.);
#13780 = DIRECTION('',(0.,0.,1.));
#13781 = PCURVE('',#4811,#13782);
#13782 = DEFINITIONAL_REPRESENTATION('',(#13783),#13787);
#13783 = LINE('',#13784,#13785);
#13784 = CARTESIAN_POINT('',(0.,0.));
#13785 = VECTOR('',#13786,1.);
#13786 = DIRECTION('',(0.,-1.));
#13787 = ( GEOMETRIC_REPRESENTATION_CONTEXT(2) 
PARAMETRIC_REPRESENTATION_CONTEXT() REPRESENTATION_CONTEXT('2D SPACE',''
  ) );
#13788 = PCURVE('',#4837,#13789);
#13789 = DEFINITIONAL_REPRESENTATION('',(#13790),#13794);
#13790 = LINE('',#13791,#13792);
#13791 = CARTESIAN_POINT('',(0.294051420989,0.));
#13792 = VECTOR('',#13793,1.);
#13793 = DIRECTION('',(0.,-1.));
#13794 = ( GEOMETRIC_REPRESENTATION_CONTEXT(2) 
PARAMETRIC_REPRESENTATION_CONTEXT() REPRESENTATION_CONTEXT('2D SPACE',''
  ) );
#13795 = ORIENTED_EDGE('',*,*,#8208,.T.);
#13796 = ORIENTED_EDGE('',*,*,#13721,.F.);
#13797 = ADVANCED_FACE('',(#13798),#4837,.T.);
#13798 = FACE_BOUND('',#13799,.T.);
#13799 = EDGE_LOOP('',(#13800,#13801,#13802,#13803));
#13800 = ORIENTED_EDGE('',*,*,#4822,.T.);
#13801 = ORIENTED_EDGE('',*,*,#13750,.T.);
#13802 = ORIENTED_EDGE('',*,*,#8231,.T.);
#13803 = ORIENTED_EDGE('',*,*,#13775,.F.);
#13804 = ADVANCED_FACE('',(#13805),#5545,.F.);
#13805 = FACE_BOUND('',#13806,.T.);
#13806 = EDGE_LOOP('',(#13807,#13808,#13831,#13858));
#13807 = ORIENTED_EDGE('',*,*,#5524,.T.);
#13808 = ORIENTED_EDGE('',*,*,#13809,.T.);
#13809 = EDGE_CURVE('',#5525,#13810,#13812,.T.);
#13810 = VERTEX_POINT('',#13811);
#13811 = CARTESIAN_POINT('',(45.75,40.5,1.));
#13812 = SEAM_CURVE('',#13813,(#13817,#13824),.PCURVE_S1.);
#13813 = LINE('',#13814,#13815);
#13814 = CARTESIAN_POINT('',(45.75,40.5,-1.));
#13815 = VECTOR('',#13816,1.);
#13816 = DIRECTION('',(0.,0.,1.));
#13817 = PCURVE('',#5545,#13818);
#13818 = DEFINITIONAL_REPRESENTATION('',(#13819),#13823);
#13819 = LINE('',#13820,#13821);
#13820 = CARTESIAN_POINT('',(-6.28318530718,0.));
#13821 = VECTOR('',#13822,1.);
#13822 = DIRECTION('',(-0.,-1.));
#13823 = ( GEOMETRIC_REPRESENTATION_CONTEXT(2) 
PARAMETRIC_REPRESENTATION_CONTEXT() REPRESENTATION_CONTEXT('2D SPACE',''
  ) );
#13824 = PCURVE('',#5545,#13825);
#13825 = DEFINITIONAL_REPRESENTATION('',(#13826),#13830);
#13826 = LINE('',#13827,#13828);
#13827 = CARTESIAN_POINT('',(-0.,0.));
#13828 = VECTOR('',#13829,1.);
#13829 = DIRECTION('',(-0.,-1.));
#13830 = ( GEOMETRIC_REPRESENTATION_CONTEXT(2) 
PARAMETRIC_REPRESENTATION_CONTEXT() REPRESENTATION_CONTEXT('2D SPACE',''
  ) );
#13831 = ORIENTED_EDGE('',*,*,#13832,.T.);
#13832 = EDGE_CURVE('',#13810,#13810,#13833,.T.);
#13833 = SURFACE_CURVE('',#13834,(#13839,#13846),.PCURVE_S1.);
#13834 = CIRCLE('',#13835,3.5);
#13835 = AXIS2_PLACEMENT_3D('',#13836,#13837,#13838);
#13836 = CARTESIAN_POINT('',(42.25,40.5,1.));
#13837 = DIRECTION('',(0.,0.,1.));
#13838 = DIRECTION('',(1.,0.,0.));
#13839 = PCURVE('',#5545,#13840);
#13840 = DEFINITIONAL_REPRESENTATION('',(#13841),#13845);
#13841 = LINE('',#13842,#13843);
#13842 = CARTESIAN_POINT('',(-0.,-2.));
#13843 = VECTOR('',#13844,1.);
#13844 = DIRECTION('',(-1.,0.));
#13845 = ( GEOMETRIC_REPRESENTATION_CONTEXT(2) 
PARAMETRIC_REPRESENTATION_CONTEXT() REPRESENTATION_CONTEXT('2D SPACE',''
  ) );
#13846 = PCURVE('',#13847,#13852);
#13847 = PLANE('',#13848);
#13848 = AXIS2_PLACEMENT_3D('',#13849,#13850,#13851);
#13849 = CARTESIAN_POINT('',(42.25,40.5,1.));
#13850 = DIRECTION('',(0.,0.,1.));
#13851 = DIRECTION('',(1.,0.,-0.));
#13852 = DEFINITIONAL_REPRESENTATION('',(#13853),#13857);
#13853 = CIRCLE('',#13854,3.5);
#13854 = AXIS2_PLACEMENT_2D('',#13855,#13856);
#13855 = CARTESIAN_POINT('',(0.,0.));
#13856 = DIRECTION('',(1.,0.));
#13857 = ( GEOMETRIC_REPRESENTATION_CONTEXT(2) 
PARAMETRIC_REPRESENTATION_CONTEXT() REPRESENTATION_CONTEXT('2D SPACE',''
  ) );
#13858 = ORIENTED_EDGE('',*,*,#13809,.F.);
#13859 = ADVANCED_FACE('',(#13860),#5701,.T.);
#13860 = FACE_BOUND('',#13861,.T.);
#13861 = EDGE_LOOP('',(#13862,#13863,#13885,#13886));
#13862 = ORIENTED_EDGE('',*,*,#9456,.F.);
#13863 = ORIENTED_EDGE('',*,*,#13864,.T.);
#13864 = EDGE_CURVE('',#9457,#10578,#13865,.T.);
#13865 = SURFACE_CURVE('',#13866,(#13871,#13878),.PCURVE_S1.);
#13866 = CIRCLE('',#13867,3.);
#13867 = AXIS2_PLACEMENT_3D('',#13868,#13869,#13870);
#13868 = CARTESIAN_POINT('',(-162.4,-57.5,-1.));
#13869 = DIRECTION('',(0.,0.,1.));
#13870 = DIRECTION('',(0.,-1.,0.));
#13871 = PCURVE('',#5701,#13872);
#13872 = DEFINITIONAL_REPRESENTATION('',(#13873),#13877);
#13873 = LINE('',#13874,#13875);
#13874 = CARTESIAN_POINT('',(-4.712388980385,-1.));
#13875 = VECTOR('',#13876,1.);
#13876 = DIRECTION('',(1.,0.));
#13877 = ( GEOMETRIC_REPRESENTATION_CONTEXT(2) 
PARAMETRIC_REPRESENTATION_CONTEXT() REPRESENTATION_CONTEXT('2D SPACE',''
  ) );
#13878 = PCURVE('',#9495,#13879);
#13879 = DEFINITIONAL_REPRESENTATION('',(#13880),#13884);
#13880 = CIRCLE('',#13881,3.);
#13881 = AXIS2_PLACEMENT_2D('',#13882,#13883);
#13882 = CARTESIAN_POINT('',(-163.4,-0.4375));
#13883 = DIRECTION('',(0.,-1.));
#13884 = ( GEOMETRIC_REPRESENTATION_CONTEXT(2) 
PARAMETRIC_REPRESENTATION_CONTEXT() REPRESENTATION_CONTEXT('2D SPACE',''
  ) );
#13885 = ORIENTED_EDGE('',*,*,#10600,.F.);
#13886 = ORIENTED_EDGE('',*,*,#5684,.F.);
#13887 = ADVANCED_FACE('',(#13888),#5977,.F.);
#13888 = FACE_BOUND('',#13889,.T.);
#13889 = EDGE_LOOP('',(#13890,#13913,#13914,#13915));
#13890 = ORIENTED_EDGE('',*,*,#13891,.T.);
#13891 = EDGE_CURVE('',#13892,#5961,#13894,.T.);
#13892 = VERTEX_POINT('',#13893);
#13893 = CARTESIAN_POINT('',(-149.725,-56.125,0.8));
#13894 = SEAM_CURVE('',#13895,(#13899,#13906),.PCURVE_S1.);
#13895 = LINE('',#13896,#13897);
#13896 = CARTESIAN_POINT('',(-149.725,-56.125,0.8));
#13897 = VECTOR('',#13898,1.);
#13898 = DIRECTION('',(0.,0.,1.));
#13899 = PCURVE('',#5977,#13900);
#13900 = DEFINITIONAL_REPRESENTATION('',(#13901),#13905);
#13901 = LINE('',#13902,#13903);
#13902 = CARTESIAN_POINT('',(-0.,0.));
#13903 = VECTOR('',#13904,1.);
#13904 = DIRECTION('',(-0.,-1.));
#13905 = ( GEOMETRIC_REPRESENTATION_CONTEXT(2) 
PARAMETRIC_REPRESENTATION_CONTEXT() REPRESENTATION_CONTEXT('2D SPACE',''
  ) );
#13906 = PCURVE('',#5977,#13907);
#13907 = DEFINITIONAL_REPRESENTATION('',(#13908),#13912);
#13908 = LINE('',#13909,#13910);
#13909 = CARTESIAN_POINT('',(-6.28318530718,0.));
#13910 = VECTOR('',#13911,1.);
#13911 = DIRECTION('',(-0.,-1.));
#13912 = ( GEOMETRIC_REPRESENTATION_CONTEXT(2) 
PARAMETRIC_REPRESENTATION_CONTEXT() REPRESENTATION_CONTEXT('2D SPACE',''
  ) );
#13913 = ORIENTED_EDGE('',*,*,#5960,.T.);
#13914 = ORIENTED_EDGE('',*,*,#13891,.F.);
#13915 = ORIENTED_EDGE('',*,*,#13916,.F.);
#13916 = EDGE_CURVE('',#13892,#13892,#13917,.T.);
#13917 = SURFACE_CURVE('',#13918,(#13923,#13930),.PCURVE_S1.);
#13918 = CIRCLE('',#13919,1.9);
#13919 = AXIS2_PLACEMENT_3D('',#13920,#13921,#13922);
#13920 = CARTESIAN_POINT('',(-151.625,-56.125,0.8));
#13921 = DIRECTION('',(0.,0.,1.));
#13922 = DIRECTION('',(1.,0.,0.));
#13923 = PCURVE('',#5977,#13924);
#13924 = DEFINITIONAL_REPRESENTATION('',(#13925),#13929);
#13925 = LINE('',#13926,#13927);
#13926 = CARTESIAN_POINT('',(-0.,0.));
#13927 = VECTOR('',#13928,1.);
#13928 = DIRECTION('',(-1.,0.));
#13929 = ( GEOMETRIC_REPRESENTATION_CONTEXT(2) 
PARAMETRIC_REPRESENTATION_CONTEXT() REPRESENTATION_CONTEXT('2D SPACE',''
  ) );
#13930 = PCURVE('',#13931,#13936);
#13931 = PLANE('',#13932);
#13932 = AXIS2_PLACEMENT_3D('',#13933,#13934,#13935);
#13933 = CARTESIAN_POINT('',(-151.625,-56.125,0.8));
#13934 = DIRECTION('',(0.,0.,1.));
#13935 = DIRECTION('',(1.,0.,-0.));
#13936 = DEFINITIONAL_REPRESENTATION('',(#13937),#13941);
#13937 = CIRCLE('',#13938,1.9);
#13938 = AXIS2_PLACEMENT_2D('',#13939,#13940);
#13939 = CARTESIAN_POINT('',(2.84217094304E-14,0.));
#13940 = DIRECTION('',(1.,0.));
#13941 = ( GEOMETRIC_REPRESENTATION_CONTEXT(2) 
PARAMETRIC_REPRESENTATION_CONTEXT() REPRESENTATION_CONTEXT('2D SPACE',''
  ) );
#13942 = ADVANCED_FACE('',(#13943),#6008,.F.);
#13943 = FACE_BOUND('',#13944,.T.);
#13944 = EDGE_LOOP('',(#13945,#13974,#13995,#13996));
#13945 = ORIENTED_EDGE('',*,*,#13946,.F.);
#13946 = EDGE_CURVE('',#13947,#13947,#13949,.T.);
#13947 = VERTEX_POINT('',#13948);
#13948 = CARTESIAN_POINT('',(-155.85,-53.25,2.5));
#13949 = SURFACE_CURVE('',#13950,(#13955,#13962),.PCURVE_S1.);
#13950 = CIRCLE('',#13951,2.55);
#13951 = AXIS2_PLACEMENT_3D('',#13952,#13953,#13954);
#13952 = CARTESIAN_POINT('',(-158.4,-53.25,2.5));
#13953 = DIRECTION('',(0.,0.,1.));
#13954 = DIRECTION('',(1.,0.,-0.));
#13955 = PCURVE('',#6008,#13956);
#13956 = DEFINITIONAL_REPRESENTATION('',(#13957),#13961);
#13957 = LINE('',#13958,#13959);
#13958 = CARTESIAN_POINT('',(-0.,-3.5));
#13959 = VECTOR('',#13960,1.);
#13960 = DIRECTION('',(-1.,0.));
#13961 = ( GEOMETRIC_REPRESENTATION_CONTEXT(2) 
PARAMETRIC_REPRESENTATION_CONTEXT() REPRESENTATION_CONTEXT('2D SPACE',''
  ) );
#13962 = PCURVE('',#13963,#13968);
#13963 = CONICAL_SURFACE('',#13964,3.35,0.489957326254);
#13964 = AXIS2_PLACEMENT_3D('',#13965,#13966,#13967);
#13965 = CARTESIAN_POINT('',(-158.4,-53.25,1.));
#13966 = DIRECTION('',(-0.,-0.,-1.));
#13967 = DIRECTION('',(1.,0.,-0.));
#13968 = DEFINITIONAL_REPRESENTATION('',(#13969),#13973);
#13969 = LINE('',#13970,#13971);
#13970 = CARTESIAN_POINT('',(-0.,-1.5));
#13971 = VECTOR('',#13972,1.);
#13972 = DIRECTION('',(-1.,-0.));
#13973 = ( GEOMETRIC_REPRESENTATION_CONTEXT(2) 
PARAMETRIC_REPRESENTATION_CONTEXT() REPRESENTATION_CONTEXT('2D SPACE',''
  ) );
#13974 = ORIENTED_EDGE('',*,*,#13975,.T.);
#13975 = EDGE_CURVE('',#13947,#5992,#13976,.T.);
#13976 = SEAM_CURVE('',#13977,(#13981,#13988),.PCURVE_S1.);
#13977 = LINE('',#13978,#13979);
#13978 = CARTESIAN_POINT('',(-155.85,-53.25,-1.));
#13979 = VECTOR('',#13980,1.);
#13980 = DIRECTION('',(0.,0.,1.));
#13981 = PCURVE('',#6008,#13982);
#13982 = DEFINITIONAL_REPRESENTATION('',(#13983),#13987);
#13983 = LINE('',#13984,#13985);
#13984 = CARTESIAN_POINT('',(-6.28318530718,0.));
#13985 = VECTOR('',#13986,1.);
#13986 = DIRECTION('',(-0.,-1.));
#13987 = ( GEOMETRIC_REPRESENTATION_CONTEXT(2) 
PARAMETRIC_REPRESENTATION_CONTEXT() REPRESENTATION_CONTEXT('2D SPACE',''
  ) );
#13988 = PCURVE('',#6008,#13989);
#13989 = DEFINITIONAL_REPRESENTATION('',(#13990),#13994);
#13990 = LINE('',#13991,#13992);
#13991 = CARTESIAN_POINT('',(-0.,0.));
#13992 = VECTOR('',#13993,1.);
#13993 = DIRECTION('',(-0.,-1.));
#13994 = ( GEOMETRIC_REPRESENTATION_CONTEXT(2) 
PARAMETRIC_REPRESENTATION_CONTEXT() REPRESENTATION_CONTEXT('2D SPACE',''
  ) );
#13995 = ORIENTED_EDGE('',*,*,#5991,.T.);
#13996 = ORIENTED_EDGE('',*,*,#13975,.F.);
#13997 = ADVANCED_FACE('',(#13998),#6039,.F.);
#13998 = FACE_BOUND('',#13999,.T.);
#13999 = EDGE_LOOP('',(#14000,#14029,#14050,#14051));
#14000 = ORIENTED_EDGE('',*,*,#14001,.F.);
#14001 = EDGE_CURVE('',#14002,#14002,#14004,.T.);
#14002 = VERTEX_POINT('',#14003);
#14003 = CARTESIAN_POINT('',(-50.85,-53.25,2.5));
#14004 = SURFACE_CURVE('',#14005,(#14010,#14017),.PCURVE_S1.);
#14005 = CIRCLE('',#14006,2.55);
#14006 = AXIS2_PLACEMENT_3D('',#14007,#14008,#14009);
#14007 = CARTESIAN_POINT('',(-53.4,-53.25,2.5));
#14008 = DIRECTION('',(0.,0.,1.));
#14009 = DIRECTION('',(1.,0.,-0.));
#14010 = PCURVE('',#6039,#14011);
#14011 = DEFINITIONAL_REPRESENTATION('',(#14012),#14016);
#14012 = LINE('',#14013,#14014);
#14013 = CARTESIAN_POINT('',(-0.,-3.5));
#14014 = VECTOR('',#14015,1.);
#14015 = DIRECTION('',(-1.,0.));
#14016 = ( GEOMETRIC_REPRESENTATION_CONTEXT(2) 
PARAMETRIC_REPRESENTATION_CONTEXT() REPRESENTATION_CONTEXT('2D SPACE',''
  ) );
#14017 = PCURVE('',#14018,#14023);
#14018 = CONICAL_SURFACE('',#14019,3.35,0.489957326254);
#14019 = AXIS2_PLACEMENT_3D('',#14020,#14021,#14022);
#14020 = CARTESIAN_POINT('',(-53.4,-53.25,1.));
#14021 = DIRECTION('',(-0.,-0.,-1.));
#14022 = DIRECTION('',(1.,0.,-0.));
#14023 = DEFINITIONAL_REPRESENTATION('',(#14024),#14028);
#14024 = LINE('',#14025,#14026);
#14025 = CARTESIAN_POINT('',(-0.,-1.5));
#14026 = VECTOR('',#14027,1.);
#14027 = DIRECTION('',(-1.,-0.));
#14028 = ( GEOMETRIC_REPRESENTATION_CONTEXT(2) 
PARAMETRIC_REPRESENTATION_CONTEXT() REPRESENTATION_CONTEXT('2D SPACE',''
  ) );
#14029 = ORIENTED_EDGE('',*,*,#14030,.T.);
#14030 = EDGE_CURVE('',#14002,#6023,#14031,.T.);
#14031 = SEAM_CURVE('',#14032,(#14036,#14043),.PCURVE_S1.);
#14032 = LINE('',#14033,#14034);
#14033 = CARTESIAN_POINT('',(-50.85,-53.25,-1.));
#14034 = VECTOR('',#14035,1.);
#14035 = DIRECTION('',(0.,0.,1.));
#14036 = PCURVE('',#6039,#14037);
#14037 = DEFINITIONAL_REPRESENTATION('',(#14038),#14042);
#14038 = LINE('',#14039,#14040);
#14039 = CARTESIAN_POINT('',(-6.28318530718,0.));
#14040 = VECTOR('',#14041,1.);
#14041 = DIRECTION('',(-0.,-1.));
#14042 = ( GEOMETRIC_REPRESENTATION_CONTEXT(2) 
PARAMETRIC_REPRESENTATION_CONTEXT() REPRESENTATION_CONTEXT('2D SPACE',''
  ) );
#14043 = PCURVE('',#6039,#14044);
#14044 = DEFINITIONAL_REPRESENTATION('',(#14045),#14049);
#14045 = LINE('',#14046,#14047);
#14046 = CARTESIAN_POINT('',(-0.,0.));
#14047 = VECTOR('',#14048,1.);
#14048 = DIRECTION('',(-0.,-1.));
#14049 = ( GEOMETRIC_REPRESENTATION_CONTEXT(2) 
PARAMETRIC_REPRESENTATION_CONTEXT() REPRESENTATION_CONTEXT('2D SPACE',''
  ) );
#14050 = ORIENTED_EDGE('',*,*,#6022,.T.);
#14051 = ORIENTED_EDGE('',*,*,#14030,.F.);
#14052 = ADVANCED_FACE('',(#14053),#7314,.F.);
#14053 = FACE_BOUND('',#14054,.T.);
#14054 = EDGE_LOOP('',(#14055,#14084,#14105,#14106));
#14055 = ORIENTED_EDGE('',*,*,#14056,.F.);
#14056 = EDGE_CURVE('',#14057,#14057,#14059,.T.);
#14057 = VERTEX_POINT('',#14058);
#14058 = CARTESIAN_POINT('',(-37.7,-42.,2.5));
#14059 = SURFACE_CURVE('',#14060,(#14065,#14072),.PCURVE_S1.);
#14060 = CIRCLE('',#14061,2.55);
#14061 = AXIS2_PLACEMENT_3D('',#14062,#14063,#14064);
#14062 = CARTESIAN_POINT('',(-40.25,-42.,2.5));
#14063 = DIRECTION('',(0.,0.,1.));
#14064 = DIRECTION('',(1.,0.,-0.));
#14065 = PCURVE('',#7314,#14066);
#14066 = DEFINITIONAL_REPRESENTATION('',(#14067),#14071);
#14067 = LINE('',#14068,#14069);
#14068 = CARTESIAN_POINT('',(-0.,-3.5));
#14069 = VECTOR('',#14070,1.);
#14070 = DIRECTION('',(-1.,0.));
#14071 = ( GEOMETRIC_REPRESENTATION_CONTEXT(2) 
PARAMETRIC_REPRESENTATION_CONTEXT() REPRESENTATION_CONTEXT('2D SPACE',''
  ) );
#14072 = PCURVE('',#14073,#14078);
#14073 = CONICAL_SURFACE('',#14074,3.35,0.489957326254);
#14074 = AXIS2_PLACEMENT_3D('',#14075,#14076,#14077);
#14075 = CARTESIAN_POINT('',(-40.25,-42.,1.));
#14076 = DIRECTION('',(-0.,-0.,-1.));
#14077 = DIRECTION('',(1.,0.,-0.));
#14078 = DEFINITIONAL_REPRESENTATION('',(#14079),#14083);
#14079 = LINE('',#14080,#14081);
#14080 = CARTESIAN_POINT('',(-0.,-1.5));
#14081 = VECTOR('',#14082,1.);
#14082 = DIRECTION('',(-1.,-0.));
#14083 = ( GEOMETRIC_REPRESENTATION_CONTEXT(2) 
PARAMETRIC_REPRESENTATION_CONTEXT() REPRESENTATION_CONTEXT('2D SPACE',''
  ) );
#14084 = ORIENTED_EDGE('',*,*,#14085,.T.);
#14085 = EDGE_CURVE('',#14057,#7298,#14086,.T.);
#14086 = SEAM_CURVE('',#14087,(#14091,#14098),.PCURVE_S1.);
#14087 = LINE('',#14088,#14089);
#14088 = CARTESIAN_POINT('',(-37.7,-42.,-1.));
#14089 = VECTOR('',#14090,1.);
#14090 = DIRECTION('',(0.,0.,1.));
#14091 = PCURVE('',#7314,#14092);
#14092 = DEFINITIONAL_REPRESENTATION('',(#14093),#14097);
#14093 = LINE('',#14094,#14095);
#14094 = CARTESIAN_POINT('',(-6.28318530718,0.));
#14095 = VECTOR('',#14096,1.);
#14096 = DIRECTION('',(-0.,-1.));
#14097 = ( GEOMETRIC_REPRESENTATION_CONTEXT(2) 
PARAMETRIC_REPRESENTATION_CONTEXT() REPRESENTATION_CONTEXT('2D SPACE',''
  ) );
#14098 = PCURVE('',#7314,#14099);
#14099 = DEFINITIONAL_REPRESENTATION('',(#14100),#14104);
#14100 = LINE('',#14101,#14102);
#14101 = CARTESIAN_POINT('',(-0.,0.));
#14102 = VECTOR('',#14103,1.);
#14103 = DIRECTION('',(-0.,-1.));
#14104 = ( GEOMETRIC_REPRESENTATION_CONTEXT(2) 
PARAMETRIC_REPRESENTATION_CONTEXT() REPRESENTATION_CONTEXT('2D SPACE',''
  ) );
#14105 = ORIENTED_EDGE('',*,*,#7297,.T.);
#14106 = ORIENTED_EDGE('',*,*,#14085,.F.);
#14107 = ADVANCED_FACE('',(#14108),#7371,.F.);
#14108 = FACE_BOUND('',#14109,.T.);
#14109 = EDGE_LOOP('',(#14110,#14139,#14160,#14161));
#14110 = ORIENTED_EDGE('',*,*,#14111,.F.);
#14111 = EDGE_CURVE('',#14112,#14112,#14114,.T.);
#14112 = VERTEX_POINT('',#14113);
#14113 = CARTESIAN_POINT('',(57.95,-53.25,2.5));
#14114 = SURFACE_CURVE('',#14115,(#14120,#14127),.PCURVE_S1.);
#14115 = CIRCLE('',#14116,2.55);
#14116 = AXIS2_PLACEMENT_3D('',#14117,#14118,#14119);
#14117 = CARTESIAN_POINT('',(55.4,-53.25,2.5));
#14118 = DIRECTION('',(0.,0.,1.));
#14119 = DIRECTION('',(1.,0.,-0.));
#14120 = PCURVE('',#7371,#14121);
#14121 = DEFINITIONAL_REPRESENTATION('',(#14122),#14126);
#14122 = LINE('',#14123,#14124);
#14123 = CARTESIAN_POINT('',(-0.,-3.5));
#14124 = VECTOR('',#14125,1.);
#14125 = DIRECTION('',(-1.,0.));
#14126 = ( GEOMETRIC_REPRESENTATION_CONTEXT(2) 
PARAMETRIC_REPRESENTATION_CONTEXT() REPRESENTATION_CONTEXT('2D SPACE',''
  ) );
#14127 = PCURVE('',#14128,#14133);
#14128 = CONICAL_SURFACE('',#14129,3.35,0.489957326254);
#14129 = AXIS2_PLACEMENT_3D('',#14130,#14131,#14132);
#14130 = CARTESIAN_POINT('',(55.4,-53.25,1.));
#14131 = DIRECTION('',(-0.,-0.,-1.));
#14132 = DIRECTION('',(1.,0.,-0.));
#14133 = DEFINITIONAL_REPRESENTATION('',(#14134),#14138);
#14134 = LINE('',#14135,#14136);
#14135 = CARTESIAN_POINT('',(-0.,-1.5));
#14136 = VECTOR('',#14137,1.);
#14137 = DIRECTION('',(-1.,-0.));
#14138 = ( GEOMETRIC_REPRESENTATION_CONTEXT(2) 
PARAMETRIC_REPRESENTATION_CONTEXT() REPRESENTATION_CONTEXT('2D SPACE',''
  ) );
#14139 = ORIENTED_EDGE('',*,*,#14140,.T.);
#14140 = EDGE_CURVE('',#14112,#7355,#14141,.T.);
#14141 = SEAM_CURVE('',#14142,(#14146,#14153),.PCURVE_S1.);
#14142 = LINE('',#14143,#14144);
#14143 = CARTESIAN_POINT('',(57.95,-53.25,-1.));
#14144 = VECTOR('',#14145,1.);
#14145 = DIRECTION('',(0.,0.,1.));
#14146 = PCURVE('',#7371,#14147);
#14147 = DEFINITIONAL_REPRESENTATION('',(#14148),#14152);
#14148 = LINE('',#14149,#14150);
#14149 = CARTESIAN_POINT('',(-6.28318530718,0.));
#14150 = VECTOR('',#14151,1.);
#14151 = DIRECTION('',(-0.,-1.));
#14152 = ( GEOMETRIC_REPRESENTATION_CONTEXT(2) 
PARAMETRIC_REPRESENTATION_CONTEXT() REPRESENTATION_CONTEXT('2D SPACE',''
  ) );
#14153 = PCURVE('',#7371,#14154);
#14154 = DEFINITIONAL_REPRESENTATION('',(#14155),#14159);
#14155 = LINE('',#14156,#14157);
#14156 = CARTESIAN_POINT('',(-0.,0.));
#14157 = VECTOR('',#14158,1.);
#14158 = DIRECTION('',(-0.,-1.));
#14159 = ( GEOMETRIC_REPRESENTATION_CONTEXT(2) 
PARAMETRIC_REPRESENTATION_CONTEXT() REPRESENTATION_CONTEXT('2D SPACE',''
  ) );
#14160 = ORIENTED_EDGE('',*,*,#7354,.T.);
#14161 = ORIENTED_EDGE('',*,*,#14140,.F.);
#14162 = ADVANCED_FACE('',(#14163),#7402,.F.);
#14163 = FACE_BOUND('',#14164,.T.);
#14164 = EDGE_LOOP('',(#14165,#14194,#14215,#14216));
#14165 = ORIENTED_EDGE('',*,*,#14166,.F.);
#14166 = EDGE_CURVE('',#14167,#14167,#14169,.T.);
#14167 = VERTEX_POINT('',#14168);
#14168 = CARTESIAN_POINT('',(44.8,-42.,2.5));
#14169 = SURFACE_CURVE('',#14170,(#14175,#14182),.PCURVE_S1.);
#14170 = CIRCLE('',#14171,2.55);
#14171 = AXIS2_PLACEMENT_3D('',#14172,#14173,#14174);
#14172 = CARTESIAN_POINT('',(42.25,-42.,2.5));
#14173 = DIRECTION('',(0.,0.,1.));
#14174 = DIRECTION('',(1.,0.,-0.));
#14175 = PCURVE('',#7402,#14176);
#14176 = DEFINITIONAL_REPRESENTATION('',(#14177),#14181);
#14177 = LINE('',#14178,#14179);
#14178 = CARTESIAN_POINT('',(-0.,-3.5));
#14179 = VECTOR('',#14180,1.);
#14180 = DIRECTION('',(-1.,0.));
#14181 = ( GEOMETRIC_REPRESENTATION_CONTEXT(2) 
PARAMETRIC_REPRESENTATION_CONTEXT() REPRESENTATION_CONTEXT('2D SPACE',''
  ) );
#14182 = PCURVE('',#14183,#14188);
#14183 = CONICAL_SURFACE('',#14184,3.35,0.489957326254);
#14184 = AXIS2_PLACEMENT_3D('',#14185,#14186,#14187);
#14185 = CARTESIAN_POINT('',(42.25,-42.,1.));
#14186 = DIRECTION('',(-0.,-0.,-1.));
#14187 = DIRECTION('',(1.,0.,-0.));
#14188 = DEFINITIONAL_REPRESENTATION('',(#14189),#14193);
#14189 = LINE('',#14190,#14191);
#14190 = CARTESIAN_POINT('',(-0.,-1.5));
#14191 = VECTOR('',#14192,1.);
#14192 = DIRECTION('',(-1.,-0.));
#14193 = ( GEOMETRIC_REPRESENTATION_CONTEXT(2) 
PARAMETRIC_REPRESENTATION_CONTEXT() REPRESENTATION_CONTEXT('2D SPACE',''
  ) );
#14194 = ORIENTED_EDGE('',*,*,#14195,.T.);
#14195 = EDGE_CURVE('',#14167,#7386,#14196,.T.);
#14196 = SEAM_CURVE('',#14197,(#14201,#14208),.PCURVE_S1.);
#14197 = LINE('',#14198,#14199);
#14198 = CARTESIAN_POINT('',(44.8,-42.,-1.));
#14199 = VECTOR('',#14200,1.);
#14200 = DIRECTION('',(0.,0.,1.));
#14201 = PCURVE('',#7402,#14202);
#14202 = DEFINITIONAL_REPRESENTATION('',(#14203),#14207);
#14203 = LINE('',#14204,#14205);
#14204 = CARTESIAN_POINT('',(-6.28318530718,0.));
#14205 = VECTOR('',#14206,1.);
#14206 = DIRECTION('',(-0.,-1.));
#14207 = ( GEOMETRIC_REPRESENTATION_CONTEXT(2) 
PARAMETRIC_REPRESENTATION_CONTEXT() REPRESENTATION_CONTEXT('2D SPACE',''
  ) );
#14208 = PCURVE('',#7402,#14209);
#14209 = DEFINITIONAL_REPRESENTATION('',(#14210),#14214);
#14210 = LINE('',#14211,#14212);
#14211 = CARTESIAN_POINT('',(-0.,0.));
#14212 = VECTOR('',#14213,1.);
#14213 = DIRECTION('',(-0.,-1.));
#14214 = ( GEOMETRIC_REPRESENTATION_CONTEXT(2) 
PARAMETRIC_REPRESENTATION_CONTEXT() REPRESENTATION_CONTEXT('2D SPACE',''
  ) );
#14215 = ORIENTED_EDGE('',*,*,#7385,.T.);
#14216 = ORIENTED_EDGE('',*,*,#14195,.F.);
#14217 = ADVANCED_FACE('',(#14218),#7433,.F.);
#14218 = FACE_BOUND('',#14219,.T.);
#14219 = EDGE_LOOP('',(#14220,#14243,#14244,#14245));
#14220 = ORIENTED_EDGE('',*,*,#14221,.T.);
#14221 = EDGE_CURVE('',#14222,#7417,#14224,.T.);
#14222 = VERTEX_POINT('',#14223);
#14223 = CARTESIAN_POINT('',(157.525,-56.125,0.8));
#14224 = SEAM_CURVE('',#14225,(#14229,#14236),.PCURVE_S1.);
#14225 = LINE('',#14226,#14227);
#14226 = CARTESIAN_POINT('',(157.525,-56.125,0.8));
#14227 = VECTOR('',#14228,1.);
#14228 = DIRECTION('',(0.,0.,1.));
#14229 = PCURVE('',#7433,#14230);
#14230 = DEFINITIONAL_REPRESENTATION('',(#14231),#14235);
#14231 = LINE('',#14232,#14233);
#14232 = CARTESIAN_POINT('',(-0.,0.));
#14233 = VECTOR('',#14234,1.);
#14234 = DIRECTION('',(-0.,-1.));
#14235 = ( GEOMETRIC_REPRESENTATION_CONTEXT(2) 
PARAMETRIC_REPRESENTATION_CONTEXT() REPRESENTATION_CONTEXT('2D SPACE',''
  ) );
#14236 = PCURVE('',#7433,#14237);
#14237 = DEFINITIONAL_REPRESENTATION('',(#14238),#14242);
#14238 = LINE('',#14239,#14240);
#14239 = CARTESIAN_POINT('',(-6.28318530718,0.));
#14240 = VECTOR('',#14241,1.);
#14241 = DIRECTION('',(-0.,-1.));
#14242 = ( GEOMETRIC_REPRESENTATION_CONTEXT(2) 
PARAMETRIC_REPRESENTATION_CONTEXT() REPRESENTATION_CONTEXT('2D SPACE',''
  ) );
#14243 = ORIENTED_EDGE('',*,*,#7416,.T.);
#14244 = ORIENTED_EDGE('',*,*,#14221,.F.);
#14245 = ORIENTED_EDGE('',*,*,#14246,.F.);
#14246 = EDGE_CURVE('',#14222,#14222,#14247,.T.);
#14247 = SURFACE_CURVE('',#14248,(#14253,#14260),.PCURVE_S1.);
#14248 = CIRCLE('',#14249,1.9);
#14249 = AXIS2_PLACEMENT_3D('',#14250,#14251,#14252);
#14250 = CARTESIAN_POINT('',(155.625,-56.125,0.8));
#14251 = DIRECTION('',(0.,0.,1.));
#14252 = DIRECTION('',(1.,0.,0.));
#14253 = PCURVE('',#7433,#14254);
#14254 = DEFINITIONAL_REPRESENTATION('',(#14255),#14259);
#14255 = LINE('',#14256,#14257);
#14256 = CARTESIAN_POINT('',(-0.,0.));
#14257 = VECTOR('',#14258,1.);
#14258 = DIRECTION('',(-1.,0.));
#14259 = ( GEOMETRIC_REPRESENTATION_CONTEXT(2) 
PARAMETRIC_REPRESENTATION_CONTEXT() REPRESENTATION_CONTEXT('2D SPACE',''
  ) );
#14260 = PCURVE('',#9285,#14261);
#14261 = DEFINITIONAL_REPRESENTATION('',(#14262),#14266);
#14262 = CIRCLE('',#14263,1.9);
#14263 = AXIS2_PLACEMENT_2D('',#14264,#14265);
#14264 = CARTESIAN_POINT('',(-2.84217094304E-14,0.));
#14265 = DIRECTION('',(1.,0.));
#14266 = ( GEOMETRIC_REPRESENTATION_CONTEXT(2) 
PARAMETRIC_REPRESENTATION_CONTEXT() REPRESENTATION_CONTEXT('2D SPACE',''
  ) );
#14267 = ADVANCED_FACE('',(#14268),#7464,.F.);
#14268 = FACE_BOUND('',#14269,.T.);
#14269 = EDGE_LOOP('',(#14270,#14271,#14292,#14293));
#14270 = ORIENTED_EDGE('',*,*,#9305,.F.);
#14271 = ORIENTED_EDGE('',*,*,#14272,.T.);
#14272 = EDGE_CURVE('',#9306,#7448,#14273,.T.);
#14273 = SEAM_CURVE('',#14274,(#14278,#14285),.PCURVE_S1.);
#14274 = LINE('',#14275,#14276);
#14275 = CARTESIAN_POINT('',(162.95,-53.25,-1.));
#14276 = VECTOR('',#14277,1.);
#14277 = DIRECTION('',(0.,0.,1.));
#14278 = PCURVE('',#7464,#14279);
#14279 = DEFINITIONAL_REPRESENTATION('',(#14280),#14284);
#14280 = LINE('',#14281,#14282);
#14281 = CARTESIAN_POINT('',(-6.28318530718,0.));
#14282 = VECTOR('',#14283,1.);
#14283 = DIRECTION('',(-0.,-1.));
#14284 = ( GEOMETRIC_REPRESENTATION_CONTEXT(2) 
PARAMETRIC_REPRESENTATION_CONTEXT() REPRESENTATION_CONTEXT('2D SPACE',''
  ) );
#14285 = PCURVE('',#7464,#14286);
#14286 = DEFINITIONAL_REPRESENTATION('',(#14287),#14291);
#14287 = LINE('',#14288,#14289);
#14288 = CARTESIAN_POINT('',(-0.,0.));
#14289 = VECTOR('',#14290,1.);
#14290 = DIRECTION('',(-0.,-1.));
#14291 = ( GEOMETRIC_REPRESENTATION_CONTEXT(2) 
PARAMETRIC_REPRESENTATION_CONTEXT() REPRESENTATION_CONTEXT('2D SPACE',''
  ) );
#14292 = ORIENTED_EDGE('',*,*,#7447,.T.);
#14293 = ORIENTED_EDGE('',*,*,#14272,.F.);
#14294 = ADVANCED_FACE('',(#14295),#7524,.F.);
#14295 = FACE_BOUND('',#14296,.T.);
#14296 = EDGE_LOOP('',(#14297,#14326,#14347,#14348));
#14297 = ORIENTED_EDGE('',*,*,#14298,.F.);
#14298 = EDGE_CURVE('',#14299,#14299,#14301,.T.);
#14299 = VERTEX_POINT('',#14300);
#14300 = CARTESIAN_POINT('',(-155.85,51.75,2.5));
#14301 = SURFACE_CURVE('',#14302,(#14307,#14314),.PCURVE_S1.);
#14302 = CIRCLE('',#14303,2.55);
#14303 = AXIS2_PLACEMENT_3D('',#14304,#14305,#14306);
#14304 = CARTESIAN_POINT('',(-158.4,51.75,2.5));
#14305 = DIRECTION('',(0.,0.,1.));
#14306 = DIRECTION('',(1.,0.,-0.));
#14307 = PCURVE('',#7524,#14308);
#14308 = DEFINITIONAL_REPRESENTATION('',(#14309),#14313);
#14309 = LINE('',#14310,#14311);
#14310 = CARTESIAN_POINT('',(-0.,-3.5));
#14311 = VECTOR('',#14312,1.);
#14312 = DIRECTION('',(-1.,0.));
#14313 = ( GEOMETRIC_REPRESENTATION_CONTEXT(2) 
PARAMETRIC_REPRESENTATION_CONTEXT() REPRESENTATION_CONTEXT('2D SPACE',''
  ) );
#14314 = PCURVE('',#14315,#14320);
#14315 = CONICAL_SURFACE('',#14316,3.35,0.489957326254);
#14316 = AXIS2_PLACEMENT_3D('',#14317,#14318,#14319);
#14317 = CARTESIAN_POINT('',(-158.4,51.75,1.));
#14318 = DIRECTION('',(-0.,-0.,-1.));
#14319 = DIRECTION('',(1.,0.,-0.));
#14320 = DEFINITIONAL_REPRESENTATION('',(#14321),#14325);
#14321 = LINE('',#14322,#14323);
#14322 = CARTESIAN_POINT('',(-0.,-1.5));
#14323 = VECTOR('',#14324,1.);
#14324 = DIRECTION('',(-1.,-0.));
#14325 = ( GEOMETRIC_REPRESENTATION_CONTEXT(2) 
PARAMETRIC_REPRESENTATION_CONTEXT() REPRESENTATION_CONTEXT('2D SPACE',''
  ) );
#14326 = ORIENTED_EDGE('',*,*,#14327,.T.);
#14327 = EDGE_CURVE('',#14299,#7508,#14328,.T.);
#14328 = SEAM_CURVE('',#14329,(#14333,#14340),.PCURVE_S1.);
#14329 = LINE('',#14330,#14331);
#14330 = CARTESIAN_POINT('',(-155.85,51.75,-1.));
#14331 = VECTOR('',#14332,1.);
#14332 = DIRECTION('',(0.,0.,1.));
#14333 = PCURVE('',#7524,#14334);
#14334 = DEFINITIONAL_REPRESENTATION('',(#14335),#14339);
#14335 = LINE('',#14336,#14337);
#14336 = CARTESIAN_POINT('',(-6.28318530718,0.));
#14337 = VECTOR('',#14338,1.);
#14338 = DIRECTION('',(-0.,-1.));
#14339 = ( GEOMETRIC_REPRESENTATION_CONTEXT(2) 
PARAMETRIC_REPRESENTATION_CONTEXT() REPRESENTATION_CONTEXT('2D SPACE',''
  ) );
#14340 = PCURVE('',#7524,#14341);
#14341 = DEFINITIONAL_REPRESENTATION('',(#14342),#14346);
#14342 = LINE('',#14343,#14344);
#14343 = CARTESIAN_POINT('',(-0.,0.));
#14344 = VECTOR('',#14345,1.);
#14345 = DIRECTION('',(-0.,-1.));
#14346 = ( GEOMETRIC_REPRESENTATION_CONTEXT(2) 
PARAMETRIC_REPRESENTATION_CONTEXT() REPRESENTATION_CONTEXT('2D SPACE',''
  ) );
#14347 = ORIENTED_EDGE('',*,*,#7507,.T.);
#14348 = ORIENTED_EDGE('',*,*,#14327,.F.);
#14349 = ADVANCED_FACE('',(#14350),#7555,.F.);
#14350 = FACE_BOUND('',#14351,.T.);
#14351 = EDGE_LOOP('',(#14352,#14375,#14376,#14377));
#14352 = ORIENTED_EDGE('',*,*,#14353,.T.);
#14353 = EDGE_CURVE('',#14354,#7539,#14356,.T.);
#14354 = VERTEX_POINT('',#14355);
#14355 = CARTESIAN_POINT('',(-152.975,56.125,0.8));
#14356 = SEAM_CURVE('',#14357,(#14361,#14368),.PCURVE_S1.);
#14357 = LINE('',#14358,#14359);
#14358 = CARTESIAN_POINT('',(-152.975,56.125,0.8));
#14359 = VECTOR('',#14360,1.);
#14360 = DIRECTION('',(0.,0.,1.));
#14361 = PCURVE('',#7555,#14362);
#14362 = DEFINITIONAL_REPRESENTATION('',(#14363),#14367);
#14363 = LINE('',#14364,#14365);
#14364 = CARTESIAN_POINT('',(-0.,0.));
#14365 = VECTOR('',#14366,1.);
#14366 = DIRECTION('',(-0.,-1.));
#14367 = ( GEOMETRIC_REPRESENTATION_CONTEXT(2) 
PARAMETRIC_REPRESENTATION_CONTEXT() REPRESENTATION_CONTEXT('2D SPACE',''
  ) );
#14368 = PCURVE('',#7555,#14369);
#14369 = DEFINITIONAL_REPRESENTATION('',(#14370),#14374);
#14370 = LINE('',#14371,#14372);
#14371 = CARTESIAN_POINT('',(-6.28318530718,0.));
#14372 = VECTOR('',#14373,1.);
#14373 = DIRECTION('',(-0.,-1.));
#14374 = ( GEOMETRIC_REPRESENTATION_CONTEXT(2) 
PARAMETRIC_REPRESENTATION_CONTEXT() REPRESENTATION_CONTEXT('2D SPACE',''
  ) );
#14375 = ORIENTED_EDGE('',*,*,#7538,.T.);
#14376 = ORIENTED_EDGE('',*,*,#14353,.F.);
#14377 = ORIENTED_EDGE('',*,*,#14378,.F.);
#14378 = EDGE_CURVE('',#14354,#14354,#14379,.T.);
#14379 = SURFACE_CURVE('',#14380,(#14385,#14392),.PCURVE_S1.);
#14380 = CIRCLE('',#14381,1.9);
#14381 = AXIS2_PLACEMENT_3D('',#14382,#14383,#14384);
#14382 = CARTESIAN_POINT('',(-154.875,56.125,0.8));
#14383 = DIRECTION('',(0.,0.,1.));
#14384 = DIRECTION('',(1.,0.,0.));
#14385 = PCURVE('',#7555,#14386);
#14386 = DEFINITIONAL_REPRESENTATION('',(#14387),#14391);
#14387 = LINE('',#14388,#14389);
#14388 = CARTESIAN_POINT('',(-0.,0.));
#14389 = VECTOR('',#14390,1.);
#14390 = DIRECTION('',(-1.,0.));
#14391 = ( GEOMETRIC_REPRESENTATION_CONTEXT(2) 
PARAMETRIC_REPRESENTATION_CONTEXT() REPRESENTATION_CONTEXT('2D SPACE',''
  ) );
#14392 = PCURVE('',#10139,#14393);
#14393 = DEFINITIONAL_REPRESENTATION('',(#14394),#14398);
#14394 = CIRCLE('',#14395,1.9);
#14395 = AXIS2_PLACEMENT_2D('',#14396,#14397);
#14396 = CARTESIAN_POINT('',(2.84217094304E-14,0.));
#14397 = DIRECTION('',(1.,0.));
#14398 = ( GEOMETRIC_REPRESENTATION_CONTEXT(2) 
PARAMETRIC_REPRESENTATION_CONTEXT() REPRESENTATION_CONTEXT('2D SPACE',''
  ) );
#14399 = ADVANCED_FACE('',(#14400),#7586,.F.);
#14400 = FACE_BOUND('',#14401,.T.);
#14401 = EDGE_LOOP('',(#14402,#14431,#14452,#14453));
#14402 = ORIENTED_EDGE('',*,*,#14403,.F.);
#14403 = EDGE_CURVE('',#14404,#14404,#14406,.T.);
#14404 = VERTEX_POINT('',#14405);
#14405 = CARTESIAN_POINT('',(-37.7,40.5,2.5));
#14406 = SURFACE_CURVE('',#14407,(#14412,#14419),.PCURVE_S1.);
#14407 = CIRCLE('',#14408,2.55);
#14408 = AXIS2_PLACEMENT_3D('',#14409,#14410,#14411);
#14409 = CARTESIAN_POINT('',(-40.25,40.5,2.5));
#14410 = DIRECTION('',(0.,0.,1.));
#14411 = DIRECTION('',(1.,0.,-0.));
#14412 = PCURVE('',#7586,#14413);
#14413 = DEFINITIONAL_REPRESENTATION('',(#14414),#14418);
#14414 = LINE('',#14415,#14416);
#14415 = CARTESIAN_POINT('',(-0.,-3.5));
#14416 = VECTOR('',#14417,1.);
#14417 = DIRECTION('',(-1.,0.));
#14418 = ( GEOMETRIC_REPRESENTATION_CONTEXT(2) 
PARAMETRIC_REPRESENTATION_CONTEXT() REPRESENTATION_CONTEXT('2D SPACE',''
  ) );
#14419 = PCURVE('',#14420,#14425);
#14420 = CONICAL_SURFACE('',#14421,3.35,0.489957326254);
#14421 = AXIS2_PLACEMENT_3D('',#14422,#14423,#14424);
#14422 = CARTESIAN_POINT('',(-40.25,40.5,1.));
#14423 = DIRECTION('',(-0.,-0.,-1.));
#14424 = DIRECTION('',(1.,0.,-0.));
#14425 = DEFINITIONAL_REPRESENTATION('',(#14426),#14430);
#14426 = LINE('',#14427,#14428);
#14427 = CARTESIAN_POINT('',(-0.,-1.5));
#14428 = VECTOR('',#14429,1.);
#14429 = DIRECTION('',(-1.,-0.));
#14430 = ( GEOMETRIC_REPRESENTATION_CONTEXT(2) 
PARAMETRIC_REPRESENTATION_CONTEXT() REPRESENTATION_CONTEXT('2D SPACE',''
  ) );
#14431 = ORIENTED_EDGE('',*,*,#14432,.T.);
#14432 = EDGE_CURVE('',#14404,#7570,#14433,.T.);
#14433 = SEAM_CURVE('',#14434,(#14438,#14445),.PCURVE_S1.);
#14434 = LINE('',#14435,#14436);
#14435 = CARTESIAN_POINT('',(-37.7,40.5,-1.));
#14436 = VECTOR('',#14437,1.);
#14437 = DIRECTION('',(0.,0.,1.));
#14438 = PCURVE('',#7586,#14439);
#14439 = DEFINITIONAL_REPRESENTATION('',(#14440),#14444);
#14440 = LINE('',#14441,#14442);
#14441 = CARTESIAN_POINT('',(-6.28318530718,0.));
#14442 = VECTOR('',#14443,1.);
#14443 = DIRECTION('',(-0.,-1.));
#14444 = ( GEOMETRIC_REPRESENTATION_CONTEXT(2) 
PARAMETRIC_REPRESENTATION_CONTEXT() REPRESENTATION_CONTEXT('2D SPACE',''
  ) );
#14445 = PCURVE('',#7586,#14446);
#14446 = DEFINITIONAL_REPRESENTATION('',(#14447),#14451);
#14447 = LINE('',#14448,#14449);
#14448 = CARTESIAN_POINT('',(-0.,0.));
#14449 = VECTOR('',#14450,1.);
#14450 = DIRECTION('',(-0.,-1.));
#14451 = ( GEOMETRIC_REPRESENTATION_CONTEXT(2) 
PARAMETRIC_REPRESENTATION_CONTEXT() REPRESENTATION_CONTEXT('2D SPACE',''
  ) );
#14452 = ORIENTED_EDGE('',*,*,#7569,.T.);
#14453 = ORIENTED_EDGE('',*,*,#14432,.F.);
#14454 = ADVANCED_FACE('',(#14455),#7617,.F.);
#14455 = FACE_BOUND('',#14456,.T.);
#14456 = EDGE_LOOP('',(#14457,#14486,#14507,#14508));
#14457 = ORIENTED_EDGE('',*,*,#14458,.F.);
#14458 = EDGE_CURVE('',#14459,#14459,#14461,.T.);
#14459 = VERTEX_POINT('',#14460);
#14460 = CARTESIAN_POINT('',(-50.85,51.75,2.5));
#14461 = SURFACE_CURVE('',#14462,(#14467,#14474),.PCURVE_S1.);
#14462 = CIRCLE('',#14463,2.55);
#14463 = AXIS2_PLACEMENT_3D('',#14464,#14465,#14466);
#14464 = CARTESIAN_POINT('',(-53.4,51.75,2.5));
#14465 = DIRECTION('',(0.,0.,1.));
#14466 = DIRECTION('',(1.,0.,-0.));
#14467 = PCURVE('',#7617,#14468);
#14468 = DEFINITIONAL_REPRESENTATION('',(#14469),#14473);
#14469 = LINE('',#14470,#14471);
#14470 = CARTESIAN_POINT('',(-0.,-3.5));
#14471 = VECTOR('',#14472,1.);
#14472 = DIRECTION('',(-1.,0.));
#14473 = ( GEOMETRIC_REPRESENTATION_CONTEXT(2) 
PARAMETRIC_REPRESENTATION_CONTEXT() REPRESENTATION_CONTEXT('2D SPACE',''
  ) );
#14474 = PCURVE('',#14475,#14480);
#14475 = CONICAL_SURFACE('',#14476,3.35,0.489957326254);
#14476 = AXIS2_PLACEMENT_3D('',#14477,#14478,#14479);
#14477 = CARTESIAN_POINT('',(-53.4,51.75,1.));
#14478 = DIRECTION('',(-0.,-0.,-1.));
#14479 = DIRECTION('',(1.,0.,-0.));
#14480 = DEFINITIONAL_REPRESENTATION('',(#14481),#14485);
#14481 = LINE('',#14482,#14483);
#14482 = CARTESIAN_POINT('',(-0.,-1.5));
#14483 = VECTOR('',#14484,1.);
#14484 = DIRECTION('',(-1.,-0.));
#14485 = ( GEOMETRIC_REPRESENTATION_CONTEXT(2) 
PARAMETRIC_REPRESENTATION_CONTEXT() REPRESENTATION_CONTEXT('2D SPACE',''
  ) );
#14486 = ORIENTED_EDGE('',*,*,#14487,.T.);
#14487 = EDGE_CURVE('',#14459,#7601,#14488,.T.);
#14488 = SEAM_CURVE('',#14489,(#14493,#14500),.PCURVE_S1.);
#14489 = LINE('',#14490,#14491);
#14490 = CARTESIAN_POINT('',(-50.85,51.75,-1.));
#14491 = VECTOR('',#14492,1.);
#14492 = DIRECTION('',(0.,0.,1.));
#14493 = PCURVE('',#7617,#14494);
#14494 = DEFINITIONAL_REPRESENTATION('',(#14495),#14499);
#14495 = LINE('',#14496,#14497);
#14496 = CARTESIAN_POINT('',(-6.28318530718,0.));
#14497 = VECTOR('',#14498,1.);
#14498 = DIRECTION('',(-0.,-1.));
#14499 = ( GEOMETRIC_REPRESENTATION_CONTEXT(2) 
PARAMETRIC_REPRESENTATION_CONTEXT() REPRESENTATION_CONTEXT('2D SPACE',''
  ) );
#14500 = PCURVE('',#7617,#14501);
#14501 = DEFINITIONAL_REPRESENTATION('',(#14502),#14506);
#14502 = LINE('',#14503,#14504);
#14503 = CARTESIAN_POINT('',(-0.,0.));
#14504 = VECTOR('',#14505,1.);
#14505 = DIRECTION('',(-0.,-1.));
#14506 = ( GEOMETRIC_REPRESENTATION_CONTEXT(2) 
PARAMETRIC_REPRESENTATION_CONTEXT() REPRESENTATION_CONTEXT('2D SPACE',''
  ) );
#14507 = ORIENTED_EDGE('',*,*,#7600,.T.);
#14508 = ORIENTED_EDGE('',*,*,#14487,.F.);
#14509 = ADVANCED_FACE('',(#14510),#8892,.F.);
#14510 = FACE_BOUND('',#14511,.T.);
#14511 = EDGE_LOOP('',(#14512,#14541,#14562,#14563));
#14512 = ORIENTED_EDGE('',*,*,#14513,.F.);
#14513 = EDGE_CURVE('',#14514,#14514,#14516,.T.);
#14514 = VERTEX_POINT('',#14515);
#14515 = CARTESIAN_POINT('',(44.8,40.5,2.5));
#14516 = SURFACE_CURVE('',#14517,(#14522,#14529),.PCURVE_S1.);
#14517 = CIRCLE('',#14518,2.55);
#14518 = AXIS2_PLACEMENT_3D('',#14519,#14520,#14521);
#14519 = CARTESIAN_POINT('',(42.25,40.5,2.5));
#14520 = DIRECTION('',(0.,0.,1.));
#14521 = DIRECTION('',(1.,0.,-0.));
#14522 = PCURVE('',#8892,#14523);
#14523 = DEFINITIONAL_REPRESENTATION('',(#14524),#14528);
#14524 = LINE('',#14525,#14526);
#14525 = CARTESIAN_POINT('',(-0.,-3.5));
#14526 = VECTOR('',#14527,1.);
#14527 = DIRECTION('',(-1.,0.));
#14528 = ( GEOMETRIC_REPRESENTATION_CONTEXT(2) 
PARAMETRIC_REPRESENTATION_CONTEXT() REPRESENTATION_CONTEXT('2D SPACE',''
  ) );
#14529 = PCURVE('',#14530,#14535);
#14530 = CONICAL_SURFACE('',#14531,3.35,0.489957326254);
#14531 = AXIS2_PLACEMENT_3D('',#14532,#14533,#14534);
#14532 = CARTESIAN_POINT('',(42.25,40.5,1.));
#14533 = DIRECTION('',(-0.,-0.,-1.));
#14534 = DIRECTION('',(1.,0.,-0.));
#14535 = DEFINITIONAL_REPRESENTATION('',(#14536),#14540);
#14536 = LINE('',#14537,#14538);
#14537 = CARTESIAN_POINT('',(-0.,-1.5));
#14538 = VECTOR('',#14539,1.);
#14539 = DIRECTION('',(-1.,-0.));
#14540 = ( GEOMETRIC_REPRESENTATION_CONTEXT(2) 
PARAMETRIC_REPRESENTATION_CONTEXT() REPRESENTATION_CONTEXT('2D SPACE',''
  ) );
#14541 = ORIENTED_EDGE('',*,*,#14542,.T.);
#14542 = EDGE_CURVE('',#14514,#8876,#14543,.T.);
#14543 = SEAM_CURVE('',#14544,(#14548,#14555),.PCURVE_S1.);
#14544 = LINE('',#14545,#14546);
#14545 = CARTESIAN_POINT('',(44.8,40.5,-1.));
#14546 = VECTOR('',#14547,1.);
#14547 = DIRECTION('',(0.,0.,1.));
#14548 = PCURVE('',#8892,#14549);
#14549 = DEFINITIONAL_REPRESENTATION('',(#14550),#14554);
#14550 = LINE('',#14551,#14552);
#14551 = CARTESIAN_POINT('',(-6.28318530718,0.));
#14552 = VECTOR('',#14553,1.);
#14553 = DIRECTION('',(-0.,-1.));
#14554 = ( GEOMETRIC_REPRESENTATION_CONTEXT(2) 
PARAMETRIC_REPRESENTATION_CONTEXT() REPRESENTATION_CONTEXT('2D SPACE',''
  ) );
#14555 = PCURVE('',#8892,#14556);
#14556 = DEFINITIONAL_REPRESENTATION('',(#14557),#14561);
#14557 = LINE('',#14558,#14559);
#14558 = CARTESIAN_POINT('',(-0.,0.));
#14559 = VECTOR('',#14560,1.);
#14560 = DIRECTION('',(-0.,-1.));
#14561 = ( GEOMETRIC_REPRESENTATION_CONTEXT(2) 
PARAMETRIC_REPRESENTATION_CONTEXT() REPRESENTATION_CONTEXT('2D SPACE',''
  ) );
#14562 = ORIENTED_EDGE('',*,*,#8875,.T.);
#14563 = ORIENTED_EDGE('',*,*,#14542,.F.);
#14564 = ADVANCED_FACE('',(#14565),#8923,.F.);
#14565 = FACE_BOUND('',#14566,.T.);
#14566 = EDGE_LOOP('',(#14567,#14596,#14617,#14618));
#14567 = ORIENTED_EDGE('',*,*,#14568,.F.);
#14568 = EDGE_CURVE('',#14569,#14569,#14571,.T.);
#14569 = VERTEX_POINT('',#14570);
#14570 = CARTESIAN_POINT('',(57.95,51.75,2.5));
#14571 = SURFACE_CURVE('',#14572,(#14577,#14584),.PCURVE_S1.);
#14572 = CIRCLE('',#14573,2.55);
#14573 = AXIS2_PLACEMENT_3D('',#14574,#14575,#14576);
#14574 = CARTESIAN_POINT('',(55.4,51.75,2.5));
#14575 = DIRECTION('',(0.,0.,1.));
#14576 = DIRECTION('',(1.,0.,-0.));
#14577 = PCURVE('',#8923,#14578);
#14578 = DEFINITIONAL_REPRESENTATION('',(#14579),#14583);
#14579 = LINE('',#14580,#14581);
#14580 = CARTESIAN_POINT('',(-0.,-3.5));
#14581 = VECTOR('',#14582,1.);
#14582 = DIRECTION('',(-1.,0.));
#14583 = ( GEOMETRIC_REPRESENTATION_CONTEXT(2) 
PARAMETRIC_REPRESENTATION_CONTEXT() REPRESENTATION_CONTEXT('2D SPACE',''
  ) );
#14584 = PCURVE('',#14585,#14590);
#14585 = CONICAL_SURFACE('',#14586,3.35,0.489957326254);
#14586 = AXIS2_PLACEMENT_3D('',#14587,#14588,#14589);
#14587 = CARTESIAN_POINT('',(55.4,51.75,1.));
#14588 = DIRECTION('',(-0.,-0.,-1.));
#14589 = DIRECTION('',(1.,0.,-0.));
#14590 = DEFINITIONAL_REPRESENTATION('',(#14591),#14595);
#14591 = LINE('',#14592,#14593);
#14592 = CARTESIAN_POINT('',(-0.,-1.5));
#14593 = VECTOR('',#14594,1.);
#14594 = DIRECTION('',(-1.,-0.));
#14595 = ( GEOMETRIC_REPRESENTATION_CONTEXT(2) 
PARAMETRIC_REPRESENTATION_CONTEXT() REPRESENTATION_CONTEXT('2D SPACE',''
  ) );
#14596 = ORIENTED_EDGE('',*,*,#14597,.T.);
#14597 = EDGE_CURVE('',#14569,#8907,#14598,.T.);
#14598 = SEAM_CURVE('',#14599,(#14603,#14610),.PCURVE_S1.);
#14599 = LINE('',#14600,#14601);
#14600 = CARTESIAN_POINT('',(57.95,51.75,-1.));
#14601 = VECTOR('',#14602,1.);
#14602 = DIRECTION('',(0.,0.,1.));
#14603 = PCURVE('',#8923,#14604);
#14604 = DEFINITIONAL_REPRESENTATION('',(#14605),#14609);
#14605 = LINE('',#14606,#14607);
#14606 = CARTESIAN_POINT('',(-6.28318530718,0.));
#14607 = VECTOR('',#14608,1.);
#14608 = DIRECTION('',(-0.,-1.));
#14609 = ( GEOMETRIC_REPRESENTATION_CONTEXT(2) 
PARAMETRIC_REPRESENTATION_CONTEXT() REPRESENTATION_CONTEXT('2D SPACE',''
  ) );
#14610 = PCURVE('',#8923,#14611);
#14611 = DEFINITIONAL_REPRESENTATION('',(#14612),#14616);
#14612 = LINE('',#14613,#14614);
#14613 = CARTESIAN_POINT('',(-0.,0.));
#14614 = VECTOR('',#14615,1.);
#14615 = DIRECTION('',(-0.,-1.));
#14616 = ( GEOMETRIC_REPRESENTATION_CONTEXT(2) 
PARAMETRIC_REPRESENTATION_CONTEXT() REPRESENTATION_CONTEXT('2D SPACE',''
  ) );
#14617 = ORIENTED_EDGE('',*,*,#8906,.T.);
#14618 = ORIENTED_EDGE('',*,*,#14597,.F.);
#14619 = ADVANCED_FACE('',(#14620),#8954,.F.);
#14620 = FACE_BOUND('',#14621,.T.);
#14621 = EDGE_LOOP('',(#14622,#14646,#14667,#14668));
#14622 = ORIENTED_EDGE('',*,*,#14623,.F.);
#14623 = EDGE_CURVE('',#14624,#14624,#14626,.T.);
#14624 = VERTEX_POINT('',#14625);
#14625 = CARTESIAN_POINT('',(162.95,51.75,2.5));
#14626 = SURFACE_CURVE('',#14627,(#14632,#14639),.PCURVE_S1.);
#14627 = CIRCLE('',#14628,2.55);
#14628 = AXIS2_PLACEMENT_3D('',#14629,#14630,#14631);
#14629 = CARTESIAN_POINT('',(160.4,51.75,2.5));
#14630 = DIRECTION('',(0.,0.,1.));
#14631 = DIRECTION('',(1.,0.,-0.));
#14632 = PCURVE('',#8954,#14633);
#14633 = DEFINITIONAL_REPRESENTATION('',(#14634),#14638);
#14634 = LINE('',#14635,#14636);
#14635 = CARTESIAN_POINT('',(-0.,-3.5));
#14636 = VECTOR('',#14637,1.);
#14637 = DIRECTION('',(-1.,0.));
#14638 = ( GEOMETRIC_REPRESENTATION_CONTEXT(2) 
PARAMETRIC_REPRESENTATION_CONTEXT() REPRESENTATION_CONTEXT('2D SPACE',''
  ) );
#14639 = PCURVE('',#9020,#14640);
#14640 = DEFINITIONAL_REPRESENTATION('',(#14641),#14645);
#14641 = LINE('',#14642,#14643);
#14642 = CARTESIAN_POINT('',(-0.,-1.5));
#14643 = VECTOR('',#14644,1.);
#14644 = DIRECTION('',(-1.,-0.));
#14645 = ( GEOMETRIC_REPRESENTATION_CONTEXT(2) 
PARAMETRIC_REPRESENTATION_CONTEXT() REPRESENTATION_CONTEXT('2D SPACE',''
  ) );
#14646 = ORIENTED_EDGE('',*,*,#14647,.T.);
#14647 = EDGE_CURVE('',#14624,#8938,#14648,.T.);
#14648 = SEAM_CURVE('',#14649,(#14653,#14660),.PCURVE_S1.);
#14649 = LINE('',#14650,#14651);
#14650 = CARTESIAN_POINT('',(162.95,51.75,-1.));
#14651 = VECTOR('',#14652,1.);
#14652 = DIRECTION('',(0.,0.,1.));
#14653 = PCURVE('',#8954,#14654);
#14654 = DEFINITIONAL_REPRESENTATION('',(#14655),#14659);
#14655 = LINE('',#14656,#14657);
#14656 = CARTESIAN_POINT('',(-6.28318530718,0.));
#14657 = VECTOR('',#14658,1.);
#14658 = DIRECTION('',(-0.,-1.));
#14659 = ( GEOMETRIC_REPRESENTATION_CONTEXT(2) 
PARAMETRIC_REPRESENTATION_CONTEXT() REPRESENTATION_CONTEXT('2D SPACE',''
  ) );
#14660 = PCURVE('',#8954,#14661);
#14661 = DEFINITIONAL_REPRESENTATION('',(#14662),#14666);
#14662 = LINE('',#14663,#14664);
#14663 = CARTESIAN_POINT('',(-0.,0.));
#14664 = VECTOR('',#14665,1.);
#14665 = DIRECTION('',(-0.,-1.));
#14666 = ( GEOMETRIC_REPRESENTATION_CONTEXT(2) 
PARAMETRIC_REPRESENTATION_CONTEXT() REPRESENTATION_CONTEXT('2D SPACE',''
  ) );
#14667 = ORIENTED_EDGE('',*,*,#8937,.T.);
#14668 = ORIENTED_EDGE('',*,*,#14647,.F.);
#14669 = ADVANCED_FACE('',(#14670),#8985,.F.);
#14670 = FACE_BOUND('',#14671,.T.);
#14671 = EDGE_LOOP('',(#14672,#14695,#14696,#14697));
#14672 = ORIENTED_EDGE('',*,*,#14673,.T.);
#14673 = EDGE_CURVE('',#14674,#8969,#14676,.T.);
#14674 = VERTEX_POINT('',#14675);
#14675 = CARTESIAN_POINT('',(157.775,56.125,0.8));
#14676 = SEAM_CURVE('',#14677,(#14681,#14688),.PCURVE_S1.);
#14677 = LINE('',#14678,#14679);
#14678 = CARTESIAN_POINT('',(157.775,56.125,0.8));
#14679 = VECTOR('',#14680,1.);
#14680 = DIRECTION('',(0.,0.,1.));
#14681 = PCURVE('',#8985,#14682);
#14682 = DEFINITIONAL_REPRESENTATION('',(#14683),#14687);
#14683 = LINE('',#14684,#14685);
#14684 = CARTESIAN_POINT('',(-0.,0.));
#14685 = VECTOR('',#14686,1.);
#14686 = DIRECTION('',(-0.,-1.));
#14687 = ( GEOMETRIC_REPRESENTATION_CONTEXT(2) 
PARAMETRIC_REPRESENTATION_CONTEXT() REPRESENTATION_CONTEXT('2D SPACE',''
  ) );
#14688 = PCURVE('',#8985,#14689);
#14689 = DEFINITIONAL_REPRESENTATION('',(#14690),#14694);
#14690 = LINE('',#14691,#14692);
#14691 = CARTESIAN_POINT('',(-6.28318530718,0.));
#14692 = VECTOR('',#14693,1.);
#14693 = DIRECTION('',(-0.,-1.));
#14694 = ( GEOMETRIC_REPRESENTATION_CONTEXT(2) 
PARAMETRIC_REPRESENTATION_CONTEXT() REPRESENTATION_CONTEXT('2D SPACE',''
  ) );
#14695 = ORIENTED_EDGE('',*,*,#8968,.T.);
#14696 = ORIENTED_EDGE('',*,*,#14673,.F.);
#14697 = ORIENTED_EDGE('',*,*,#14698,.F.);
#14698 = EDGE_CURVE('',#14674,#14674,#14699,.T.);
#14699 = SURFACE_CURVE('',#14700,(#14705,#14712),.PCURVE_S1.);
#14700 = CIRCLE('',#14701,1.9);
#14701 = AXIS2_PLACEMENT_3D('',#14702,#14703,#14704);
#14702 = CARTESIAN_POINT('',(155.875,56.125,0.8));
#14703 = DIRECTION('',(0.,0.,1.));
#14704 = DIRECTION('',(1.,0.,0.));
#14705 = PCURVE('',#8985,#14706);
#14706 = DEFINITIONAL_REPRESENTATION('',(#14707),#14711);
#14707 = LINE('',#14708,#14709);
#14708 = CARTESIAN_POINT('',(-0.,0.));
#14709 = VECTOR('',#14710,1.);
#14710 = DIRECTION('',(-1.,0.));
#14711 = ( GEOMETRIC_REPRESENTATION_CONTEXT(2) 
PARAMETRIC_REPRESENTATION_CONTEXT() REPRESENTATION_CONTEXT('2D SPACE',''
  ) );
#14712 = PCURVE('',#10198,#14713);
#14713 = DEFINITIONAL_REPRESENTATION('',(#14714),#14718);
#14714 = CIRCLE('',#14715,1.9);
#14715 = AXIS2_PLACEMENT_2D('',#14716,#14717);
#14716 = CARTESIAN_POINT('',(-2.84217094304E-14,0.));
#14717 = DIRECTION('',(1.,0.));
#14718 = ( GEOMETRIC_REPRESENTATION_CONTEXT(2) 
PARAMETRIC_REPRESENTATION_CONTEXT() REPRESENTATION_CONTEXT('2D SPACE',''
  ) );
#14719 = ADVANCED_FACE('',(#14720),#9020,.F.);
#14720 = FACE_BOUND('',#14721,.F.);
#14721 = EDGE_LOOP('',(#14722,#14723,#14744,#14745));
#14722 = ORIENTED_EDGE('',*,*,#14623,.F.);
#14723 = ORIENTED_EDGE('',*,*,#14724,.F.);
#14724 = EDGE_CURVE('',#9004,#14624,#14725,.T.);
#14725 = SEAM_CURVE('',#14726,(#14730,#14737),.PCURVE_S1.);
#14726 = LINE('',#14727,#14728);
#14727 = CARTESIAN_POINT('',(163.75,51.75,1.));
#14728 = VECTOR('',#14729,1.);
#14729 = DIRECTION('',(-0.470588235294,1.152608752139E-16,0.882352941176
    ));
#14730 = PCURVE('',#9020,#14731);
#14731 = DEFINITIONAL_REPRESENTATION('',(#14732),#14736);
#14732 = LINE('',#14733,#14734);
#14733 = CARTESIAN_POINT('',(-6.28318530718,0.));
#14734 = VECTOR('',#14735,1.);
#14735 = DIRECTION('',(-0.,-1.));
#14736 = ( GEOMETRIC_REPRESENTATION_CONTEXT(2) 
PARAMETRIC_REPRESENTATION_CONTEXT() REPRESENTATION_CONTEXT('2D SPACE',''
  ) );
#14737 = PCURVE('',#9020,#14738);
#14738 = DEFINITIONAL_REPRESENTATION('',(#14739),#14743);
#14739 = LINE('',#14740,#14741);
#14740 = CARTESIAN_POINT('',(0.,-0.));
#14741 = VECTOR('',#14742,1.);
#14742 = DIRECTION('',(-0.,-1.));
#14743 = ( GEOMETRIC_REPRESENTATION_CONTEXT(2) 
PARAMETRIC_REPRESENTATION_CONTEXT() REPRESENTATION_CONTEXT('2D SPACE',''
  ) );
#14744 = ORIENTED_EDGE('',*,*,#9003,.T.);
#14745 = ORIENTED_EDGE('',*,*,#14724,.T.);
#14746 = ADVANCED_FACE('',(#14747,#14750),#9226,.F.);
#14747 = FACE_BOUND('',#14748,.F.);
#14748 = EDGE_LOOP('',(#14749));
#14749 = ORIENTED_EDGE('',*,*,#9211,.T.);
#14750 = FACE_BOUND('',#14751,.F.);
#14751 = EDGE_LOOP('',(#14752));
#14752 = ORIENTED_EDGE('',*,*,#14753,.F.);
#14753 = EDGE_CURVE('',#14754,#14754,#14756,.T.);
#14754 = VERTEX_POINT('',#14755);
#14755 = CARTESIAN_POINT('',(58.75,-53.25,1.));
#14756 = SURFACE_CURVE('',#14757,(#14762,#14769),.PCURVE_S1.);
#14757 = CIRCLE('',#14758,3.35);
#14758 = AXIS2_PLACEMENT_3D('',#14759,#14760,#14761);
#14759 = CARTESIAN_POINT('',(55.4,-53.25,1.));
#14760 = DIRECTION('',(0.,0.,1.));
#14761 = DIRECTION('',(1.,0.,-0.));
#14762 = PCURVE('',#9226,#14763);
#14763 = DEFINITIONAL_REPRESENTATION('',(#14764),#14768);
#14764 = CIRCLE('',#14765,3.35);
#14765 = AXIS2_PLACEMENT_2D('',#14766,#14767);
#14766 = CARTESIAN_POINT('',(0.,0.));
#14767 = DIRECTION('',(1.,0.));
#14768 = ( GEOMETRIC_REPRESENTATION_CONTEXT(2) 
PARAMETRIC_REPRESENTATION_CONTEXT() REPRESENTATION_CONTEXT('2D SPACE',''
  ) );
#14769 = PCURVE('',#14128,#14770);
#14770 = DEFINITIONAL_REPRESENTATION('',(#14771),#14775);
#14771 = LINE('',#14772,#14773);
#14772 = CARTESIAN_POINT('',(-0.,-0.));
#14773 = VECTOR('',#14774,1.);
#14774 = DIRECTION('',(-1.,-0.));
#14775 = ( GEOMETRIC_REPRESENTATION_CONTEXT(2) 
PARAMETRIC_REPRESENTATION_CONTEXT() REPRESENTATION_CONTEXT('2D SPACE',''
  ) );
#14776 = ADVANCED_FACE('',(#14777,#14780),#9285,.T.);
#14777 = FACE_BOUND('',#14778,.T.);
#14778 = EDGE_LOOP('',(#14779));
#14779 = ORIENTED_EDGE('',*,*,#14246,.T.);
#14780 = FACE_BOUND('',#14781,.T.);
#14781 = EDGE_LOOP('',(#14782));
#14782 = ORIENTED_EDGE('',*,*,#9270,.T.);
#14783 = ADVANCED_FACE('',(#14784),#9420,.F.);
#14784 = FACE_BOUND('',#14785,.F.);
#14785 = EDGE_LOOP('',(#14786,#14809,#14810,#14811,#14812,#14813,#14814,
    #14815,#14838,#14871));
#14786 = ORIENTED_EDGE('',*,*,#14787,.F.);
#14787 = EDGE_CURVE('',#9839,#14788,#14790,.T.);
#14788 = VERTEX_POINT('',#14789);
#14789 = CARTESIAN_POINT('',(-154.9201472732,-53.625,0.));
#14790 = SURFACE_CURVE('',#14791,(#14795,#14802),.PCURVE_S1.);
#14791 = LINE('',#14792,#14793);
#14792 = CARTESIAN_POINT('',(167.4,-53.625,0.));
#14793 = VECTOR('',#14794,1.);
#14794 = DIRECTION('',(-1.,0.,0.));
#14795 = PCURVE('',#9420,#14796);
#14796 = DEFINITIONAL_REPRESENTATION('',(#14797),#14801);
#14797 = LINE('',#14798,#14799);
#14798 = CARTESIAN_POINT('',(166.4,-53.625));
#14799 = VECTOR('',#14800,1.);
#14800 = DIRECTION('',(-1.,0.));
#14801 = ( GEOMETRIC_REPRESENTATION_CONTEXT(2) 
PARAMETRIC_REPRESENTATION_CONTEXT() REPRESENTATION_CONTEXT('2D SPACE',''
  ) );
#14802 = PCURVE('',#9853,#14803);
#14803 = DEFINITIONAL_REPRESENTATION('',(#14804),#14808);
#14804 = LINE('',#14805,#14806);
#14805 = CARTESIAN_POINT('',(0.,-1.));
#14806 = VECTOR('',#14807,1.);
#14807 = DIRECTION('',(1.,0.));
#14808 = ( GEOMETRIC_REPRESENTATION_CONTEXT(2) 
PARAMETRIC_REPRESENTATION_CONTEXT() REPRESENTATION_CONTEXT('2D SPACE',''
  ) );
#14809 = ORIENTED_EDGE('',*,*,#9864,.T.);
#14810 = ORIENTED_EDGE('',*,*,#9723,.F.);
#14811 = ORIENTED_EDGE('',*,*,#9590,.T.);
#14812 = ORIENTED_EDGE('',*,*,#9671,.T.);
#14813 = ORIENTED_EDGE('',*,*,#9545,.F.);
#14814 = ORIENTED_EDGE('',*,*,#9402,.T.);
#14815 = ORIENTED_EDGE('',*,*,#14816,.F.);
#14816 = EDGE_CURVE('',#14817,#9405,#14819,.T.);
#14817 = VERTEX_POINT('',#14818);
#14818 = CARTESIAN_POINT('',(-161.8798527267,-53.625,0.));
#14819 = SURFACE_CURVE('',#14820,(#14824,#14831),.PCURVE_S1.);
#14820 = LINE('',#14821,#14822);
#14821 = CARTESIAN_POINT('',(167.4,-53.625,0.));
#14822 = VECTOR('',#14823,1.);
#14823 = DIRECTION('',(-1.,0.,0.));
#14824 = PCURVE('',#9420,#14825);
#14825 = DEFINITIONAL_REPRESENTATION('',(#14826),#14830);
#14826 = LINE('',#14827,#14828);
#14827 = CARTESIAN_POINT('',(166.4,-53.625));
#14828 = VECTOR('',#14829,1.);
#14829 = DIRECTION('',(-1.,0.));
#14830 = ( GEOMETRIC_REPRESENTATION_CONTEXT(2) 
PARAMETRIC_REPRESENTATION_CONTEXT() REPRESENTATION_CONTEXT('2D SPACE',''
  ) );
#14831 = PCURVE('',#9521,#14832);
#14832 = DEFINITIONAL_REPRESENTATION('',(#14833),#14837);
#14833 = LINE('',#14834,#14835);
#14834 = CARTESIAN_POINT('',(0.,-1.));
#14835 = VECTOR('',#14836,1.);
#14836 = DIRECTION('',(1.,0.));
#14837 = ( GEOMETRIC_REPRESENTATION_CONTEXT(2) 
PARAMETRIC_REPRESENTATION_CONTEXT() REPRESENTATION_CONTEXT('2D SPACE',''
  ) );
#14838 = ORIENTED_EDGE('',*,*,#14839,.T.);
#14839 = EDGE_CURVE('',#14817,#14840,#14842,.T.);
#14840 = VERTEX_POINT('',#14841);
#14841 = CARTESIAN_POINT('',(-154.9,-53.25,0.));
#14842 = SURFACE_CURVE('',#14843,(#14848,#14859),.PCURVE_S1.);
#14843 = CIRCLE('',#14844,3.5);
#14844 = AXIS2_PLACEMENT_3D('',#14845,#14846,#14847);
#14845 = CARTESIAN_POINT('',(-158.4,-53.25,0.));
#14846 = DIRECTION('',(0.,0.,-1.));
#14847 = DIRECTION('',(1.,0.,0.));
#14848 = PCURVE('',#9420,#14849);
#14849 = DEFINITIONAL_REPRESENTATION('',(#14850),#14858);
#14850 = ( BOUNDED_CURVE() B_SPLINE_CURVE(2,(#14851,#14852,#14853,#14854
    ,#14855,#14856,#14857),.UNSPECIFIED.,.T.,.F.) 
B_SPLINE_CURVE_WITH_KNOTS((1,2,2,2,2,1),(-2.094395102393,0.,
    2.094395102393,4.188790204786,6.28318530718,8.377580409573),
.UNSPECIFIED.) CURVE() GEOMETRIC_REPRESENTATION_ITEM() 
RATIONAL_B_SPLINE_CURVE((1.,0.5,1.,0.5,1.,0.5,1.)) REPRESENTATION_ITEM(
  '') );
#14851 = CARTESIAN_POINT('',(-155.9,-53.25));
#14852 = CARTESIAN_POINT('',(-155.9,-59.31217782649));
#14853 = CARTESIAN_POINT('',(-161.15,-56.28108891324));
#14854 = CARTESIAN_POINT('',(-166.4,-53.25));
#14855 = CARTESIAN_POINT('',(-161.15,-50.21891108675));
#14856 = CARTESIAN_POINT('',(-155.9,-47.1878221735));
#14857 = CARTESIAN_POINT('',(-155.9,-53.25));
#14858 = ( GEOMETRIC_REPRESENTATION_CONTEXT(2) 
PARAMETRIC_REPRESENTATION_CONTEXT() REPRESENTATION_CONTEXT('2D SPACE',''
  ) );
#14859 = PCURVE('',#14860,#14865);
#14860 = CYLINDRICAL_SURFACE('',#14861,3.5);
#14861 = AXIS2_PLACEMENT_3D('',#14862,#14863,#14864);
#14862 = CARTESIAN_POINT('',(-158.4,-53.25,-1.));
#14863 = DIRECTION('',(-0.,-0.,-1.));
#14864 = DIRECTION('',(1.,0.,0.));
#14865 = DEFINITIONAL_REPRESENTATION('',(#14866),#14870);
#14866 = LINE('',#14867,#14868);
#14867 = CARTESIAN_POINT('',(-6.28318530718,-1.));
#14868 = VECTOR('',#14869,1.);
#14869 = DIRECTION('',(1.,-0.));
#14870 = ( GEOMETRIC_REPRESENTATION_CONTEXT(2) 
PARAMETRIC_REPRESENTATION_CONTEXT() REPRESENTATION_CONTEXT('2D SPACE',''
  ) );
#14871 = ORIENTED_EDGE('',*,*,#14872,.T.);
#14872 = EDGE_CURVE('',#14840,#14788,#14873,.T.);
#14873 = SURFACE_CURVE('',#14874,(#14879,#14890),.PCURVE_S1.);
#14874 = CIRCLE('',#14875,3.5);
#14875 = AXIS2_PLACEMENT_3D('',#14876,#14877,#14878);
#14876 = CARTESIAN_POINT('',(-158.4,-53.25,0.));
#14877 = DIRECTION('',(0.,0.,-1.));
#14878 = DIRECTION('',(1.,0.,0.));
#14879 = PCURVE('',#9420,#14880);
#14880 = DEFINITIONAL_REPRESENTATION('',(#14881),#14889);
#14881 = ( BOUNDED_CURVE() B_SPLINE_CURVE(2,(#14882,#14883,#14884,#14885
    ,#14886,#14887,#14888),.UNSPECIFIED.,.T.,.F.) 
B_SPLINE_CURVE_WITH_KNOTS((1,2,2,2,2,1),(-2.094395102393,0.,
    2.094395102393,4.188790204786,6.28318530718,8.377580409573),
.UNSPECIFIED.) CURVE() GEOMETRIC_REPRESENTATION_ITEM() 
RATIONAL_B_SPLINE_CURVE((1.,0.5,1.,0.5,1.,0.5,1.)) REPRESENTATION_ITEM(
  '') );
#14882 = CARTESIAN_POINT('',(-155.9,-53.25));
#14883 = CARTESIAN_POINT('',(-155.9,-59.31217782649));
#14884 = CARTESIAN_POINT('',(-161.15,-56.28108891324));
#14885 = CARTESIAN_POINT('',(-166.4,-53.25));
#14886 = CARTESIAN_POINT('',(-161.15,-50.21891108675));
#14887 = CARTESIAN_POINT('',(-155.9,-47.1878221735));
#14888 = CARTESIAN_POINT('',(-155.9,-53.25));
#14889 = ( GEOMETRIC_REPRESENTATION_CONTEXT(2) 
PARAMETRIC_REPRESENTATION_CONTEXT() REPRESENTATION_CONTEXT('2D SPACE',''
  ) );
#14890 = PCURVE('',#14860,#14891);
#14891 = DEFINITIONAL_REPRESENTATION('',(#14892),#14896);
#14892 = LINE('',#14893,#14894);
#14893 = CARTESIAN_POINT('',(-6.28318530718,-1.));
#14894 = VECTOR('',#14895,1.);
#14895 = DIRECTION('',(1.,-0.));
#14896 = ( GEOMETRIC_REPRESENTATION_CONTEXT(2) 
PARAMETRIC_REPRESENTATION_CONTEXT() REPRESENTATION_CONTEXT('2D SPACE',''
  ) );
#14897 = ADVANCED_FACE('',(#14898,#14976),#9495,.F.);
#14898 = FACE_BOUND('',#14899,.F.);
#14899 = EDGE_LOOP('',(#14900,#14901,#14924,#14948,#14969,#14970,#14971,
    #14972,#14973,#14974,#14975));
#14900 = ORIENTED_EDGE('',*,*,#9814,.F.);
#14901 = ORIENTED_EDGE('',*,*,#14902,.T.);
#14902 = EDGE_CURVE('',#9815,#14903,#14905,.T.);
#14903 = VERTEX_POINT('',#14904);
#14904 = CARTESIAN_POINT('',(-154.9201472732,-53.625,-1.));
#14905 = SURFACE_CURVE('',#14906,(#14910,#14917),.PCURVE_S1.);
#14906 = LINE('',#14907,#14908);
#14907 = CARTESIAN_POINT('',(167.4,-53.625,-1.));
#14908 = VECTOR('',#14909,1.);
#14909 = DIRECTION('',(-1.,0.,0.));
#14910 = PCURVE('',#9495,#14911);
#14911 = DEFINITIONAL_REPRESENTATION('',(#14912),#14916);
#14912 = LINE('',#14913,#14914);
#14913 = CARTESIAN_POINT('',(166.4,3.4375));
#14914 = VECTOR('',#14915,1.);
#14915 = DIRECTION('',(-1.,0.));
#14916 = ( GEOMETRIC_REPRESENTATION_CONTEXT(2) 
PARAMETRIC_REPRESENTATION_CONTEXT() REPRESENTATION_CONTEXT('2D SPACE',''
  ) );
#14917 = PCURVE('',#9853,#14918);
#14918 = DEFINITIONAL_REPRESENTATION('',(#14919),#14923);
#14919 = LINE('',#14920,#14921);
#14920 = CARTESIAN_POINT('',(0.,-0.));
#14921 = VECTOR('',#14922,1.);
#14922 = DIRECTION('',(1.,0.));
#14923 = ( GEOMETRIC_REPRESENTATION_CONTEXT(2) 
PARAMETRIC_REPRESENTATION_CONTEXT() REPRESENTATION_CONTEXT('2D SPACE',''
  ) );
#14924 = ORIENTED_EDGE('',*,*,#14925,.F.);
#14925 = EDGE_CURVE('',#14926,#14903,#14928,.T.);
#14926 = VERTEX_POINT('',#14927);
#14927 = CARTESIAN_POINT('',(-161.8798527267,-53.625,-1.));
#14928 = SURFACE_CURVE('',#14929,(#14934,#14941),.PCURVE_S1.);
#14929 = CIRCLE('',#14930,3.5);
#14930 = AXIS2_PLACEMENT_3D('',#14931,#14932,#14933);
#14931 = CARTESIAN_POINT('',(-158.4,-53.25,-1.));
#14932 = DIRECTION('',(0.,0.,1.));
#14933 = DIRECTION('',(1.,0.,0.));
#14934 = PCURVE('',#9495,#14935);
#14935 = DEFINITIONAL_REPRESENTATION('',(#14936),#14940);
#14936 = CIRCLE('',#14937,3.5);
#14937 = AXIS2_PLACEMENT_2D('',#14938,#14939);
#14938 = CARTESIAN_POINT('',(-159.4,3.8125));
#14939 = DIRECTION('',(1.,0.));
#14940 = ( GEOMETRIC_REPRESENTATION_CONTEXT(2) 
PARAMETRIC_REPRESENTATION_CONTEXT() REPRESENTATION_CONTEXT('2D SPACE',''
  ) );
#14941 = PCURVE('',#14860,#14942);
#14942 = DEFINITIONAL_REPRESENTATION('',(#14943),#14947);
#14943 = LINE('',#14944,#14945);
#14944 = CARTESIAN_POINT('',(-0.,0.));
#14945 = VECTOR('',#14946,1.);
#14946 = DIRECTION('',(-1.,0.));
#14947 = ( GEOMETRIC_REPRESENTATION_CONTEXT(2) 
PARAMETRIC_REPRESENTATION_CONTEXT() REPRESENTATION_CONTEXT('2D SPACE',''
  ) );
#14948 = ORIENTED_EDGE('',*,*,#14949,.T.);
#14949 = EDGE_CURVE('',#14926,#9480,#14950,.T.);
#14950 = SURFACE_CURVE('',#14951,(#14955,#14962),.PCURVE_S1.);
#14951 = LINE('',#14952,#14953);
#14952 = CARTESIAN_POINT('',(167.4,-53.625,-1.));
#14953 = VECTOR('',#14954,1.);
#14954 = DIRECTION('',(-1.,0.,0.));
#14955 = PCURVE('',#9495,#14956);
#14956 = DEFINITIONAL_REPRESENTATION('',(#14957),#14961);
#14957 = LINE('',#14958,#14959);
#14958 = CARTESIAN_POINT('',(166.4,3.4375));
#14959 = VECTOR('',#14960,1.);
#14960 = DIRECTION('',(-1.,0.));
#14961 = ( GEOMETRIC_REPRESENTATION_CONTEXT(2) 
PARAMETRIC_REPRESENTATION_CONTEXT() REPRESENTATION_CONTEXT('2D SPACE',''
  ) );
#14962 = PCURVE('',#9521,#14963);
#14963 = DEFINITIONAL_REPRESENTATION('',(#14964),#14968);
#14964 = LINE('',#14965,#14966);
#14965 = CARTESIAN_POINT('',(0.,-0.));
#14966 = VECTOR('',#14967,1.);
#14967 = DIRECTION('',(1.,0.));
#14968 = ( GEOMETRIC_REPRESENTATION_CONTEXT(2) 
PARAMETRIC_REPRESENTATION_CONTEXT() REPRESENTATION_CONTEXT('2D SPACE',''
  ) );
#14969 = ORIENTED_EDGE('',*,*,#9479,.T.);
#14970 = ORIENTED_EDGE('',*,*,#13864,.T.);
#14971 = ORIENTED_EDGE('',*,*,#10577,.T.);
#14972 = ORIENTED_EDGE('',*,*,#10673,.F.);
#14973 = ORIENTED_EDGE('',*,*,#10626,.T.);
#14974 = ORIENTED_EDGE('',*,*,#10501,.F.);
#14975 = ORIENTED_EDGE('',*,*,#10353,.T.);
#14976 = FACE_BOUND('',#14977,.F.);
#14977 = EDGE_LOOP('',(#14978));
#14978 = ORIENTED_EDGE('',*,*,#14979,.F.);
#14979 = EDGE_CURVE('',#14980,#14980,#14982,.T.);
#14980 = VERTEX_POINT('',#14981);
#14981 = CARTESIAN_POINT('',(-150.425,-56.125,-1.));
#14982 = SURFACE_CURVE('',#14983,(#14988,#14995),.PCURVE_S1.);
#14983 = CIRCLE('',#14984,1.2);
#14984 = AXIS2_PLACEMENT_3D('',#14985,#14986,#14987);
#14985 = CARTESIAN_POINT('',(-151.625,-56.125,-1.));
#14986 = DIRECTION('',(0.,0.,1.));
#14987 = DIRECTION('',(1.,0.,0.));
#14988 = PCURVE('',#9495,#14989);
#14989 = DEFINITIONAL_REPRESENTATION('',(#14990),#14994);
#14990 = CIRCLE('',#14991,1.2);
#14991 = AXIS2_PLACEMENT_2D('',#14992,#14993);
#14992 = CARTESIAN_POINT('',(-152.625,0.9375));
#14993 = DIRECTION('',(1.,0.));
#14994 = ( GEOMETRIC_REPRESENTATION_CONTEXT(2) 
PARAMETRIC_REPRESENTATION_CONTEXT() REPRESENTATION_CONTEXT('2D SPACE',''
  ) );
#14995 = PCURVE('',#14996,#15001);
#14996 = CYLINDRICAL_SURFACE('',#14997,1.2);
#14997 = AXIS2_PLACEMENT_3D('',#14998,#14999,#15000);
#14998 = CARTESIAN_POINT('',(-151.625,-56.125,-1.));
#14999 = DIRECTION('',(-0.,-0.,-1.));
#15000 = DIRECTION('',(1.,0.,0.));
#15001 = DEFINITIONAL_REPRESENTATION('',(#15002),#15006);
#15002 = LINE('',#15003,#15004);
#15003 = CARTESIAN_POINT('',(-0.,0.));
#15004 = VECTOR('',#15005,1.);
#15005 = DIRECTION('',(-1.,0.));
#15006 = ( GEOMETRIC_REPRESENTATION_CONTEXT(2) 
PARAMETRIC_REPRESENTATION_CONTEXT() REPRESENTATION_CONTEXT('2D SPACE',''
  ) );
#15007 = ADVANCED_FACE('',(#15008),#9521,.F.);
#15008 = FACE_BOUND('',#15009,.F.);
#15009 = EDGE_LOOP('',(#15010,#15011,#15030,#15031));
#15010 = ORIENTED_EDGE('',*,*,#14949,.F.);
#15011 = ORIENTED_EDGE('',*,*,#15012,.F.);
#15012 = EDGE_CURVE('',#14817,#14926,#15013,.T.);
#15013 = SURFACE_CURVE('',#15014,(#15018,#15024),.PCURVE_S1.);
#15014 = LINE('',#15015,#15016);
#15015 = CARTESIAN_POINT('',(-161.8798527267,-53.625,-1.));
#15016 = VECTOR('',#15017,1.);
#15017 = DIRECTION('',(-0.,-0.,-1.));
#15018 = PCURVE('',#9521,#15019);
#15019 = DEFINITIONAL_REPRESENTATION('',(#15020),#15023);
#15020 = B_SPLINE_CURVE_WITH_KNOTS('',1,(#15021,#15022),.UNSPECIFIED.,
  .F.,.F.,(2,2),(-1.1,5.999999999062E-07),.PIECEWISE_BEZIER_KNOTS.);
#15021 = CARTESIAN_POINT('',(329.27985272676,-1.1));
#15022 = CARTESIAN_POINT('',(329.27985272676,5.999999999062E-07));
#15023 = ( GEOMETRIC_REPRESENTATION_CONTEXT(2) 
PARAMETRIC_REPRESENTATION_CONTEXT() REPRESENTATION_CONTEXT('2D SPACE',''
  ) );
#15024 = PCURVE('',#14860,#15025);
#15025 = DEFINITIONAL_REPRESENTATION('',(#15026),#15029);
#15026 = B_SPLINE_CURVE_WITH_KNOTS('',1,(#15027,#15028),.UNSPECIFIED.,
  .F.,.F.,(2,2),(-1.1,5.999999999062E-07),.PIECEWISE_BEZIER_KNOTS.);
#15027 = CARTESIAN_POINT('',(-3.248941569692,-1.1));
#15028 = CARTESIAN_POINT('',(-3.248941569692,5.999999999062E-07));
#15029 = ( GEOMETRIC_REPRESENTATION_CONTEXT(2) 
PARAMETRIC_REPRESENTATION_CONTEXT() REPRESENTATION_CONTEXT('2D SPACE',''
  ) );
#15030 = ORIENTED_EDGE('',*,*,#14816,.T.);
#15031 = ORIENTED_EDGE('',*,*,#9507,.F.);
#15032 = ADVANCED_FACE('',(#15033,#15036),#9658,.F.);
#15033 = FACE_BOUND('',#15034,.F.);
#15034 = EDGE_LOOP('',(#15035));
#15035 = ORIENTED_EDGE('',*,*,#9643,.T.);
#15036 = FACE_BOUND('',#15037,.F.);
#15037 = EDGE_LOOP('',(#15038));
#15038 = ORIENTED_EDGE('',*,*,#15039,.F.);
#15039 = EDGE_CURVE('',#15040,#15040,#15042,.T.);
#15040 = VERTEX_POINT('',#15041);
#15041 = CARTESIAN_POINT('',(-155.05,51.75,1.));
#15042 = SURFACE_CURVE('',#15043,(#15048,#15055),.PCURVE_S1.);
#15043 = CIRCLE('',#15044,3.35);
#15044 = AXIS2_PLACEMENT_3D('',#15045,#15046,#15047);
#15045 = CARTESIAN_POINT('',(-158.4,51.75,1.));
#15046 = DIRECTION('',(0.,0.,1.));
#15047 = DIRECTION('',(1.,0.,-0.));
#15048 = PCURVE('',#9658,#15049);
#15049 = DEFINITIONAL_REPRESENTATION('',(#15050),#15054);
#15050 = CIRCLE('',#15051,3.35);
#15051 = AXIS2_PLACEMENT_2D('',#15052,#15053);
#15052 = CARTESIAN_POINT('',(0.,0.));
#15053 = DIRECTION('',(1.,0.));
#15054 = ( GEOMETRIC_REPRESENTATION_CONTEXT(2) 
PARAMETRIC_REPRESENTATION_CONTEXT() REPRESENTATION_CONTEXT('2D SPACE',''
  ) );
#15055 = PCURVE('',#14315,#15056);
#15056 = DEFINITIONAL_REPRESENTATION('',(#15057),#15061);
#15057 = LINE('',#15058,#15059);
#15058 = CARTESIAN_POINT('',(-0.,-0.));
#15059 = VECTOR('',#15060,1.);
#15060 = DIRECTION('',(-1.,-0.));
#15061 = ( GEOMETRIC_REPRESENTATION_CONTEXT(2) 
PARAMETRIC_REPRESENTATION_CONTEXT() REPRESENTATION_CONTEXT('2D SPACE',''
  ) );
#15062 = ADVANCED_FACE('',(#15063),#9853,.F.);
#15063 = FACE_BOUND('',#15064,.F.);
#15064 = EDGE_LOOP('',(#15065,#15066,#15067,#15068));
#15065 = ORIENTED_EDGE('',*,*,#14902,.F.);
#15066 = ORIENTED_EDGE('',*,*,#9838,.F.);
#15067 = ORIENTED_EDGE('',*,*,#14787,.T.);
#15068 = ORIENTED_EDGE('',*,*,#15069,.T.);
#15069 = EDGE_CURVE('',#14788,#14903,#15070,.T.);
#15070 = SURFACE_CURVE('',#15071,(#15075,#15081),.PCURVE_S1.);
#15071 = LINE('',#15072,#15073);
#15072 = CARTESIAN_POINT('',(-154.9201472732,-53.625,-1.));
#15073 = VECTOR('',#15074,1.);
#15074 = DIRECTION('',(-0.,-0.,-1.));
#15075 = PCURVE('',#9853,#15076);
#15076 = DEFINITIONAL_REPRESENTATION('',(#15077),#15080);
#15077 = B_SPLINE_CURVE_WITH_KNOTS('',1,(#15078,#15079),.UNSPECIFIED.,
  .F.,.F.,(2,2),(-1.1,5.999999999062E-07),.PIECEWISE_BEZIER_KNOTS.);
#15078 = CARTESIAN_POINT('',(322.32014727323,-1.1));
#15079 = CARTESIAN_POINT('',(322.32014727323,5.999999999062E-07));
#15080 = ( GEOMETRIC_REPRESENTATION_CONTEXT(2) 
PARAMETRIC_REPRESENTATION_CONTEXT() REPRESENTATION_CONTEXT('2D SPACE',''
  ) );
#15081 = PCURVE('',#14860,#15082);
#15082 = DEFINITIONAL_REPRESENTATION('',(#15083),#15086);
#15083 = B_SPLINE_CURVE_WITH_KNOTS('',1,(#15084,#15085),.UNSPECIFIED.,
  .F.,.F.,(2,2),(-1.1,5.999999999062E-07),.PIECEWISE_BEZIER_KNOTS.);
#15084 = CARTESIAN_POINT('',(-6.175836391078,-1.1));
#15085 = CARTESIAN_POINT('',(-6.175836391078,5.999999999062E-07));
#15086 = ( GEOMETRIC_REPRESENTATION_CONTEXT(2) 
PARAMETRIC_REPRESENTATION_CONTEXT() REPRESENTATION_CONTEXT('2D SPACE',''
  ) );
#15087 = ADVANCED_FACE('',(#15088,#15091),#9978,.F.);
#15088 = FACE_BOUND('',#15089,.F.);
#15089 = EDGE_LOOP('',(#15090));
#15090 = ORIENTED_EDGE('',*,*,#9963,.T.);
#15091 = FACE_BOUND('',#15092,.F.);
#15092 = EDGE_LOOP('',(#15093));
#15093 = ORIENTED_EDGE('',*,*,#15094,.F.);
#15094 = EDGE_CURVE('',#15095,#15095,#15097,.T.);
#15095 = VERTEX_POINT('',#15096);
#15096 = CARTESIAN_POINT('',(-50.05,51.75,1.));
#15097 = SURFACE_CURVE('',#15098,(#15103,#15110),.PCURVE_S1.);
#15098 = CIRCLE('',#15099,3.35);
#15099 = AXIS2_PLACEMENT_3D('',#15100,#15101,#15102);
#15100 = CARTESIAN_POINT('',(-53.4,51.75,1.));
#15101 = DIRECTION('',(0.,0.,1.));
#15102 = DIRECTION('',(1.,0.,-0.));
#15103 = PCURVE('',#9978,#15104);
#15104 = DEFINITIONAL_REPRESENTATION('',(#15105),#15109);
#15105 = CIRCLE('',#15106,3.35);
#15106 = AXIS2_PLACEMENT_2D('',#15107,#15108);
#15107 = CARTESIAN_POINT('',(0.,0.));
#15108 = DIRECTION('',(1.,0.));
#15109 = ( GEOMETRIC_REPRESENTATION_CONTEXT(2) 
PARAMETRIC_REPRESENTATION_CONTEXT() REPRESENTATION_CONTEXT('2D SPACE',''
  ) );
#15110 = PCURVE('',#14475,#15111);
#15111 = DEFINITIONAL_REPRESENTATION('',(#15112),#15116);
#15112 = LINE('',#15113,#15114);
#15113 = CARTESIAN_POINT('',(-0.,-0.));
#15114 = VECTOR('',#15115,1.);
#15115 = DIRECTION('',(-1.,-0.));
#15116 = ( GEOMETRIC_REPRESENTATION_CONTEXT(2) 
PARAMETRIC_REPRESENTATION_CONTEXT() REPRESENTATION_CONTEXT('2D SPACE',''
  ) );
#15117 = ADVANCED_FACE('',(#15118,#15121),#10080,.F.);
#15118 = FACE_BOUND('',#15119,.F.);
#15119 = EDGE_LOOP('',(#15120));
#15120 = ORIENTED_EDGE('',*,*,#10065,.T.);
#15121 = FACE_BOUND('',#15122,.F.);
#15122 = EDGE_LOOP('',(#15123));
#15123 = ORIENTED_EDGE('',*,*,#15124,.F.);
#15124 = EDGE_CURVE('',#15125,#15125,#15127,.T.);
#15125 = VERTEX_POINT('',#15126);
#15126 = CARTESIAN_POINT('',(58.75,51.75,1.));
#15127 = SURFACE_CURVE('',#15128,(#15133,#15140),.PCURVE_S1.);
#15128 = CIRCLE('',#15129,3.35);
#15129 = AXIS2_PLACEMENT_3D('',#15130,#15131,#15132);
#15130 = CARTESIAN_POINT('',(55.4,51.75,1.));
#15131 = DIRECTION('',(0.,0.,1.));
#15132 = DIRECTION('',(1.,0.,-0.));
#15133 = PCURVE('',#10080,#15134);
#15134 = DEFINITIONAL_REPRESENTATION('',(#15135),#15139);
#15135 = CIRCLE('',#15136,3.35);
#15136 = AXIS2_PLACEMENT_2D('',#15137,#15138);
#15137 = CARTESIAN_POINT('',(0.,0.));
#15138 = DIRECTION('',(1.,0.));
#15139 = ( GEOMETRIC_REPRESENTATION_CONTEXT(2) 
PARAMETRIC_REPRESENTATION_CONTEXT() REPRESENTATION_CONTEXT('2D SPACE',''
  ) );
#15140 = PCURVE('',#14585,#15141);
#15141 = DEFINITIONAL_REPRESENTATION('',(#15142),#15146);
#15142 = LINE('',#15143,#15144);
#15143 = CARTESIAN_POINT('',(-0.,-0.));
#15144 = VECTOR('',#15145,1.);
#15145 = DIRECTION('',(-1.,-0.));
#15146 = ( GEOMETRIC_REPRESENTATION_CONTEXT(2) 
PARAMETRIC_REPRESENTATION_CONTEXT() REPRESENTATION_CONTEXT('2D SPACE',''
  ) );
#15147 = ADVANCED_FACE('',(#15148,#15151),#10139,.T.);
#15148 = FACE_BOUND('',#15149,.T.);
#15149 = EDGE_LOOP('',(#15150));
#15150 = ORIENTED_EDGE('',*,*,#14378,.T.);
#15151 = FACE_BOUND('',#15152,.T.);
#15152 = EDGE_LOOP('',(#15153));
#15153 = ORIENTED_EDGE('',*,*,#10124,.T.);
#15154 = ADVANCED_FACE('',(#15155,#15158),#10198,.T.);
#15155 = FACE_BOUND('',#15156,.T.);
#15156 = EDGE_LOOP('',(#15157));
#15157 = ORIENTED_EDGE('',*,*,#14698,.T.);
#15158 = FACE_BOUND('',#15159,.T.);
#15159 = EDGE_LOOP('',(#15160));
#15160 = ORIENTED_EDGE('',*,*,#10183,.T.);
#15161 = ADVANCED_FACE('',(#15162,#15165),#10466,.F.);
#15162 = FACE_BOUND('',#15163,.F.);
#15163 = EDGE_LOOP('',(#15164));
#15164 = ORIENTED_EDGE('',*,*,#10451,.T.);
#15165 = FACE_BOUND('',#15166,.F.);
#15166 = EDGE_LOOP('',(#15167));
#15167 = ORIENTED_EDGE('',*,*,#15168,.F.);
#15168 = EDGE_CURVE('',#15169,#15169,#15171,.T.);
#15169 = VERTEX_POINT('',#15170);
#15170 = CARTESIAN_POINT('',(-50.05,-53.25,1.));
#15171 = SURFACE_CURVE('',#15172,(#15177,#15184),.PCURVE_S1.);
#15172 = CIRCLE('',#15173,3.35);
#15173 = AXIS2_PLACEMENT_3D('',#15174,#15175,#15176);
#15174 = CARTESIAN_POINT('',(-53.4,-53.25,1.));
#15175 = DIRECTION('',(0.,0.,1.));
#15176 = DIRECTION('',(1.,0.,-0.));
#15177 = PCURVE('',#10466,#15178);
#15178 = DEFINITIONAL_REPRESENTATION('',(#15179),#15183);
#15179 = CIRCLE('',#15180,3.35);
#15180 = AXIS2_PLACEMENT_2D('',#15181,#15182);
#15181 = CARTESIAN_POINT('',(0.,0.));
#15182 = DIRECTION('',(1.,0.));
#15183 = ( GEOMETRIC_REPRESENTATION_CONTEXT(2) 
PARAMETRIC_REPRESENTATION_CONTEXT() REPRESENTATION_CONTEXT('2D SPACE',''
  ) );
#15184 = PCURVE('',#14018,#15185);
#15185 = DEFINITIONAL_REPRESENTATION('',(#15186),#15190);
#15186 = LINE('',#15187,#15188);
#15187 = CARTESIAN_POINT('',(-0.,-0.));
#15188 = VECTOR('',#15189,1.);
#15189 = DIRECTION('',(-1.,-0.));
#15190 = ( GEOMETRIC_REPRESENTATION_CONTEXT(2) 
PARAMETRIC_REPRESENTATION_CONTEXT() REPRESENTATION_CONTEXT('2D SPACE',''
  ) );
#15191 = ADVANCED_FACE('',(#15192,#15195),#12197,.F.);
#15192 = FACE_BOUND('',#15193,.F.);
#15193 = EDGE_LOOP('',(#15194));
#15194 = ORIENTED_EDGE('',*,*,#12182,.T.);
#15195 = FACE_BOUND('',#15196,.F.);
#15196 = EDGE_LOOP('',(#15197));
#15197 = ORIENTED_EDGE('',*,*,#15198,.F.);
#15198 = EDGE_CURVE('',#15199,#15199,#15201,.T.);
#15199 = VERTEX_POINT('',#15200);
#15200 = CARTESIAN_POINT('',(-36.9,-42.,1.));
#15201 = SURFACE_CURVE('',#15202,(#15207,#15214),.PCURVE_S1.);
#15202 = CIRCLE('',#15203,3.35);
#15203 = AXIS2_PLACEMENT_3D('',#15204,#15205,#15206);
#15204 = CARTESIAN_POINT('',(-40.25,-42.,1.));
#15205 = DIRECTION('',(0.,0.,1.));
#15206 = DIRECTION('',(1.,0.,-0.));
#15207 = PCURVE('',#12197,#15208);
#15208 = DEFINITIONAL_REPRESENTATION('',(#15209),#15213);
#15209 = CIRCLE('',#15210,3.35);
#15210 = AXIS2_PLACEMENT_2D('',#15211,#15212);
#15211 = CARTESIAN_POINT('',(0.,-7.105427357601E-15));
#15212 = DIRECTION('',(1.,0.));
#15213 = ( GEOMETRIC_REPRESENTATION_CONTEXT(2) 
PARAMETRIC_REPRESENTATION_CONTEXT() REPRESENTATION_CONTEXT('2D SPACE',''
  ) );
#15214 = PCURVE('',#14073,#15215);
#15215 = DEFINITIONAL_REPRESENTATION('',(#15216),#15220);
#15216 = LINE('',#15217,#15218);
#15217 = CARTESIAN_POINT('',(-0.,-0.));
#15218 = VECTOR('',#15219,1.);
#15219 = DIRECTION('',(-1.,-0.));
#15220 = ( GEOMETRIC_REPRESENTATION_CONTEXT(2) 
PARAMETRIC_REPRESENTATION_CONTEXT() REPRESENTATION_CONTEXT('2D SPACE',''
  ) );
#15221 = ADVANCED_FACE('',(#15222,#15225),#12252,.F.);
#15222 = FACE_BOUND('',#15223,.F.);
#15223 = EDGE_LOOP('',(#15224));
#15224 = ORIENTED_EDGE('',*,*,#12237,.T.);
#15225 = FACE_BOUND('',#15226,.F.);
#15226 = EDGE_LOOP('',(#15227));
#15227 = ORIENTED_EDGE('',*,*,#15228,.F.);
#15228 = EDGE_CURVE('',#15229,#15229,#15231,.T.);
#15229 = VERTEX_POINT('',#15230);
#15230 = CARTESIAN_POINT('',(45.6,-42.,1.));
#15231 = SURFACE_CURVE('',#15232,(#15237,#15244),.PCURVE_S1.);
#15232 = CIRCLE('',#15233,3.35);
#15233 = AXIS2_PLACEMENT_3D('',#15234,#15235,#15236);
#15234 = CARTESIAN_POINT('',(42.25,-42.,1.));
#15235 = DIRECTION('',(0.,0.,1.));
#15236 = DIRECTION('',(1.,0.,-0.));
#15237 = PCURVE('',#12252,#15238);
#15238 = DEFINITIONAL_REPRESENTATION('',(#15239),#15243);
#15239 = CIRCLE('',#15240,3.35);
#15240 = AXIS2_PLACEMENT_2D('',#15241,#15242);
#15241 = CARTESIAN_POINT('',(0.,-7.105427357601E-15));
#15242 = DIRECTION('',(1.,0.));
#15243 = ( GEOMETRIC_REPRESENTATION_CONTEXT(2) 
PARAMETRIC_REPRESENTATION_CONTEXT() REPRESENTATION_CONTEXT('2D SPACE',''
  ) );
#15244 = PCURVE('',#14183,#15245);
#15245 = DEFINITIONAL_REPRESENTATION('',(#15246),#15250);
#15246 = LINE('',#15247,#15248);
#15247 = CARTESIAN_POINT('',(-0.,-0.));
#15248 = VECTOR('',#15249,1.);
#15249 = DIRECTION('',(-1.,-0.));
#15250 = ( GEOMETRIC_REPRESENTATION_CONTEXT(2) 
PARAMETRIC_REPRESENTATION_CONTEXT() REPRESENTATION_CONTEXT('2D SPACE',''
  ) );
#15251 = ADVANCED_FACE('',(#15252,#15255),#12334,.F.);
#15252 = FACE_BOUND('',#15253,.F.);
#15253 = EDGE_LOOP('',(#15254));
#15254 = ORIENTED_EDGE('',*,*,#12319,.T.);
#15255 = FACE_BOUND('',#15256,.F.);
#15256 = EDGE_LOOP('',(#15257));
#15257 = ORIENTED_EDGE('',*,*,#15258,.F.);
#15258 = EDGE_CURVE('',#15259,#15259,#15261,.T.);
#15259 = VERTEX_POINT('',#15260);
#15260 = CARTESIAN_POINT('',(-36.9,40.5,1.));
#15261 = SURFACE_CURVE('',#15262,(#15267,#15274),.PCURVE_S1.);
#15262 = CIRCLE('',#15263,3.35);
#15263 = AXIS2_PLACEMENT_3D('',#15264,#15265,#15266);
#15264 = CARTESIAN_POINT('',(-40.25,40.5,1.));
#15265 = DIRECTION('',(0.,0.,1.));
#15266 = DIRECTION('',(1.,0.,-0.));
#15267 = PCURVE('',#12334,#15268);
#15268 = DEFINITIONAL_REPRESENTATION('',(#15269),#15273);
#15269 = CIRCLE('',#15270,3.35);
#15270 = AXIS2_PLACEMENT_2D('',#15271,#15272);
#15271 = CARTESIAN_POINT('',(0.,0.));
#15272 = DIRECTION('',(1.,0.));
#15273 = ( GEOMETRIC_REPRESENTATION_CONTEXT(2) 
PARAMETRIC_REPRESENTATION_CONTEXT() REPRESENTATION_CONTEXT('2D SPACE',''
  ) );
#15274 = PCURVE('',#14420,#15275);
#15275 = DEFINITIONAL_REPRESENTATION('',(#15276),#15280);
#15276 = LINE('',#15277,#15278);
#15277 = CARTESIAN_POINT('',(-0.,-0.));
#15278 = VECTOR('',#15279,1.);
#15279 = DIRECTION('',(-1.,-0.));
#15280 = ( GEOMETRIC_REPRESENTATION_CONTEXT(2) 
PARAMETRIC_REPRESENTATION_CONTEXT() REPRESENTATION_CONTEXT('2D SPACE',''
  ) );
#15281 = ADVANCED_FACE('',(#15282,#15285),#13847,.F.);
#15282 = FACE_BOUND('',#15283,.F.);
#15283 = EDGE_LOOP('',(#15284));
#15284 = ORIENTED_EDGE('',*,*,#13832,.T.);
#15285 = FACE_BOUND('',#15286,.F.);
#15286 = EDGE_LOOP('',(#15287));
#15287 = ORIENTED_EDGE('',*,*,#15288,.F.);
#15288 = EDGE_CURVE('',#15289,#15289,#15291,.T.);
#15289 = VERTEX_POINT('',#15290);
#15290 = CARTESIAN_POINT('',(45.6,40.5,1.));
#15291 = SURFACE_CURVE('',#15292,(#15297,#15304),.PCURVE_S1.);
#15292 = CIRCLE('',#15293,3.35);
#15293 = AXIS2_PLACEMENT_3D('',#15294,#15295,#15296);
#15294 = CARTESIAN_POINT('',(42.25,40.5,1.));
#15295 = DIRECTION('',(0.,0.,1.));
#15296 = DIRECTION('',(1.,0.,-0.));
#15297 = PCURVE('',#13847,#15298);
#15298 = DEFINITIONAL_REPRESENTATION('',(#15299),#15303);
#15299 = CIRCLE('',#15300,3.35);
#15300 = AXIS2_PLACEMENT_2D('',#15301,#15302);
#15301 = CARTESIAN_POINT('',(0.,0.));
#15302 = DIRECTION('',(1.,0.));
#15303 = ( GEOMETRIC_REPRESENTATION_CONTEXT(2) 
PARAMETRIC_REPRESENTATION_CONTEXT() REPRESENTATION_CONTEXT('2D SPACE',''
  ) );
#15304 = PCURVE('',#14530,#15305);
#15305 = DEFINITIONAL_REPRESENTATION('',(#15306),#15310);
#15306 = LINE('',#15307,#15308);
#15307 = CARTESIAN_POINT('',(-0.,-0.));
#15308 = VECTOR('',#15309,1.);
#15309 = DIRECTION('',(-1.,-0.));
#15310 = ( GEOMETRIC_REPRESENTATION_CONTEXT(2) 
PARAMETRIC_REPRESENTATION_CONTEXT() REPRESENTATION_CONTEXT('2D SPACE',''
  ) );
#15311 = ADVANCED_FACE('',(#15312,#15315),#13931,.T.);
#15312 = FACE_BOUND('',#15313,.T.);
#15313 = EDGE_LOOP('',(#15314));
#15314 = ORIENTED_EDGE('',*,*,#13916,.T.);
#15315 = FACE_BOUND('',#15316,.T.);
#15316 = EDGE_LOOP('',(#15317));
#15317 = ORIENTED_EDGE('',*,*,#15318,.T.);
#15318 = EDGE_CURVE('',#15319,#15319,#15321,.T.);
#15319 = VERTEX_POINT('',#15320);
#15320 = CARTESIAN_POINT('',(-150.425,-56.125,0.8));
#15321 = SURFACE_CURVE('',#15322,(#15327,#15338),.PCURVE_S1.);
#15322 = CIRCLE('',#15323,1.2);
#15323 = AXIS2_PLACEMENT_3D('',#15324,#15325,#15326);
#15324 = CARTESIAN_POINT('',(-151.625,-56.125,0.8));
#15325 = DIRECTION('',(0.,0.,-1.));
#15326 = DIRECTION('',(1.,0.,0.));
#15327 = PCURVE('',#13931,#15328);
#15328 = DEFINITIONAL_REPRESENTATION('',(#15329),#15337);
#15329 = ( BOUNDED_CURVE() B_SPLINE_CURVE(2,(#15330,#15331,#15332,#15333
    ,#15334,#15335,#15336),.UNSPECIFIED.,.T.,.F.) 
B_SPLINE_CURVE_WITH_KNOTS((1,2,2,2,2,1),(-2.094395102393,0.,
    2.094395102393,4.188790204786,6.28318530718,8.377580409573),
.UNSPECIFIED.) CURVE() GEOMETRIC_REPRESENTATION_ITEM() 
RATIONAL_B_SPLINE_CURVE((1.,0.5,1.,0.5,1.,0.5,1.)) REPRESENTATION_ITEM(
  '') );
#15330 = CARTESIAN_POINT('',(1.2,0.));
#15331 = CARTESIAN_POINT('',(1.2,-2.078460969083));
#15332 = CARTESIAN_POINT('',(-0.6,-1.039230484541));
#15333 = CARTESIAN_POINT('',(-2.4,-2.939152317954E-16));
#15334 = CARTESIAN_POINT('',(-0.6,1.039230484541));
#15335 = CARTESIAN_POINT('',(1.2,2.078460969083));
#15336 = CARTESIAN_POINT('',(1.2,0.));
#15337 = ( GEOMETRIC_REPRESENTATION_CONTEXT(2) 
PARAMETRIC_REPRESENTATION_CONTEXT() REPRESENTATION_CONTEXT('2D SPACE',''
  ) );
#15338 = PCURVE('',#14996,#15339);
#15339 = DEFINITIONAL_REPRESENTATION('',(#15340),#15344);
#15340 = LINE('',#15341,#15342);
#15341 = CARTESIAN_POINT('',(-6.28318530718,-1.8));
#15342 = VECTOR('',#15343,1.);
#15343 = DIRECTION('',(1.,-0.));
#15344 = ( GEOMETRIC_REPRESENTATION_CONTEXT(2) 
PARAMETRIC_REPRESENTATION_CONTEXT() REPRESENTATION_CONTEXT('2D SPACE',''
  ) );
#15345 = ADVANCED_FACE('',(#15346),#13963,.F.);
#15346 = FACE_BOUND('',#15347,.F.);
#15347 = EDGE_LOOP('',(#15348,#15349,#15372,#15399));
#15348 = ORIENTED_EDGE('',*,*,#13946,.F.);
#15349 = ORIENTED_EDGE('',*,*,#15350,.F.);
#15350 = EDGE_CURVE('',#15351,#13947,#15353,.T.);
#15351 = VERTEX_POINT('',#15352);
#15352 = CARTESIAN_POINT('',(-155.05,-53.25,1.));
#15353 = SEAM_CURVE('',#15354,(#15358,#15365),.PCURVE_S1.);
#15354 = LINE('',#15355,#15356);
#15355 = CARTESIAN_POINT('',(-155.05,-53.25,1.));
#15356 = VECTOR('',#15357,1.);
#15357 = DIRECTION('',(-0.470588235294,1.152608752139E-16,0.882352941176
    ));
#15358 = PCURVE('',#13963,#15359);
#15359 = DEFINITIONAL_REPRESENTATION('',(#15360),#15364);
#15360 = LINE('',#15361,#15362);
#15361 = CARTESIAN_POINT('',(-6.28318530718,0.));
#15362 = VECTOR('',#15363,1.);
#15363 = DIRECTION('',(-0.,-1.));
#15364 = ( GEOMETRIC_REPRESENTATION_CONTEXT(2) 
PARAMETRIC_REPRESENTATION_CONTEXT() REPRESENTATION_CONTEXT('2D SPACE',''
  ) );
#15365 = PCURVE('',#13963,#15366);
#15366 = DEFINITIONAL_REPRESENTATION('',(#15367),#15371);
#15367 = LINE('',#15368,#15369);
#15368 = CARTESIAN_POINT('',(0.,-0.));
#15369 = VECTOR('',#15370,1.);
#15370 = DIRECTION('',(-0.,-1.));
#15371 = ( GEOMETRIC_REPRESENTATION_CONTEXT(2) 
PARAMETRIC_REPRESENTATION_CONTEXT() REPRESENTATION_CONTEXT('2D SPACE',''
  ) );
#15372 = ORIENTED_EDGE('',*,*,#15373,.T.);
#15373 = EDGE_CURVE('',#15351,#15351,#15374,.T.);
#15374 = SURFACE_CURVE('',#15375,(#15380,#15387),.PCURVE_S1.);
#15375 = CIRCLE('',#15376,3.35);
#15376 = AXIS2_PLACEMENT_3D('',#15377,#15378,#15379);
#15377 = CARTESIAN_POINT('',(-158.4,-53.25,1.));
#15378 = DIRECTION('',(0.,0.,1.));
#15379 = DIRECTION('',(1.,0.,-0.));
#15380 = PCURVE('',#13963,#15381);
#15381 = DEFINITIONAL_REPRESENTATION('',(#15382),#15386);
#15382 = LINE('',#15383,#15384);
#15383 = CARTESIAN_POINT('',(-0.,-0.));
#15384 = VECTOR('',#15385,1.);
#15385 = DIRECTION('',(-1.,-0.));
#15386 = ( GEOMETRIC_REPRESENTATION_CONTEXT(2) 
PARAMETRIC_REPRESENTATION_CONTEXT() REPRESENTATION_CONTEXT('2D SPACE',''
  ) );
#15387 = PCURVE('',#15388,#15393);
#15388 = PLANE('',#15389);
#15389 = AXIS2_PLACEMENT_3D('',#15390,#15391,#15392);
#15390 = CARTESIAN_POINT('',(-158.4,-53.25,1.));
#15391 = DIRECTION('',(0.,0.,1.));
#15392 = DIRECTION('',(1.,0.,-0.));
#15393 = DEFINITIONAL_REPRESENTATION('',(#15394),#15398);
#15394 = CIRCLE('',#15395,3.35);
#15395 = AXIS2_PLACEMENT_2D('',#15396,#15397);
#15396 = CARTESIAN_POINT('',(0.,0.));
#15397 = DIRECTION('',(1.,0.));
#15398 = ( GEOMETRIC_REPRESENTATION_CONTEXT(2) 
PARAMETRIC_REPRESENTATION_CONTEXT() REPRESENTATION_CONTEXT('2D SPACE',''
  ) );
#15399 = ORIENTED_EDGE('',*,*,#15350,.T.);
#15400 = ADVANCED_FACE('',(#15401),#14018,.F.);
#15401 = FACE_BOUND('',#15402,.F.);
#15402 = EDGE_LOOP('',(#15403,#15404,#15425,#15426));
#15403 = ORIENTED_EDGE('',*,*,#14001,.F.);
#15404 = ORIENTED_EDGE('',*,*,#15405,.F.);
#15405 = EDGE_CURVE('',#15169,#14002,#15406,.T.);
#15406 = SEAM_CURVE('',#15407,(#15411,#15418),.PCURVE_S1.);
#15407 = LINE('',#15408,#15409);
#15408 = CARTESIAN_POINT('',(-50.05,-53.25,1.));
#15409 = VECTOR('',#15410,1.);
#15410 = DIRECTION('',(-0.470588235294,1.152608752139E-16,0.882352941176
    ));
#15411 = PCURVE('',#14018,#15412);
#15412 = DEFINITIONAL_REPRESENTATION('',(#15413),#15417);
#15413 = LINE('',#15414,#15415);
#15414 = CARTESIAN_POINT('',(-6.28318530718,0.));
#15415 = VECTOR('',#15416,1.);
#15416 = DIRECTION('',(-0.,-1.));
#15417 = ( GEOMETRIC_REPRESENTATION_CONTEXT(2) 
PARAMETRIC_REPRESENTATION_CONTEXT() REPRESENTATION_CONTEXT('2D SPACE',''
  ) );
#15418 = PCURVE('',#14018,#15419);
#15419 = DEFINITIONAL_REPRESENTATION('',(#15420),#15424);
#15420 = LINE('',#15421,#15422);
#15421 = CARTESIAN_POINT('',(0.,-0.));
#15422 = VECTOR('',#15423,1.);
#15423 = DIRECTION('',(-0.,-1.));
#15424 = ( GEOMETRIC_REPRESENTATION_CONTEXT(2) 
PARAMETRIC_REPRESENTATION_CONTEXT() REPRESENTATION_CONTEXT('2D SPACE',''
  ) );
#15425 = ORIENTED_EDGE('',*,*,#15168,.T.);
#15426 = ORIENTED_EDGE('',*,*,#15405,.T.);
#15427 = ADVANCED_FACE('',(#15428),#14073,.F.);
#15428 = FACE_BOUND('',#15429,.F.);
#15429 = EDGE_LOOP('',(#15430,#15431,#15452,#15453));
#15430 = ORIENTED_EDGE('',*,*,#14056,.F.);
#15431 = ORIENTED_EDGE('',*,*,#15432,.F.);
#15432 = EDGE_CURVE('',#15199,#14057,#15433,.T.);
#15433 = SEAM_CURVE('',#15434,(#15438,#15445),.PCURVE_S1.);
#15434 = LINE('',#15435,#15436);
#15435 = CARTESIAN_POINT('',(-36.9,-42.,1.));
#15436 = VECTOR('',#15437,1.);
#15437 = DIRECTION('',(-0.470588235294,1.152608752139E-16,0.882352941176
    ));
#15438 = PCURVE('',#14073,#15439);
#15439 = DEFINITIONAL_REPRESENTATION('',(#15440),#15444);
#15440 = LINE('',#15441,#15442);
#15441 = CARTESIAN_POINT('',(-6.28318530718,0.));
#15442 = VECTOR('',#15443,1.);
#15443 = DIRECTION('',(-0.,-1.));
#15444 = ( GEOMETRIC_REPRESENTATION_CONTEXT(2) 
PARAMETRIC_REPRESENTATION_CONTEXT() REPRESENTATION_CONTEXT('2D SPACE',''
  ) );
#15445 = PCURVE('',#14073,#15446);
#15446 = DEFINITIONAL_REPRESENTATION('',(#15447),#15451);
#15447 = LINE('',#15448,#15449);
#15448 = CARTESIAN_POINT('',(0.,-0.));
#15449 = VECTOR('',#15450,1.);
#15450 = DIRECTION('',(-0.,-1.));
#15451 = ( GEOMETRIC_REPRESENTATION_CONTEXT(2) 
PARAMETRIC_REPRESENTATION_CONTEXT() REPRESENTATION_CONTEXT('2D SPACE',''
  ) );
#15452 = ORIENTED_EDGE('',*,*,#15198,.T.);
#15453 = ORIENTED_EDGE('',*,*,#15432,.T.);
#15454 = ADVANCED_FACE('',(#15455),#14128,.F.);
#15455 = FACE_BOUND('',#15456,.F.);
#15456 = EDGE_LOOP('',(#15457,#15458,#15479,#15480));
#15457 = ORIENTED_EDGE('',*,*,#14111,.F.);
#15458 = ORIENTED_EDGE('',*,*,#15459,.F.);
#15459 = EDGE_CURVE('',#14754,#14112,#15460,.T.);
#15460 = SEAM_CURVE('',#15461,(#15465,#15472),.PCURVE_S1.);
#15461 = LINE('',#15462,#15463);
#15462 = CARTESIAN_POINT('',(58.75,-53.25,1.));
#15463 = VECTOR('',#15464,1.);
#15464 = DIRECTION('',(-0.470588235294,1.152608752139E-16,0.882352941176
    ));
#15465 = PCURVE('',#14128,#15466);
#15466 = DEFINITIONAL_REPRESENTATION('',(#15467),#15471);
#15467 = LINE('',#15468,#15469);
#15468 = CARTESIAN_POINT('',(-6.28318530718,0.));
#15469 = VECTOR('',#15470,1.);
#15470 = DIRECTION('',(-0.,-1.));
#15471 = ( GEOMETRIC_REPRESENTATION_CONTEXT(2) 
PARAMETRIC_REPRESENTATION_CONTEXT() REPRESENTATION_CONTEXT('2D SPACE',''
  ) );
#15472 = PCURVE('',#14128,#15473);
#15473 = DEFINITIONAL_REPRESENTATION('',(#15474),#15478);
#15474 = LINE('',#15475,#15476);
#15475 = CARTESIAN_POINT('',(0.,-0.));
#15476 = VECTOR('',#15477,1.);
#15477 = DIRECTION('',(-0.,-1.));
#15478 = ( GEOMETRIC_REPRESENTATION_CONTEXT(2) 
PARAMETRIC_REPRESENTATION_CONTEXT() REPRESENTATION_CONTEXT('2D SPACE',''
  ) );
#15479 = ORIENTED_EDGE('',*,*,#14753,.T.);
#15480 = ORIENTED_EDGE('',*,*,#15459,.T.);
#15481 = ADVANCED_FACE('',(#15482),#14183,.F.);
#15482 = FACE_BOUND('',#15483,.F.);
#15483 = EDGE_LOOP('',(#15484,#15485,#15506,#15507));
#15484 = ORIENTED_EDGE('',*,*,#14166,.F.);
#15485 = ORIENTED_EDGE('',*,*,#15486,.F.);
#15486 = EDGE_CURVE('',#15229,#14167,#15487,.T.);
#15487 = SEAM_CURVE('',#15488,(#15492,#15499),.PCURVE_S1.);
#15488 = LINE('',#15489,#15490);
#15489 = CARTESIAN_POINT('',(45.6,-42.,1.));
#15490 = VECTOR('',#15491,1.);
#15491 = DIRECTION('',(-0.470588235294,1.152608752139E-16,0.882352941176
    ));
#15492 = PCURVE('',#14183,#15493);
#15493 = DEFINITIONAL_REPRESENTATION('',(#15494),#15498);
#15494 = LINE('',#15495,#15496);
#15495 = CARTESIAN_POINT('',(-6.28318530718,0.));
#15496 = VECTOR('',#15497,1.);
#15497 = DIRECTION('',(-0.,-1.));
#15498 = ( GEOMETRIC_REPRESENTATION_CONTEXT(2) 
PARAMETRIC_REPRESENTATION_CONTEXT() REPRESENTATION_CONTEXT('2D SPACE',''
  ) );
#15499 = PCURVE('',#14183,#15500);
#15500 = DEFINITIONAL_REPRESENTATION('',(#15501),#15505);
#15501 = LINE('',#15502,#15503);
#15502 = CARTESIAN_POINT('',(0.,-0.));
#15503 = VECTOR('',#15504,1.);
#15504 = DIRECTION('',(-0.,-1.));
#15505 = ( GEOMETRIC_REPRESENTATION_CONTEXT(2) 
PARAMETRIC_REPRESENTATION_CONTEXT() REPRESENTATION_CONTEXT('2D SPACE',''
  ) );
#15506 = ORIENTED_EDGE('',*,*,#15228,.T.);
#15507 = ORIENTED_EDGE('',*,*,#15486,.T.);
#15508 = ADVANCED_FACE('',(#15509),#14315,.F.);
#15509 = FACE_BOUND('',#15510,.F.);
#15510 = EDGE_LOOP('',(#15511,#15512,#15533,#15534));
#15511 = ORIENTED_EDGE('',*,*,#14298,.F.);
#15512 = ORIENTED_EDGE('',*,*,#15513,.F.);
#15513 = EDGE_CURVE('',#15040,#14299,#15514,.T.);
#15514 = SEAM_CURVE('',#15515,(#15519,#15526),.PCURVE_S1.);
#15515 = LINE('',#15516,#15517);
#15516 = CARTESIAN_POINT('',(-155.05,51.75,1.));
#15517 = VECTOR('',#15518,1.);
#15518 = DIRECTION('',(-0.470588235294,1.152608752139E-16,0.882352941176
    ));
#15519 = PCURVE('',#14315,#15520);
#15520 = DEFINITIONAL_REPRESENTATION('',(#15521),#15525);
#15521 = LINE('',#15522,#15523);
#15522 = CARTESIAN_POINT('',(-6.28318530718,0.));
#15523 = VECTOR('',#15524,1.);
#15524 = DIRECTION('',(-0.,-1.));
#15525 = ( GEOMETRIC_REPRESENTATION_CONTEXT(2) 
PARAMETRIC_REPRESENTATION_CONTEXT() REPRESENTATION_CONTEXT('2D SPACE',''
  ) );
#15526 = PCURVE('',#14315,#15527);
#15527 = DEFINITIONAL_REPRESENTATION('',(#15528),#15532);
#15528 = LINE('',#15529,#15530);
#15529 = CARTESIAN_POINT('',(0.,-0.));
#15530 = VECTOR('',#15531,1.);
#15531 = DIRECTION('',(-0.,-1.));
#15532 = ( GEOMETRIC_REPRESENTATION_CONTEXT(2) 
PARAMETRIC_REPRESENTATION_CONTEXT() REPRESENTATION_CONTEXT('2D SPACE',''
  ) );
#15533 = ORIENTED_EDGE('',*,*,#15039,.T.);
#15534 = ORIENTED_EDGE('',*,*,#15513,.T.);
#15535 = ADVANCED_FACE('',(#15536),#14420,.F.);
#15536 = FACE_BOUND('',#15537,.F.);
#15537 = EDGE_LOOP('',(#15538,#15539,#15560,#15561));
#15538 = ORIENTED_EDGE('',*,*,#14403,.F.);
#15539 = ORIENTED_EDGE('',*,*,#15540,.F.);
#15540 = EDGE_CURVE('',#15259,#14404,#15541,.T.);
#15541 = SEAM_CURVE('',#15542,(#15546,#15553),.PCURVE_S1.);
#15542 = LINE('',#15543,#15544);
#15543 = CARTESIAN_POINT('',(-36.9,40.5,1.));
#15544 = VECTOR('',#15545,1.);
#15545 = DIRECTION('',(-0.470588235294,1.152608752139E-16,0.882352941176
    ));
#15546 = PCURVE('',#14420,#15547);
#15547 = DEFINITIONAL_REPRESENTATION('',(#15548),#15552);
#15548 = LINE('',#15549,#15550);
#15549 = CARTESIAN_POINT('',(-6.28318530718,0.));
#15550 = VECTOR('',#15551,1.);
#15551 = DIRECTION('',(-0.,-1.));
#15552 = ( GEOMETRIC_REPRESENTATION_CONTEXT(2) 
PARAMETRIC_REPRESENTATION_CONTEXT() REPRESENTATION_CONTEXT('2D SPACE',''
  ) );
#15553 = PCURVE('',#14420,#15554);
#15554 = DEFINITIONAL_REPRESENTATION('',(#15555),#15559);
#15555 = LINE('',#15556,#15557);
#15556 = CARTESIAN_POINT('',(0.,-0.));
#15557 = VECTOR('',#15558,1.);
#15558 = DIRECTION('',(-0.,-1.));
#15559 = ( GEOMETRIC_REPRESENTATION_CONTEXT(2) 
PARAMETRIC_REPRESENTATION_CONTEXT() REPRESENTATION_CONTEXT('2D SPACE',''
  ) );
#15560 = ORIENTED_EDGE('',*,*,#15258,.T.);
#15561 = ORIENTED_EDGE('',*,*,#15540,.T.);
#15562 = ADVANCED_FACE('',(#15563),#14475,.F.);
#15563 = FACE_BOUND('',#15564,.F.);
#15564 = EDGE_LOOP('',(#15565,#15566,#15587,#15588));
#15565 = ORIENTED_EDGE('',*,*,#14458,.F.);
#15566 = ORIENTED_EDGE('',*,*,#15567,.F.);
#15567 = EDGE_CURVE('',#15095,#14459,#15568,.T.);
#15568 = SEAM_CURVE('',#15569,(#15573,#15580),.PCURVE_S1.);
#15569 = LINE('',#15570,#15571);
#15570 = CARTESIAN_POINT('',(-50.05,51.75,1.));
#15571 = VECTOR('',#15572,1.);
#15572 = DIRECTION('',(-0.470588235294,1.152608752139E-16,0.882352941176
    ));
#15573 = PCURVE('',#14475,#15574);
#15574 = DEFINITIONAL_REPRESENTATION('',(#15575),#15579);
#15575 = LINE('',#15576,#15577);
#15576 = CARTESIAN_POINT('',(-6.28318530718,0.));
#15577 = VECTOR('',#15578,1.);
#15578 = DIRECTION('',(-0.,-1.));
#15579 = ( GEOMETRIC_REPRESENTATION_CONTEXT(2) 
PARAMETRIC_REPRESENTATION_CONTEXT() REPRESENTATION_CONTEXT('2D SPACE',''
  ) );
#15580 = PCURVE('',#14475,#15581);
#15581 = DEFINITIONAL_REPRESENTATION('',(#15582),#15586);
#15582 = LINE('',#15583,#15584);
#15583 = CARTESIAN_POINT('',(0.,-0.));
#15584 = VECTOR('',#15585,1.);
#15585 = DIRECTION('',(-0.,-1.));
#15586 = ( GEOMETRIC_REPRESENTATION_CONTEXT(2) 
PARAMETRIC_REPRESENTATION_CONTEXT() REPRESENTATION_CONTEXT('2D SPACE',''
  ) );
#15587 = ORIENTED_EDGE('',*,*,#15094,.T.);
#15588 = ORIENTED_EDGE('',*,*,#15567,.T.);
#15589 = ADVANCED_FACE('',(#15590),#14530,.F.);
#15590 = FACE_BOUND('',#15591,.F.);
#15591 = EDGE_LOOP('',(#15592,#15593,#15614,#15615));
#15592 = ORIENTED_EDGE('',*,*,#14513,.F.);
#15593 = ORIENTED_EDGE('',*,*,#15594,.F.);
#15594 = EDGE_CURVE('',#15289,#14514,#15595,.T.);
#15595 = SEAM_CURVE('',#15596,(#15600,#15607),.PCURVE_S1.);
#15596 = LINE('',#15597,#15598);
#15597 = CARTESIAN_POINT('',(45.6,40.5,1.));
#15598 = VECTOR('',#15599,1.);
#15599 = DIRECTION('',(-0.470588235294,1.152608752139E-16,0.882352941176
    ));
#15600 = PCURVE('',#14530,#15601);
#15601 = DEFINITIONAL_REPRESENTATION('',(#15602),#15606);
#15602 = LINE('',#15603,#15604);
#15603 = CARTESIAN_POINT('',(-6.28318530718,0.));
#15604 = VECTOR('',#15605,1.);
#15605 = DIRECTION('',(-0.,-1.));
#15606 = ( GEOMETRIC_REPRESENTATION_CONTEXT(2) 
PARAMETRIC_REPRESENTATION_CONTEXT() REPRESENTATION_CONTEXT('2D SPACE',''
  ) );
#15607 = PCURVE('',#14530,#15608);
#15608 = DEFINITIONAL_REPRESENTATION('',(#15609),#15613);
#15609 = LINE('',#15610,#15611);
#15610 = CARTESIAN_POINT('',(0.,-0.));
#15611 = VECTOR('',#15612,1.);
#15612 = DIRECTION('',(-0.,-1.));
#15613 = ( GEOMETRIC_REPRESENTATION_CONTEXT(2) 
PARAMETRIC_REPRESENTATION_CONTEXT() REPRESENTATION_CONTEXT('2D SPACE',''
  ) );
#15614 = ORIENTED_EDGE('',*,*,#15288,.T.);
#15615 = ORIENTED_EDGE('',*,*,#15594,.T.);
#15616 = ADVANCED_FACE('',(#15617),#14585,.F.);
#15617 = FACE_BOUND('',#15618,.F.);
#15618 = EDGE_LOOP('',(#15619,#15620,#15641,#15642));
#15619 = ORIENTED_EDGE('',*,*,#14568,.F.);
#15620 = ORIENTED_EDGE('',*,*,#15621,.F.);
#15621 = EDGE_CURVE('',#15125,#14569,#15622,.T.);
#15622 = SEAM_CURVE('',#15623,(#15627,#15634),.PCURVE_S1.);
#15623 = LINE('',#15624,#15625);
#15624 = CARTESIAN_POINT('',(58.75,51.75,1.));
#15625 = VECTOR('',#15626,1.);
#15626 = DIRECTION('',(-0.470588235294,1.152608752139E-16,0.882352941176
    ));
#15627 = PCURVE('',#14585,#15628);
#15628 = DEFINITIONAL_REPRESENTATION('',(#15629),#15633);
#15629 = LINE('',#15630,#15631);
#15630 = CARTESIAN_POINT('',(-6.28318530718,0.));
#15631 = VECTOR('',#15632,1.);
#15632 = DIRECTION('',(-0.,-1.));
#15633 = ( GEOMETRIC_REPRESENTATION_CONTEXT(2) 
PARAMETRIC_REPRESENTATION_CONTEXT() REPRESENTATION_CONTEXT('2D SPACE',''
  ) );
#15634 = PCURVE('',#14585,#15635);
#15635 = DEFINITIONAL_REPRESENTATION('',(#15636),#15640);
#15636 = LINE('',#15637,#15638);
#15637 = CARTESIAN_POINT('',(0.,-0.));
#15638 = VECTOR('',#15639,1.);
#15639 = DIRECTION('',(-0.,-1.));
#15640 = ( GEOMETRIC_REPRESENTATION_CONTEXT(2) 
PARAMETRIC_REPRESENTATION_CONTEXT() REPRESENTATION_CONTEXT('2D SPACE',''
  ) );
#15641 = ORIENTED_EDGE('',*,*,#15124,.T.);
#15642 = ORIENTED_EDGE('',*,*,#15621,.T.);
#15643 = ADVANCED_FACE('',(#15644),#14860,.F.);
#15644 = FACE_BOUND('',#15645,.T.);
#15645 = EDGE_LOOP('',(#15646,#15647,#15670,#15692,#15693,#15694,#15695,
    #15696));
#15646 = ORIENTED_EDGE('',*,*,#14839,.T.);
#15647 = ORIENTED_EDGE('',*,*,#15648,.T.);
#15648 = EDGE_CURVE('',#14840,#15649,#15651,.T.);
#15649 = VERTEX_POINT('',#15650);
#15650 = CARTESIAN_POINT('',(-154.9,-53.25,1.));
#15651 = SEAM_CURVE('',#15652,(#15656,#15663),.PCURVE_S1.);
#15652 = LINE('',#15653,#15654);
#15653 = CARTESIAN_POINT('',(-154.9,-53.25,-1.));
#15654 = VECTOR('',#15655,1.);
#15655 = DIRECTION('',(0.,0.,1.));
#15656 = PCURVE('',#14860,#15657);
#15657 = DEFINITIONAL_REPRESENTATION('',(#15658),#15662);
#15658 = LINE('',#15659,#15660);
#15659 = CARTESIAN_POINT('',(-6.28318530718,0.));
#15660 = VECTOR('',#15661,1.);
#15661 = DIRECTION('',(-0.,-1.));
#15662 = ( GEOMETRIC_REPRESENTATION_CONTEXT(2) 
PARAMETRIC_REPRESENTATION_CONTEXT() REPRESENTATION_CONTEXT('2D SPACE',''
  ) );
#15663 = PCURVE('',#14860,#15664);
#15664 = DEFINITIONAL_REPRESENTATION('',(#15665),#15669);
#15665 = LINE('',#15666,#15667);
#15666 = CARTESIAN_POINT('',(-0.,0.));
#15667 = VECTOR('',#15668,1.);
#15668 = DIRECTION('',(-0.,-1.));
#15669 = ( GEOMETRIC_REPRESENTATION_CONTEXT(2) 
PARAMETRIC_REPRESENTATION_CONTEXT() REPRESENTATION_CONTEXT('2D SPACE',''
  ) );
#15670 = ORIENTED_EDGE('',*,*,#15671,.T.);
#15671 = EDGE_CURVE('',#15649,#15649,#15672,.T.);
#15672 = SURFACE_CURVE('',#15673,(#15678,#15685),.PCURVE_S1.);
#15673 = CIRCLE('',#15674,3.5);
#15674 = AXIS2_PLACEMENT_3D('',#15675,#15676,#15677);
#15675 = CARTESIAN_POINT('',(-158.4,-53.25,1.));
#15676 = DIRECTION('',(0.,0.,1.));
#15677 = DIRECTION('',(1.,0.,0.));
#15678 = PCURVE('',#14860,#15679);
#15679 = DEFINITIONAL_REPRESENTATION('',(#15680),#15684);
#15680 = LINE('',#15681,#15682);
#15681 = CARTESIAN_POINT('',(-0.,-2.));
#15682 = VECTOR('',#15683,1.);
#15683 = DIRECTION('',(-1.,0.));
#15684 = ( GEOMETRIC_REPRESENTATION_CONTEXT(2) 
PARAMETRIC_REPRESENTATION_CONTEXT() REPRESENTATION_CONTEXT('2D SPACE',''
  ) );
#15685 = PCURVE('',#15388,#15686);
#15686 = DEFINITIONAL_REPRESENTATION('',(#15687),#15691);
#15687 = CIRCLE('',#15688,3.5);
#15688 = AXIS2_PLACEMENT_2D('',#15689,#15690);
#15689 = CARTESIAN_POINT('',(0.,0.));
#15690 = DIRECTION('',(1.,0.));
#15691 = ( GEOMETRIC_REPRESENTATION_CONTEXT(2) 
PARAMETRIC_REPRESENTATION_CONTEXT() REPRESENTATION_CONTEXT('2D SPACE',''
  ) );
#15692 = ORIENTED_EDGE('',*,*,#15648,.F.);
#15693 = ORIENTED_EDGE('',*,*,#14872,.T.);
#15694 = ORIENTED_EDGE('',*,*,#15069,.T.);
#15695 = ORIENTED_EDGE('',*,*,#14925,.F.);
#15696 = ORIENTED_EDGE('',*,*,#15012,.F.);
#15697 = ADVANCED_FACE('',(#15698),#14996,.F.);
#15698 = FACE_BOUND('',#15699,.T.);
#15699 = EDGE_LOOP('',(#15700,#15701,#15722,#15723));
#15700 = ORIENTED_EDGE('',*,*,#14979,.F.);
#15701 = ORIENTED_EDGE('',*,*,#15702,.T.);
#15702 = EDGE_CURVE('',#14980,#15319,#15703,.T.);
#15703 = SEAM_CURVE('',#15704,(#15708,#15715),.PCURVE_S1.);
#15704 = LINE('',#15705,#15706);
#15705 = CARTESIAN_POINT('',(-150.425,-56.125,-1.));
#15706 = VECTOR('',#15707,1.);
#15707 = DIRECTION('',(0.,0.,1.));
#15708 = PCURVE('',#14996,#15709);
#15709 = DEFINITIONAL_REPRESENTATION('',(#15710),#15714);
#15710 = LINE('',#15711,#15712);
#15711 = CARTESIAN_POINT('',(-6.28318530718,0.));
#15712 = VECTOR('',#15713,1.);
#15713 = DIRECTION('',(-0.,-1.));
#15714 = ( GEOMETRIC_REPRESENTATION_CONTEXT(2) 
PARAMETRIC_REPRESENTATION_CONTEXT() REPRESENTATION_CONTEXT('2D SPACE',''
  ) );
#15715 = PCURVE('',#14996,#15716);
#15716 = DEFINITIONAL_REPRESENTATION('',(#15717),#15721);
#15717 = LINE('',#15718,#15719);
#15718 = CARTESIAN_POINT('',(-0.,0.));
#15719 = VECTOR('',#15720,1.);
#15720 = DIRECTION('',(-0.,-1.));
#15721 = ( GEOMETRIC_REPRESENTATION_CONTEXT(2) 
PARAMETRIC_REPRESENTATION_CONTEXT() REPRESENTATION_CONTEXT('2D SPACE',''
  ) );
#15722 = ORIENTED_EDGE('',*,*,#15318,.F.);
#15723 = ORIENTED_EDGE('',*,*,#15702,.F.);
#15724 = ADVANCED_FACE('',(#15725,#15728),#15388,.F.);
#15725 = FACE_BOUND('',#15726,.F.);
#15726 = EDGE_LOOP('',(#15727));
#15727 = ORIENTED_EDGE('',*,*,#15671,.T.);
#15728 = FACE_BOUND('',#15729,.F.);
#15729 = EDGE_LOOP('',(#15730));
#15730 = ORIENTED_EDGE('',*,*,#15373,.F.);
#15731 = ( GEOMETRIC_REPRESENTATION_CONTEXT(3) 
GLOBAL_UNCERTAINTY_ASSIGNED_CONTEXT((#15735)) 
GLOBAL_UNIT_ASSIGNED_CONTEXT((#15732,#15733,#15734)) 
REPRESENTATION_CONTEXT('Context #1',
  '3D Context with UNIT and UNCERTAINTY') );
#15732 = ( LENGTH_UNIT() NAMED_UNIT(*) SI_UNIT(.MILLI.,.METRE.) );
#15733 = ( NAMED_UNIT(*) PLANE_ANGLE_UNIT() SI_UNIT($,.RADIAN.) );
#15734 = ( NAMED_UNIT(*) SI_UNIT($,.STERADIAN.) SOLID_ANGLE_UNIT() );
#15735 = UNCERTAINTY_MEASURE_WITH_UNIT(LENGTH_MEASURE(1.E-07),#15732,
  'distance_accuracy_value','confusion accuracy');
#15736 = PRODUCT_RELATED_PRODUCT_CATEGORY('part',$,(#7));
ENDSEC;
END-ISO-10303-21;
